data_this_epoch,total_data_processed,epochs_processed,num_workers,time_since_start,done,timesteps_total,episodes_total,training_iteration,experiment_id,date,timestamp,time_this_iter_s,time_total_s,pid,hostname,node_ip,config,time_since_restore,timesteps_since_restore,iterations_since_restore,train_throughput,locations
640,640,0.0128,1,14.113396167755127,False,,,1,eae8d4e7bfd5441c9e0cb072b2c9a98b,2019-04-24_20-42-31,1556138551,7.528659343719482,7.528659343719482,11746,ip-172-31-95-70,172.31.95.70,"{'starting_lr': 0.1, 'momentum': 0.9, 'weight_decay': 0.0005, 'steps_per_iteration': None, 'pin': False, 'model_creator': None, 'target_batch_size': 64, 'model_string': 'resnet101', 'min_batch_size': 64, 'dataset': 'CIFAR', 'placement': [2, 2], 'use_nccl': False, 'devices_per_worker': 1, 'primary_resource': 'extra_gpu', 'gpu': False, 'verbose': False, 'trial_id': '50820075', 'batch_per_device': 64}",7.528659343719482,0,1,85.00727549065188,{'3653373259e149641d3dd8fe1501fac10cd71007': 1}
640,1280,0.0256,1,20.41529655456543,False,,,2,eae8d4e7bfd5441c9e0cb072b2c9a98b,2019-04-24_20-42-38,1556138558,6.2936999797821045,13.822359323501587,11746,ip-172-31-95-70,172.31.95.70,"{'starting_lr': 0.1, 'momentum': 0.9, 'weight_decay': 0.0005, 'steps_per_iteration': None, 'pin': False, 'model_creator': None, 'target_batch_size': 64, 'model_string': 'resnet101', 'min_batch_size': 64, 'dataset': 'CIFAR', 'placement': [2, 2], 'use_nccl': False, 'devices_per_worker': 1, 'primary_resource': 'extra_gpu', 'gpu': False, 'verbose': False, 'trial_id': '50820075', 'batch_per_device': 64}",13.822359323501587,0,2,92.6023244287525,{'3653373259e149641d3dd8fe1501fac10cd71007': 1}
640,1920,0.0384,1,26.58696460723877,False,,,3,eae8d4e7bfd5441c9e0cb072b2c9a98b,2019-04-24_20-42-44,1556138564,6.164498805999756,19.986858129501343,11746,ip-172-31-95-70,172.31.95.70,"{'starting_lr': 0.1, 'momentum': 0.9, 'weight_decay': 0.0005, 'steps_per_iteration': None, 'pin': False, 'model_creator': None, 'target_batch_size': 64, 'model_string': 'resnet101', 'min_batch_size': 64, 'dataset': 'CIFAR', 'placement': [2, 2], 'use_nccl': False, 'devices_per_worker': 1, 'primary_resource': 'extra_gpu', 'gpu': False, 'verbose': False, 'trial_id': '50820075', 'batch_per_device': 64}",19.986858129501343,0,3,102.74227108622836,{'3653373259e149641d3dd8fe1501fac10cd71007': 1}
640,2560,0.0512,1,32.79099106788635,False,,,4,eae8d4e7bfd5441c9e0cb072b2c9a98b,2019-04-24_20-42-50,1556138570,6.197064161300659,26.183922290802002,11746,ip-172-31-95-70,172.31.95.70,"{'starting_lr': 0.1, 'momentum': 0.9, 'weight_decay': 0.0005, 'steps_per_iteration': None, 'pin': False, 'model_creator': None, 'target_batch_size': 64, 'model_string': 'resnet101', 'min_batch_size': 64, 'dataset': 'CIFAR', 'placement': [2, 2], 'use_nccl': False, 'devices_per_worker': 1, 'primary_resource': 'extra_gpu', 'gpu': False, 'verbose': False, 'trial_id': '50820075', 'batch_per_device': 64}",26.183922290802002,0,4,103.54532479775841,{'3653373259e149641d3dd8fe1501fac10cd71007': 1}
640,3200,0.064,1,39.00038266181946,False,,,5,eae8d4e7bfd5441c9e0cb072b2c9a98b,2019-04-24_20-42-56,1556138576,6.202409982681274,32.386332273483276,11746,ip-172-31-95-70,172.31.95.70,"{'starting_lr': 0.1, 'momentum': 0.9, 'weight_decay': 0.0005, 'steps_per_iteration': None, 'pin': False, 'model_creator': None, 'target_batch_size': 64, 'model_string': 'resnet101', 'min_batch_size': 64, 'dataset': 'CIFAR', 'placement': [2, 2], 'use_nccl': False, 'devices_per_worker': 1, 'primary_resource': 'extra_gpu', 'gpu': False, 'verbose': False, 'trial_id': '50820075', 'batch_per_device': 64}",32.386332273483276,0,5,103.22877493511848,{'3653373259e149641d3dd8fe1501fac10cd71007': 1}
640,3840,0.0768,1,45.40616178512573,False,,,6,eae8d4e7bfd5441c9e0cb072b2c9a98b,2019-04-24_20-43-03,1556138583,6.3988037109375,38.785135984420776,11746,ip-172-31-95-70,172.31.95.70,"{'starting_lr': 0.1, 'momentum': 0.9, 'weight_decay': 0.0005, 'steps_per_iteration': None, 'pin': False, 'model_creator': None, 'target_batch_size': 64, 'model_string': 'resnet101', 'min_batch_size': 64, 'dataset': 'CIFAR', 'placement': [2, 2], 'use_nccl': False, 'devices_per_worker': 1, 'primary_resource': 'extra_gpu', 'gpu': False, 'verbose': False, 'trial_id': '50820075', 'batch_per_device': 64}",38.785135984420776,0,6,101.57625448741058,{'3653373259e149641d3dd8fe1501fac10cd71007': 1}
640,4480,0.0896,1,50.960904121398926,False,,,7,eae8d4e7bfd5441c9e0cb072b2c9a98b,2019-04-24_20-43-08,1556138588,5.547579288482666,44.33271527290344,11746,ip-172-31-95-70,172.31.95.70,"{'starting_lr': 0.1, 'momentum': 0.9, 'weight_decay': 0.0005, 'steps_per_iteration': None, 'pin': False, 'model_creator': None, 'target_batch_size': 64, 'model_string': 'resnet101', 'min_batch_size': 64, 'dataset': 'CIFAR', 'placement': [2, 2], 'use_nccl': False, 'devices_per_worker': 1, 'primary_resource': 'extra_gpu', 'gpu': False, 'verbose': False, 'trial_id': '50820075', 'batch_per_device': 64}",44.33271527290344,0,7,107.14393650907819,{'3653373259e149641d3dd8fe1501fac10cd71007': 1}
640,5120,0.1024,1,56.235230922698975,False,,,8,eae8d4e7bfd5441c9e0cb072b2c9a98b,2019-04-24_20-43-13,1556138593,5.267461538314819,49.60017681121826,11746,ip-172-31-95-70,172.31.95.70,"{'starting_lr': 0.1, 'momentum': 0.9, 'weight_decay': 0.0005, 'steps_per_iteration': None, 'pin': False, 'model_creator': None, 'target_batch_size': 64, 'model_string': 'resnet101', 'min_batch_size': 64, 'dataset': 'CIFAR', 'placement': [2, 2], 'use_nccl': False, 'devices_per_worker': 1, 'primary_resource': 'extra_gpu', 'gpu': False, 'verbose': False, 'trial_id': '50820075', 'batch_per_device': 64}",49.60017681121826,0,8,118.35198986398836,{'3653373259e149641d3dd8fe1501fac10cd71007': 1}
640,5760,0.1152,1,61.64923882484436,False,,,9,eae8d4e7bfd5441c9e0cb072b2c9a98b,2019-04-24_20-43-19,1556138599,5.405834436416626,55.00601124763489,11746,ip-172-31-95-70,172.31.95.70,"{'starting_lr': 0.1, 'momentum': 0.9, 'weight_decay': 0.0005, 'steps_per_iteration': None, 'pin': False, 'model_creator': None, 'target_batch_size': 64, 'model_string': 'resnet101', 'min_batch_size': 64, 'dataset': 'CIFAR', 'placement': [2, 2], 'use_nccl': False, 'devices_per_worker': 1, 'primary_resource': 'extra_gpu', 'gpu': False, 'verbose': False, 'trial_id': '50820075', 'batch_per_device': 64}",55.00601124763489,0,9,119.92377357951094,{'3653373259e149641d3dd8fe1501fac10cd71007': 1}
640,6400,0.128,1,66.92426872253418,False,,,10,eae8d4e7bfd5441c9e0cb072b2c9a98b,2019-04-24_20-43-24,1556138604,5.267956256866455,60.27396750450134,11746,ip-172-31-95-70,172.31.95.70,"{'starting_lr': 0.1, 'momentum': 0.9, 'weight_decay': 0.0005, 'steps_per_iteration': None, 'pin': False, 'model_creator': None, 'target_batch_size': 64, 'model_string': 'resnet101', 'min_batch_size': 64, 'dataset': 'CIFAR', 'placement': [2, 2], 'use_nccl': False, 'devices_per_worker': 1, 'primary_resource': 'extra_gpu', 'gpu': False, 'verbose': False, 'trial_id': '50820075', 'batch_per_device': 64}",60.27396750450134,0,10,119.91808407291664,{'3653373259e149641d3dd8fe1501fac10cd71007': 1}
640,7040,0.1408,1,72.29035019874573,False,,,11,eae8d4e7bfd5441c9e0cb072b2c9a98b,2019-04-24_20-43-30,1556138610,5.358994007110596,65.63296151161194,11746,ip-172-31-95-70,172.31.95.70,"{'starting_lr': 0.1, 'momentum': 0.9, 'weight_decay': 0.0005, 'steps_per_iteration': None, 'pin': False, 'model_creator': None, 'target_batch_size': 64, 'model_string': 'resnet101', 'min_batch_size': 64, 'dataset': 'CIFAR', 'placement': [2, 2], 'use_nccl': False, 'devices_per_worker': 1, 'primary_resource': 'extra_gpu', 'gpu': False, 'verbose': False, 'trial_id': '50820075', 'batch_per_device': 64}",65.63296151161194,0,11,120.44660674282233,{'3653373259e149641d3dd8fe1501fac10cd71007': 1}
640,7680,0.1536,1,77.53830361366272,False,,,12,eae8d4e7bfd5441c9e0cb072b2c9a98b,2019-04-24_20-43-35,1556138615,5.240906238555908,70.87386775016785,11746,ip-172-31-95-70,172.31.95.70,"{'starting_lr': 0.1, 'momentum': 0.9, 'weight_decay': 0.0005, 'steps_per_iteration': None, 'pin': False, 'model_creator': None, 'target_batch_size': 64, 'model_string': 'resnet101', 'min_batch_size': 64, 'dataset': 'CIFAR', 'placement': [2, 2], 'use_nccl': False, 'devices_per_worker': 1, 'primary_resource': 'extra_gpu', 'gpu': False, 'verbose': False, 'trial_id': '50820075', 'batch_per_device': 64}",70.87386775016785,0,12,120.75410152652566,{'3653373259e149641d3dd8fe1501fac10cd71007': 1}
640,8320,0.1664,1,82.72934746742249,False,,,13,eae8d4e7bfd5441c9e0cb072b2c9a98b,2019-04-24_20-43-40,1556138620,5.183743238449097,76.05761098861694,11746,ip-172-31-95-70,172.31.95.70,"{'starting_lr': 0.1, 'momentum': 0.9, 'weight_decay': 0.0005, 'steps_per_iteration': None, 'pin': False, 'model_creator': None, 'target_batch_size': 64, 'model_string': 'resnet101', 'min_batch_size': 64, 'dataset': 'CIFAR', 'placement': [2, 2], 'use_nccl': False, 'devices_per_worker': 1, 'primary_resource': 'extra_gpu', 'gpu': False, 'verbose': False, 'trial_id': '50820075', 'batch_per_device': 64}",76.05761098861694,0,13,122.78408055767348,{'3653373259e149641d3dd8fe1501fac10cd71007': 1}
640,8960,0.1792,1,87.98981070518494,False,,,14,eae8d4e7bfd5441c9e0cb072b2c9a98b,2019-04-24_20-43-45,1556138625,5.2535741329193115,81.31118512153625,11746,ip-172-31-95-70,172.31.95.70,"{'starting_lr': 0.1, 'momentum': 0.9, 'weight_decay': 0.0005, 'steps_per_iteration': None, 'pin': False, 'model_creator': None, 'target_batch_size': 64, 'model_string': 'resnet101', 'min_batch_size': 64, 'dataset': 'CIFAR', 'placement': [2, 2], 'use_nccl': False, 'devices_per_worker': 1, 'primary_resource': 'extra_gpu', 'gpu': False, 'verbose': False, 'trial_id': '50820075', 'batch_per_device': 64}",81.31118512153625,0,14,122.63500226403926,{'3653373259e149641d3dd8fe1501fac10cd71007': 1}
640,9600,0.192,1,93.13626503944397,False,,,15,eae8d4e7bfd5441c9e0cb072b2c9a98b,2019-04-24_20-43-50,1556138630,5.13941764831543,86.45060276985168,11746,ip-172-31-95-70,172.31.95.70,"{'starting_lr': 0.1, 'momentum': 0.9, 'weight_decay': 0.0005, 'steps_per_iteration': None, 'pin': False, 'model_creator': None, 'target_batch_size': 64, 'model_string': 'resnet101', 'min_batch_size': 64, 'dataset': 'CIFAR', 'placement': [2, 2], 'use_nccl': False, 'devices_per_worker': 1, 'primary_resource': 'extra_gpu', 'gpu': False, 'verbose': False, 'trial_id': '50820075', 'batch_per_device': 64}",86.45060276985168,0,15,123.1581196211608,{'3653373259e149641d3dd8fe1501fac10cd71007': 1}
640,10240,0.2048,1,98.30971884727478,False,,,16,eae8d4e7bfd5441c9e0cb072b2c9a98b,2019-04-24_20-43-56,1556138636,5.166559219360352,91.61716198921204,11746,ip-172-31-95-70,172.31.95.70,"{'starting_lr': 0.1, 'momentum': 0.9, 'weight_decay': 0.0005, 'steps_per_iteration': None, 'pin': False, 'model_creator': None, 'target_batch_size': 64, 'model_string': 'resnet101', 'min_batch_size': 64, 'dataset': 'CIFAR', 'placement': [2, 2], 'use_nccl': False, 'devices_per_worker': 1, 'primary_resource': 'extra_gpu', 'gpu': False, 'verbose': False, 'trial_id': '50820075', 'batch_per_device': 64}",91.61716198921204,0,16,124.19792962007439,{'3653373259e149641d3dd8fe1501fac10cd71007': 1}
640,10880,0.2176,1,103.45463538169861,False,,,17,eae8d4e7bfd5441c9e0cb072b2c9a98b,2019-04-24_20-44-01,1556138641,5.137629747390747,96.75479173660278,11746,ip-172-31-95-70,172.31.95.70,"{'starting_lr': 0.1, 'momentum': 0.9, 'weight_decay': 0.0005, 'steps_per_iteration': None, 'pin': False, 'model_creator': None, 'target_batch_size': 64, 'model_string': 'resnet101', 'min_batch_size': 64, 'dataset': 'CIFAR', 'placement': [2, 2], 'use_nccl': False, 'devices_per_worker': 1, 'primary_resource': 'extra_gpu', 'gpu': False, 'verbose': False, 'trial_id': '50820075', 'batch_per_device': 64}",96.75479173660278,0,17,124.21936991938908,{'3653373259e149641d3dd8fe1501fac10cd71007': 1}
640,11520,0.2304,1,108.48636937141418,False,,,18,eae8d4e7bfd5441c9e0cb072b2c9a98b,2019-04-24_20-44-06,1556138646,5.024710178375244,101.77950191497803,11746,ip-172-31-95-70,172.31.95.70,"{'starting_lr': 0.1, 'momentum': 0.9, 'weight_decay': 0.0005, 'steps_per_iteration': None, 'pin': False, 'model_creator': None, 'target_batch_size': 64, 'model_string': 'resnet101', 'min_batch_size': 64, 'dataset': 'CIFAR', 'placement': [2, 2], 'use_nccl': False, 'devices_per_worker': 1, 'primary_resource': 'extra_gpu', 'gpu': False, 'verbose': False, 'trial_id': '50820075', 'batch_per_device': 64}",101.77950191497803,0,18,125.95329912882939,{'3653373259e149641d3dd8fe1501fac10cd71007': 1}
640,12160,0.2432,1,113.42414999008179,False,,,19,eae8d4e7bfd5441c9e0cb072b2c9a98b,2019-04-24_20-44-11,1556138651,4.930668592453003,106.71017050743103,11746,ip-172-31-95-70,172.31.95.70,"{'starting_lr': 0.1, 'momentum': 0.9, 'weight_decay': 0.0005, 'steps_per_iteration': None, 'pin': False, 'model_creator': None, 'target_batch_size': 64, 'model_string': 'resnet101', 'min_batch_size': 64, 'dataset': 'CIFAR', 'placement': [2, 2], 'use_nccl': False, 'devices_per_worker': 1, 'primary_resource': 'extra_gpu', 'gpu': False, 'verbose': False, 'trial_id': '50820075', 'batch_per_device': 64}",106.71017050743103,0,19,128.57168871885992,{'3653373259e149641d3dd8fe1501fac10cd71007': 1}
640,12800,0.256,1,118.55997967720032,False,,,20,eae8d4e7bfd5441c9e0cb072b2c9a98b,2019-04-24_20-44-16,1556138656,5.044370889663696,111.75454139709473,11746,ip-172-31-95-70,172.31.95.70,"{'starting_lr': 0.1, 'momentum': 0.9, 'weight_decay': 0.0005, 'steps_per_iteration': None, 'pin': False, 'model_creator': None, 'target_batch_size': 64, 'model_string': 'resnet101', 'min_batch_size': 64, 'dataset': 'CIFAR', 'placement': [2, 2], 'use_nccl': False, 'devices_per_worker': 1, 'primary_resource': 'extra_gpu', 'gpu': False, 'verbose': False, 'trial_id': '50820075', 'batch_per_device': 64}",111.75454139709473,0,20,128.31819627184493,{'3653373259e149641d3dd8fe1501fac10cd71007': 1}
640,13440,0.2688,1,123.60190224647522,True,,,21,eae8d4e7bfd5441c9e0cb072b2c9a98b,2019-04-24_20-44-21,1556138661,5.034740686416626,116.78928208351135,11746,ip-172-31-95-70,172.31.95.70,"{'starting_lr': 0.1, 'momentum': 0.9, 'weight_decay': 0.0005, 'steps_per_iteration': None, 'pin': False, 'model_creator': None, 'target_batch_size': 64, 'model_string': 'resnet101', 'min_batch_size': 64, 'dataset': 'CIFAR', 'placement': [2, 2], 'use_nccl': False, 'devices_per_worker': 1, 'primary_resource': 'extra_gpu', 'gpu': False, 'verbose': False, 'trial_id': '50820075', 'batch_per_device': 64}",116.78928208351135,0,21,126.99301595186351,{'3653373259e149641d3dd8fe1501fac10cd71007': 1}
