{"data_this_epoch": 640, "total_data_processed": 640, "epochs_processed": 0.0128, "num_workers": 1, "time_since_start": 14.113396167755127, "done": false, "timesteps_total": null, "episodes_total": null, "training_iteration": 1, "experiment_id": "eae8d4e7bfd5441c9e0cb072b2c9a98b", "date": "2019-04-24_20-42-31", "timestamp": 1556138551, "time_this_iter_s": 7.528659343719482, "time_total_s": 7.528659343719482, "pid": 11746, "hostname": "ip-172-31-95-70", "node_ip": "172.31.95.70", "config": {"starting_lr": 0.1, "momentum": 0.9, "weight_decay": 0.0005, "steps_per_iteration": null, "pin": false, "model_creator": null, "target_batch_size": 64, "model_string": "resnet101", "min_batch_size": 64, "dataset": "CIFAR", "placement": [2, 2], "use_nccl": false, "devices_per_worker": 1, "primary_resource": "extra_gpu", "gpu": false, "verbose": false, "trial_id": "50820075", "batch_per_device": 64}, "time_since_restore": 7.528659343719482, "timesteps_since_restore": 0, "iterations_since_restore": 1, "train_throughput": 85.00727549065188, "locations": {"3653373259e149641d3dd8fe1501fac10cd71007": 1}}
{"data_this_epoch": 640, "total_data_processed": 1280, "epochs_processed": 0.0256, "num_workers": 1, "time_since_start": 20.41529655456543, "done": false, "timesteps_total": null, "episodes_total": null, "training_iteration": 2, "experiment_id": "eae8d4e7bfd5441c9e0cb072b2c9a98b", "date": "2019-04-24_20-42-38", "timestamp": 1556138558, "time_this_iter_s": 6.2936999797821045, "time_total_s": 13.822359323501587, "pid": 11746, "hostname": "ip-172-31-95-70", "node_ip": "172.31.95.70", "config": {"starting_lr": 0.1, "momentum": 0.9, "weight_decay": 0.0005, "steps_per_iteration": null, "pin": false, "model_creator": null, "target_batch_size": 64, "model_string": "resnet101", "min_batch_size": 64, "dataset": "CIFAR", "placement": [2, 2], "use_nccl": false, "devices_per_worker": 1, "primary_resource": "extra_gpu", "gpu": false, "verbose": false, "trial_id": "50820075", "batch_per_device": 64}, "time_since_restore": 13.822359323501587, "timesteps_since_restore": 0, "iterations_since_restore": 2, "train_throughput": 92.6023244287525, "locations": {"3653373259e149641d3dd8fe1501fac10cd71007": 1}}
{"data_this_epoch": 640, "total_data_processed": 1920, "epochs_processed": 0.0384, "num_workers": 1, "time_since_start": 26.58696460723877, "done": false, "timesteps_total": null, "episodes_total": null, "training_iteration": 3, "experiment_id": "eae8d4e7bfd5441c9e0cb072b2c9a98b", "date": "2019-04-24_20-42-44", "timestamp": 1556138564, "time_this_iter_s": 6.164498805999756, "time_total_s": 19.986858129501343, "pid": 11746, "hostname": "ip-172-31-95-70", "node_ip": "172.31.95.70", "config": {"starting_lr": 0.1, "momentum": 0.9, "weight_decay": 0.0005, "steps_per_iteration": null, "pin": false, "model_creator": null, "target_batch_size": 64, "model_string": "resnet101", "min_batch_size": 64, "dataset": "CIFAR", "placement": [2, 2], "use_nccl": false, "devices_per_worker": 1, "primary_resource": "extra_gpu", "gpu": false, "verbose": false, "trial_id": "50820075", "batch_per_device": 64}, "time_since_restore": 19.986858129501343, "timesteps_since_restore": 0, "iterations_since_restore": 3, "train_throughput": 102.74227108622836, "locations": {"3653373259e149641d3dd8fe1501fac10cd71007": 1}}
{"data_this_epoch": 640, "total_data_processed": 2560, "epochs_processed": 0.0512, "num_workers": 1, "time_since_start": 32.79099106788635, "done": false, "timesteps_total": null, "episodes_total": null, "training_iteration": 4, "experiment_id": "eae8d4e7bfd5441c9e0cb072b2c9a98b", "date": "2019-04-24_20-42-50", "timestamp": 1556138570, "time_this_iter_s": 6.197064161300659, "time_total_s": 26.183922290802002, "pid": 11746, "hostname": "ip-172-31-95-70", "node_ip": "172.31.95.70", "config": {"starting_lr": 0.1, "momentum": 0.9, "weight_decay": 0.0005, "steps_per_iteration": null, "pin": false, "model_creator": null, "target_batch_size": 64, "model_string": "resnet101", "min_batch_size": 64, "dataset": "CIFAR", "placement": [2, 2], "use_nccl": false, "devices_per_worker": 1, "primary_resource": "extra_gpu", "gpu": false, "verbose": false, "trial_id": "50820075", "batch_per_device": 64}, "time_since_restore": 26.183922290802002, "timesteps_since_restore": 0, "iterations_since_restore": 4, "train_throughput": 103.54532479775841, "locations": {"3653373259e149641d3dd8fe1501fac10cd71007": 1}}
{"data_this_epoch": 640, "total_data_processed": 3200, "epochs_processed": 0.064, "num_workers": 1, "time_since_start": 39.00038266181946, "done": false, "timesteps_total": null, "episodes_total": null, "training_iteration": 5, "experiment_id": "eae8d4e7bfd5441c9e0cb072b2c9a98b", "date": "2019-04-24_20-42-56", "timestamp": 1556138576, "time_this_iter_s": 6.202409982681274, "time_total_s": 32.386332273483276, "pid": 11746, "hostname": "ip-172-31-95-70", "node_ip": "172.31.95.70", "config": {"starting_lr": 0.1, "momentum": 0.9, "weight_decay": 0.0005, "steps_per_iteration": null, "pin": false, "model_creator": null, "target_batch_size": 64, "model_string": "resnet101", "min_batch_size": 64, "dataset": "CIFAR", "placement": [2, 2], "use_nccl": false, "devices_per_worker": 1, "primary_resource": "extra_gpu", "gpu": false, "verbose": false, "trial_id": "50820075", "batch_per_device": 64}, "time_since_restore": 32.386332273483276, "timesteps_since_restore": 0, "iterations_since_restore": 5, "train_throughput": 103.22877493511848, "locations": {"3653373259e149641d3dd8fe1501fac10cd71007": 1}}
{"data_this_epoch": 640, "total_data_processed": 3840, "epochs_processed": 0.0768, "num_workers": 1, "time_since_start": 45.40616178512573, "done": false, "timesteps_total": null, "episodes_total": null, "training_iteration": 6, "experiment_id": "eae8d4e7bfd5441c9e0cb072b2c9a98b", "date": "2019-04-24_20-43-03", "timestamp": 1556138583, "time_this_iter_s": 6.3988037109375, "time_total_s": 38.785135984420776, "pid": 11746, "hostname": "ip-172-31-95-70", "node_ip": "172.31.95.70", "config": {"starting_lr": 0.1, "momentum": 0.9, "weight_decay": 0.0005, "steps_per_iteration": null, "pin": false, "model_creator": null, "target_batch_size": 64, "model_string": "resnet101", "min_batch_size": 64, "dataset": "CIFAR", "placement": [2, 2], "use_nccl": false, "devices_per_worker": 1, "primary_resource": "extra_gpu", "gpu": false, "verbose": false, "trial_id": "50820075", "batch_per_device": 64}, "time_since_restore": 38.785135984420776, "timesteps_since_restore": 0, "iterations_since_restore": 6, "train_throughput": 101.57625448741058, "locations": {"3653373259e149641d3dd8fe1501fac10cd71007": 1}}
{"data_this_epoch": 640, "total_data_processed": 4480, "epochs_processed": 0.0896, "num_workers": 1, "time_since_start": 50.960904121398926, "done": false, "timesteps_total": null, "episodes_total": null, "training_iteration": 7, "experiment_id": "eae8d4e7bfd5441c9e0cb072b2c9a98b", "date": "2019-04-24_20-43-08", "timestamp": 1556138588, "time_this_iter_s": 5.547579288482666, "time_total_s": 44.33271527290344, "pid": 11746, "hostname": "ip-172-31-95-70", "node_ip": "172.31.95.70", "config": {"starting_lr": 0.1, "momentum": 0.9, "weight_decay": 0.0005, "steps_per_iteration": null, "pin": false, "model_creator": null, "target_batch_size": 64, "model_string": "resnet101", "min_batch_size": 64, "dataset": "CIFAR", "placement": [2, 2], "use_nccl": false, "devices_per_worker": 1, "primary_resource": "extra_gpu", "gpu": false, "verbose": false, "trial_id": "50820075", "batch_per_device": 64}, "time_since_restore": 44.33271527290344, "timesteps_since_restore": 0, "iterations_since_restore": 7, "train_throughput": 107.14393650907819, "locations": {"3653373259e149641d3dd8fe1501fac10cd71007": 1}}
{"data_this_epoch": 640, "total_data_processed": 5120, "epochs_processed": 0.1024, "num_workers": 1, "time_since_start": 56.235230922698975, "done": false, "timesteps_total": null, "episodes_total": null, "training_iteration": 8, "experiment_id": "eae8d4e7bfd5441c9e0cb072b2c9a98b", "date": "2019-04-24_20-43-13", "timestamp": 1556138593, "time_this_iter_s": 5.267461538314819, "time_total_s": 49.60017681121826, "pid": 11746, "hostname": "ip-172-31-95-70", "node_ip": "172.31.95.70", "config": {"starting_lr": 0.1, "momentum": 0.9, "weight_decay": 0.0005, "steps_per_iteration": null, "pin": false, "model_creator": null, "target_batch_size": 64, "model_string": "resnet101", "min_batch_size": 64, "dataset": "CIFAR", "placement": [2, 2], "use_nccl": false, "devices_per_worker": 1, "primary_resource": "extra_gpu", "gpu": false, "verbose": false, "trial_id": "50820075", "batch_per_device": 64}, "time_since_restore": 49.60017681121826, "timesteps_since_restore": 0, "iterations_since_restore": 8, "train_throughput": 118.35198986398836, "locations": {"3653373259e149641d3dd8fe1501fac10cd71007": 1}}
{"data_this_epoch": 640, "total_data_processed": 5760, "epochs_processed": 0.1152, "num_workers": 1, "time_since_start": 61.64923882484436, "done": false, "timesteps_total": null, "episodes_total": null, "training_iteration": 9, "experiment_id": "eae8d4e7bfd5441c9e0cb072b2c9a98b", "date": "2019-04-24_20-43-19", "timestamp": 1556138599, "time_this_iter_s": 5.405834436416626, "time_total_s": 55.00601124763489, "pid": 11746, "hostname": "ip-172-31-95-70", "node_ip": "172.31.95.70", "config": {"starting_lr": 0.1, "momentum": 0.9, "weight_decay": 0.0005, "steps_per_iteration": null, "pin": false, "model_creator": null, "target_batch_size": 64, "model_string": "resnet101", "min_batch_size": 64, "dataset": "CIFAR", "placement": [2, 2], "use_nccl": false, "devices_per_worker": 1, "primary_resource": "extra_gpu", "gpu": false, "verbose": false, "trial_id": "50820075", "batch_per_device": 64}, "time_since_restore": 55.00601124763489, "timesteps_since_restore": 0, "iterations_since_restore": 9, "train_throughput": 119.92377357951094, "locations": {"3653373259e149641d3dd8fe1501fac10cd71007": 1}}
{"data_this_epoch": 640, "total_data_processed": 6400, "epochs_processed": 0.128, "num_workers": 1, "time_since_start": 66.92426872253418, "done": false, "timesteps_total": null, "episodes_total": null, "training_iteration": 10, "experiment_id": "eae8d4e7bfd5441c9e0cb072b2c9a98b", "date": "2019-04-24_20-43-24", "timestamp": 1556138604, "time_this_iter_s": 5.267956256866455, "time_total_s": 60.27396750450134, "pid": 11746, "hostname": "ip-172-31-95-70", "node_ip": "172.31.95.70", "config": {"starting_lr": 0.1, "momentum": 0.9, "weight_decay": 0.0005, "steps_per_iteration": null, "pin": false, "model_creator": null, "target_batch_size": 64, "model_string": "resnet101", "min_batch_size": 64, "dataset": "CIFAR", "placement": [2, 2], "use_nccl": false, "devices_per_worker": 1, "primary_resource": "extra_gpu", "gpu": false, "verbose": false, "trial_id": "50820075", "batch_per_device": 64}, "time_since_restore": 60.27396750450134, "timesteps_since_restore": 0, "iterations_since_restore": 10, "train_throughput": 119.91808407291664, "locations": {"3653373259e149641d3dd8fe1501fac10cd71007": 1}}
{"data_this_epoch": 640, "total_data_processed": 7040, "epochs_processed": 0.1408, "num_workers": 1, "time_since_start": 72.29035019874573, "done": false, "timesteps_total": null, "episodes_total": null, "training_iteration": 11, "experiment_id": "eae8d4e7bfd5441c9e0cb072b2c9a98b", "date": "2019-04-24_20-43-30", "timestamp": 1556138610, "time_this_iter_s": 5.358994007110596, "time_total_s": 65.63296151161194, "pid": 11746, "hostname": "ip-172-31-95-70", "node_ip": "172.31.95.70", "config": {"starting_lr": 0.1, "momentum": 0.9, "weight_decay": 0.0005, "steps_per_iteration": null, "pin": false, "model_creator": null, "target_batch_size": 64, "model_string": "resnet101", "min_batch_size": 64, "dataset": "CIFAR", "placement": [2, 2], "use_nccl": false, "devices_per_worker": 1, "primary_resource": "extra_gpu", "gpu": false, "verbose": false, "trial_id": "50820075", "batch_per_device": 64}, "time_since_restore": 65.63296151161194, "timesteps_since_restore": 0, "iterations_since_restore": 11, "train_throughput": 120.44660674282233, "locations": {"3653373259e149641d3dd8fe1501fac10cd71007": 1}}
{"data_this_epoch": 640, "total_data_processed": 7680, "epochs_processed": 0.1536, "num_workers": 1, "time_since_start": 77.53830361366272, "done": false, "timesteps_total": null, "episodes_total": null, "training_iteration": 12, "experiment_id": "eae8d4e7bfd5441c9e0cb072b2c9a98b", "date": "2019-04-24_20-43-35", "timestamp": 1556138615, "time_this_iter_s": 5.240906238555908, "time_total_s": 70.87386775016785, "pid": 11746, "hostname": "ip-172-31-95-70", "node_ip": "172.31.95.70", "config": {"starting_lr": 0.1, "momentum": 0.9, "weight_decay": 0.0005, "steps_per_iteration": null, "pin": false, "model_creator": null, "target_batch_size": 64, "model_string": "resnet101", "min_batch_size": 64, "dataset": "CIFAR", "placement": [2, 2], "use_nccl": false, "devices_per_worker": 1, "primary_resource": "extra_gpu", "gpu": false, "verbose": false, "trial_id": "50820075", "batch_per_device": 64}, "time_since_restore": 70.87386775016785, "timesteps_since_restore": 0, "iterations_since_restore": 12, "train_throughput": 120.75410152652566, "locations": {"3653373259e149641d3dd8fe1501fac10cd71007": 1}}
{"data_this_epoch": 640, "total_data_processed": 8320, "epochs_processed": 0.1664, "num_workers": 1, "time_since_start": 82.72934746742249, "done": false, "timesteps_total": null, "episodes_total": null, "training_iteration": 13, "experiment_id": "eae8d4e7bfd5441c9e0cb072b2c9a98b", "date": "2019-04-24_20-43-40", "timestamp": 1556138620, "time_this_iter_s": 5.183743238449097, "time_total_s": 76.05761098861694, "pid": 11746, "hostname": "ip-172-31-95-70", "node_ip": "172.31.95.70", "config": {"starting_lr": 0.1, "momentum": 0.9, "weight_decay": 0.0005, "steps_per_iteration": null, "pin": false, "model_creator": null, "target_batch_size": 64, "model_string": "resnet101", "min_batch_size": 64, "dataset": "CIFAR", "placement": [2, 2], "use_nccl": false, "devices_per_worker": 1, "primary_resource": "extra_gpu", "gpu": false, "verbose": false, "trial_id": "50820075", "batch_per_device": 64}, "time_since_restore": 76.05761098861694, "timesteps_since_restore": 0, "iterations_since_restore": 13, "train_throughput": 122.78408055767348, "locations": {"3653373259e149641d3dd8fe1501fac10cd71007": 1}}
{"data_this_epoch": 640, "total_data_processed": 8960, "epochs_processed": 0.1792, "num_workers": 1, "time_since_start": 87.98981070518494, "done": false, "timesteps_total": null, "episodes_total": null, "training_iteration": 14, "experiment_id": "eae8d4e7bfd5441c9e0cb072b2c9a98b", "date": "2019-04-24_20-43-45", "timestamp": 1556138625, "time_this_iter_s": 5.2535741329193115, "time_total_s": 81.31118512153625, "pid": 11746, "hostname": "ip-172-31-95-70", "node_ip": "172.31.95.70", "config": {"starting_lr": 0.1, "momentum": 0.9, "weight_decay": 0.0005, "steps_per_iteration": null, "pin": false, "model_creator": null, "target_batch_size": 64, "model_string": "resnet101", "min_batch_size": 64, "dataset": "CIFAR", "placement": [2, 2], "use_nccl": false, "devices_per_worker": 1, "primary_resource": "extra_gpu", "gpu": false, "verbose": false, "trial_id": "50820075", "batch_per_device": 64}, "time_since_restore": 81.31118512153625, "timesteps_since_restore": 0, "iterations_since_restore": 14, "train_throughput": 122.63500226403926, "locations": {"3653373259e149641d3dd8fe1501fac10cd71007": 1}}
{"data_this_epoch": 640, "total_data_processed": 9600, "epochs_processed": 0.192, "num_workers": 1, "time_since_start": 93.13626503944397, "done": false, "timesteps_total": null, "episodes_total": null, "training_iteration": 15, "experiment_id": "eae8d4e7bfd5441c9e0cb072b2c9a98b", "date": "2019-04-24_20-43-50", "timestamp": 1556138630, "time_this_iter_s": 5.13941764831543, "time_total_s": 86.45060276985168, "pid": 11746, "hostname": "ip-172-31-95-70", "node_ip": "172.31.95.70", "config": {"starting_lr": 0.1, "momentum": 0.9, "weight_decay": 0.0005, "steps_per_iteration": null, "pin": false, "model_creator": null, "target_batch_size": 64, "model_string": "resnet101", "min_batch_size": 64, "dataset": "CIFAR", "placement": [2, 2], "use_nccl": false, "devices_per_worker": 1, "primary_resource": "extra_gpu", "gpu": false, "verbose": false, "trial_id": "50820075", "batch_per_device": 64}, "time_since_restore": 86.45060276985168, "timesteps_since_restore": 0, "iterations_since_restore": 15, "train_throughput": 123.1581196211608, "locations": {"3653373259e149641d3dd8fe1501fac10cd71007": 1}}
{"data_this_epoch": 640, "total_data_processed": 10240, "epochs_processed": 0.2048, "num_workers": 1, "time_since_start": 98.30971884727478, "done": false, "timesteps_total": null, "episodes_total": null, "training_iteration": 16, "experiment_id": "eae8d4e7bfd5441c9e0cb072b2c9a98b", "date": "2019-04-24_20-43-56", "timestamp": 1556138636, "time_this_iter_s": 5.166559219360352, "time_total_s": 91.61716198921204, "pid": 11746, "hostname": "ip-172-31-95-70", "node_ip": "172.31.95.70", "config": {"starting_lr": 0.1, "momentum": 0.9, "weight_decay": 0.0005, "steps_per_iteration": null, "pin": false, "model_creator": null, "target_batch_size": 64, "model_string": "resnet101", "min_batch_size": 64, "dataset": "CIFAR", "placement": [2, 2], "use_nccl": false, "devices_per_worker": 1, "primary_resource": "extra_gpu", "gpu": false, "verbose": false, "trial_id": "50820075", "batch_per_device": 64}, "time_since_restore": 91.61716198921204, "timesteps_since_restore": 0, "iterations_since_restore": 16, "train_throughput": 124.19792962007439, "locations": {"3653373259e149641d3dd8fe1501fac10cd71007": 1}}
{"data_this_epoch": 640, "total_data_processed": 10880, "epochs_processed": 0.2176, "num_workers": 1, "time_since_start": 103.45463538169861, "done": false, "timesteps_total": null, "episodes_total": null, "training_iteration": 17, "experiment_id": "eae8d4e7bfd5441c9e0cb072b2c9a98b", "date": "2019-04-24_20-44-01", "timestamp": 1556138641, "time_this_iter_s": 5.137629747390747, "time_total_s": 96.75479173660278, "pid": 11746, "hostname": "ip-172-31-95-70", "node_ip": "172.31.95.70", "config": {"starting_lr": 0.1, "momentum": 0.9, "weight_decay": 0.0005, "steps_per_iteration": null, "pin": false, "model_creator": null, "target_batch_size": 64, "model_string": "resnet101", "min_batch_size": 64, "dataset": "CIFAR", "placement": [2, 2], "use_nccl": false, "devices_per_worker": 1, "primary_resource": "extra_gpu", "gpu": false, "verbose": false, "trial_id": "50820075", "batch_per_device": 64}, "time_since_restore": 96.75479173660278, "timesteps_since_restore": 0, "iterations_since_restore": 17, "train_throughput": 124.21936991938908, "locations": {"3653373259e149641d3dd8fe1501fac10cd71007": 1}}
{"data_this_epoch": 640, "total_data_processed": 11520, "epochs_processed": 0.2304, "num_workers": 1, "time_since_start": 108.48636937141418, "done": false, "timesteps_total": null, "episodes_total": null, "training_iteration": 18, "experiment_id": "eae8d4e7bfd5441c9e0cb072b2c9a98b", "date": "2019-04-24_20-44-06", "timestamp": 1556138646, "time_this_iter_s": 5.024710178375244, "time_total_s": 101.77950191497803, "pid": 11746, "hostname": "ip-172-31-95-70", "node_ip": "172.31.95.70", "config": {"starting_lr": 0.1, "momentum": 0.9, "weight_decay": 0.0005, "steps_per_iteration": null, "pin": false, "model_creator": null, "target_batch_size": 64, "model_string": "resnet101", "min_batch_size": 64, "dataset": "CIFAR", "placement": [2, 2], "use_nccl": false, "devices_per_worker": 1, "primary_resource": "extra_gpu", "gpu": false, "verbose": false, "trial_id": "50820075", "batch_per_device": 64}, "time_since_restore": 101.77950191497803, "timesteps_since_restore": 0, "iterations_since_restore": 18, "train_throughput": 125.95329912882939, "locations": {"3653373259e149641d3dd8fe1501fac10cd71007": 1}}
{"data_this_epoch": 640, "total_data_processed": 12160, "epochs_processed": 0.2432, "num_workers": 1, "time_since_start": 113.42414999008179, "done": false, "timesteps_total": null, "episodes_total": null, "training_iteration": 19, "experiment_id": "eae8d4e7bfd5441c9e0cb072b2c9a98b", "date": "2019-04-24_20-44-11", "timestamp": 1556138651, "time_this_iter_s": 4.930668592453003, "time_total_s": 106.71017050743103, "pid": 11746, "hostname": "ip-172-31-95-70", "node_ip": "172.31.95.70", "config": {"starting_lr": 0.1, "momentum": 0.9, "weight_decay": 0.0005, "steps_per_iteration": null, "pin": false, "model_creator": null, "target_batch_size": 64, "model_string": "resnet101", "min_batch_size": 64, "dataset": "CIFAR", "placement": [2, 2], "use_nccl": false, "devices_per_worker": 1, "primary_resource": "extra_gpu", "gpu": false, "verbose": false, "trial_id": "50820075", "batch_per_device": 64}, "time_since_restore": 106.71017050743103, "timesteps_since_restore": 0, "iterations_since_restore": 19, "train_throughput": 128.57168871885992, "locations": {"3653373259e149641d3dd8fe1501fac10cd71007": 1}}
{"data_this_epoch": 640, "total_data_processed": 12800, "epochs_processed": 0.256, "num_workers": 1, "time_since_start": 118.55997967720032, "done": false, "timesteps_total": null, "episodes_total": null, "training_iteration": 20, "experiment_id": "eae8d4e7bfd5441c9e0cb072b2c9a98b", "date": "2019-04-24_20-44-16", "timestamp": 1556138656, "time_this_iter_s": 5.044370889663696, "time_total_s": 111.75454139709473, "pid": 11746, "hostname": "ip-172-31-95-70", "node_ip": "172.31.95.70", "config": {"starting_lr": 0.1, "momentum": 0.9, "weight_decay": 0.0005, "steps_per_iteration": null, "pin": false, "model_creator": null, "target_batch_size": 64, "model_string": "resnet101", "min_batch_size": 64, "dataset": "CIFAR", "placement": [2, 2], "use_nccl": false, "devices_per_worker": 1, "primary_resource": "extra_gpu", "gpu": false, "verbose": false, "trial_id": "50820075", "batch_per_device": 64}, "time_since_restore": 111.75454139709473, "timesteps_since_restore": 0, "iterations_since_restore": 20, "train_throughput": 128.31819627184493, "locations": {"3653373259e149641d3dd8fe1501fac10cd71007": 1}}
{"data_this_epoch": 640, "total_data_processed": 13440, "epochs_processed": 0.2688, "num_workers": 1, "time_since_start": 123.60190224647522, "done": true, "timesteps_total": null, "episodes_total": null, "training_iteration": 21, "experiment_id": "eae8d4e7bfd5441c9e0cb072b2c9a98b", "date": "2019-04-24_20-44-21", "timestamp": 1556138661, "time_this_iter_s": 5.034740686416626, "time_total_s": 116.78928208351135, "pid": 11746, "hostname": "ip-172-31-95-70", "node_ip": "172.31.95.70", "config": {"starting_lr": 0.1, "momentum": 0.9, "weight_decay": 0.0005, "steps_per_iteration": null, "pin": false, "model_creator": null, "target_batch_size": 64, "model_string": "resnet101", "min_batch_size": 64, "dataset": "CIFAR", "placement": [2, 2], "use_nccl": false, "devices_per_worker": 1, "primary_resource": "extra_gpu", "gpu": false, "verbose": false, "trial_id": "50820075", "batch_per_device": 64}, "time_since_restore": 116.78928208351135, "timesteps_since_restore": 0, "iterations_since_restore": 21, "train_throughput": 126.99301595186351, "locations": {"3653373259e149641d3dd8fe1501fac10cd71007": 1}}
