data_this_epoch,total_data_processed,epochs_processed,num_workers,time_since_start,done,timesteps_total,episodes_total,training_iteration,experiment_id,date,timestamp,time_this_iter_s,time_total_s,pid,hostname,node_ip,config,time_since_restore,timesteps_since_restore,iterations_since_restore,train_throughput,locations
640,640,0.0128,1,14.57485032081604,False,,,1,300866dbe00d47acbb5a7800b4f94d38,2019-04-24_20-42-32,1556138552,7.961783409118652,7.961783409118652,9476,ip-172-31-87-111,172.31.87.111,"{'starting_lr': 0.1, 'momentum': 0.9, 'weight_decay': 0.0005, 'steps_per_iteration': None, 'pin': False, 'model_creator': None, 'target_batch_size': 64, 'model_string': 'resnet101', 'min_batch_size': 64, 'dataset': 'CIFAR', 'placement': [2, 2], 'use_nccl': False, 'devices_per_worker': 1, 'primary_resource': 'extra_gpu', 'gpu': False, 'verbose': False, 'trial_id': 'e9edbe74', 'batch_per_device': 64}",7.961783409118652,0,1,80.38302783831993,{'9fcae7fbdd5b1bc646a4dd629b3224697402c05e': 1}
640,1280,0.0256,1,20.611690759658813,False,,,2,300866dbe00d47acbb5a7800b4f94d38,2019-04-24_20-42-38,1556138558,6.028085470199585,13.989868879318237,9476,ip-172-31-87-111,172.31.87.111,"{'starting_lr': 0.1, 'momentum': 0.9, 'weight_decay': 0.0005, 'steps_per_iteration': None, 'pin': False, 'model_creator': None, 'target_batch_size': 64, 'model_string': 'resnet101', 'min_batch_size': 64, 'dataset': 'CIFAR', 'placement': [2, 2], 'use_nccl': False, 'devices_per_worker': 1, 'primary_resource': 'extra_gpu', 'gpu': False, 'verbose': False, 'trial_id': 'e9edbe74', 'batch_per_device': 64}",13.989868879318237,0,2,91.49362791344558,{'9fcae7fbdd5b1bc646a4dd629b3224697402c05e': 1}
640,1920,0.0384,1,26.721559762954712,False,,,3,300866dbe00d47acbb5a7800b4f94d38,2019-04-24_20-42-44,1556138564,6.102904558181763,20.0927734375,9476,ip-172-31-87-111,172.31.87.111,"{'starting_lr': 0.1, 'momentum': 0.9, 'weight_decay': 0.0005, 'steps_per_iteration': None, 'pin': False, 'model_creator': None, 'target_batch_size': 64, 'model_string': 'resnet101', 'min_batch_size': 64, 'dataset': 'CIFAR', 'placement': [2, 2], 'use_nccl': False, 'devices_per_worker': 1, 'primary_resource': 'extra_gpu', 'gpu': False, 'verbose': False, 'trial_id': 'e9edbe74', 'batch_per_device': 64}",20.0927734375,0,3,105.51341948312093,{'9fcae7fbdd5b1bc646a4dd629b3224697402c05e': 1}
640,2560,0.0512,1,32.77703499794006,False,,,4,300866dbe00d47acbb5a7800b4f94d38,2019-04-24_20-42-50,1556138570,6.048483848571777,26.141257286071777,9476,ip-172-31-87-111,172.31.87.111,"{'starting_lr': 0.1, 'momentum': 0.9, 'weight_decay': 0.0005, 'steps_per_iteration': None, 'pin': False, 'model_creator': None, 'target_batch_size': 64, 'model_string': 'resnet101', 'min_batch_size': 64, 'dataset': 'CIFAR', 'placement': [2, 2], 'use_nccl': False, 'devices_per_worker': 1, 'primary_resource': 'extra_gpu', 'gpu': False, 'verbose': False, 'trial_id': 'e9edbe74', 'batch_per_device': 64}",26.141257286071777,0,4,105.33630619260158,{'9fcae7fbdd5b1bc646a4dd629b3224697402c05e': 1}
640,3200,0.064,1,38.95218276977539,False,,,5,300866dbe00d47acbb5a7800b4f94d38,2019-04-24_20-42-56,1556138576,6.168327569961548,32.309584856033325,9476,ip-172-31-87-111,172.31.87.111,"{'starting_lr': 0.1, 'momentum': 0.9, 'weight_decay': 0.0005, 'steps_per_iteration': None, 'pin': False, 'model_creator': None, 'target_batch_size': 64, 'model_string': 'resnet101', 'min_batch_size': 64, 'dataset': 'CIFAR', 'placement': [2, 2], 'use_nccl': False, 'devices_per_worker': 1, 'primary_resource': 'extra_gpu', 'gpu': False, 'verbose': False, 'trial_id': 'e9edbe74', 'batch_per_device': 64}",32.309584856033325,0,5,104.77231492638307,{'9fcae7fbdd5b1bc646a4dd629b3224697402c05e': 1}
640,3840,0.0768,1,45.08731460571289,False,,,6,300866dbe00d47acbb5a7800b4f94d38,2019-04-24_20-43-02,1556138582,6.128255128860474,38.4378399848938,9476,ip-172-31-87-111,172.31.87.111,"{'starting_lr': 0.1, 'momentum': 0.9, 'weight_decay': 0.0005, 'steps_per_iteration': None, 'pin': False, 'model_creator': None, 'target_batch_size': 64, 'model_string': 'resnet101', 'min_batch_size': 64, 'dataset': 'CIFAR', 'placement': [2, 2], 'use_nccl': False, 'devices_per_worker': 1, 'primary_resource': 'extra_gpu', 'gpu': False, 'verbose': False, 'trial_id': 'e9edbe74', 'batch_per_device': 64}",38.4378399848938,0,6,104.09241503066559,{'9fcae7fbdd5b1bc646a4dd629b3224697402c05e': 1}
640,4480,0.0896,1,51.161537408828735,False,,,7,300866dbe00d47acbb5a7800b4f94d38,2019-04-24_20-43-08,1556138588,6.066577434539795,44.504417419433594,9476,ip-172-31-87-111,172.31.87.111,"{'starting_lr': 0.1, 'momentum': 0.9, 'weight_decay': 0.0005, 'steps_per_iteration': None, 'pin': False, 'model_creator': None, 'target_batch_size': 64, 'model_string': 'resnet101', 'min_batch_size': 64, 'dataset': 'CIFAR', 'placement': [2, 2], 'use_nccl': False, 'devices_per_worker': 1, 'primary_resource': 'extra_gpu', 'gpu': False, 'verbose': False, 'trial_id': 'e9edbe74', 'batch_per_device': 64}",44.504417419433594,0,7,104.96088191781057,{'9fcae7fbdd5b1bc646a4dd629b3224697402c05e': 1}
640,5120,0.1024,1,56.52139353752136,False,,,8,300866dbe00d47acbb5a7800b4f94d38,2019-04-24_20-43-14,1556138594,5.352921724319458,49.85733914375305,9476,ip-172-31-87-111,172.31.87.111,"{'starting_lr': 0.1, 'momentum': 0.9, 'weight_decay': 0.0005, 'steps_per_iteration': None, 'pin': False, 'model_creator': None, 'target_batch_size': 64, 'model_string': 'resnet101', 'min_batch_size': 64, 'dataset': 'CIFAR', 'placement': [2, 2], 'use_nccl': False, 'devices_per_worker': 1, 'primary_resource': 'extra_gpu', 'gpu': False, 'verbose': False, 'trial_id': 'e9edbe74', 'batch_per_device': 64}",49.85733914375305,0,8,112.08738989254769,{'9fcae7fbdd5b1bc646a4dd629b3224697402c05e': 1}
640,5760,0.1152,1,61.73227119445801,False,,,9,300866dbe00d47acbb5a7800b4f94d38,2019-04-24_20-43-19,1556138599,5.204022169113159,55.06136131286621,9476,ip-172-31-87-111,172.31.87.111,"{'starting_lr': 0.1, 'momentum': 0.9, 'weight_decay': 0.0005, 'steps_per_iteration': None, 'pin': False, 'model_creator': None, 'target_batch_size': 64, 'model_string': 'resnet101', 'min_batch_size': 64, 'dataset': 'CIFAR', 'placement': [2, 2], 'use_nccl': False, 'devices_per_worker': 1, 'primary_resource': 'extra_gpu', 'gpu': False, 'verbose': False, 'trial_id': 'e9edbe74', 'batch_per_device': 64}",55.06136131286621,0,9,121.24514877387051,{'9fcae7fbdd5b1bc646a4dd629b3224697402c05e': 1}
640,6400,0.128,1,67.29856562614441,False,,,10,300866dbe00d47acbb5a7800b4f94d38,2019-04-24_20-43-25,1556138605,5.559769868850708,60.62113118171692,9476,ip-172-31-87-111,172.31.87.111,"{'starting_lr': 0.1, 'momentum': 0.9, 'weight_decay': 0.0005, 'steps_per_iteration': None, 'pin': False, 'model_creator': None, 'target_batch_size': 64, 'model_string': 'resnet101', 'min_batch_size': 64, 'dataset': 'CIFAR', 'placement': [2, 2], 'use_nccl': False, 'devices_per_worker': 1, 'primary_resource': 'extra_gpu', 'gpu': False, 'verbose': False, 'trial_id': 'e9edbe74', 'batch_per_device': 64}",60.62113118171692,0,10,118.91521300133319,{'9fcae7fbdd5b1bc646a4dd629b3224697402c05e': 1}
640,7040,0.1408,1,72.56271481513977,False,,,11,300866dbe00d47acbb5a7800b4f94d38,2019-04-24_20-43-30,1556138610,5.257326364517212,65.87845754623413,9476,ip-172-31-87-111,172.31.87.111,"{'starting_lr': 0.1, 'momentum': 0.9, 'weight_decay': 0.0005, 'steps_per_iteration': None, 'pin': False, 'model_creator': None, 'target_batch_size': 64, 'model_string': 'resnet101', 'min_batch_size': 64, 'dataset': 'CIFAR', 'placement': [2, 2], 'use_nccl': False, 'devices_per_worker': 1, 'primary_resource': 'extra_gpu', 'gpu': False, 'verbose': False, 'trial_id': 'e9edbe74', 'batch_per_device': 64}",65.87845754623413,0,11,118.32949896919482,{'9fcae7fbdd5b1bc646a4dd629b3224697402c05e': 1}
640,7680,0.1536,1,77.70577907562256,False,,,12,300866dbe00d47acbb5a7800b4f94d38,2019-04-24_20-43-35,1556138615,5.136328220367432,71.01478576660156,9476,ip-172-31-87-111,172.31.87.111,"{'starting_lr': 0.1, 'momentum': 0.9, 'weight_decay': 0.0005, 'steps_per_iteration': None, 'pin': False, 'model_creator': None, 'target_batch_size': 64, 'model_string': 'resnet101', 'min_batch_size': 64, 'dataset': 'CIFAR', 'placement': [2, 2], 'use_nccl': False, 'devices_per_worker': 1, 'primary_resource': 'extra_gpu', 'gpu': False, 'verbose': False, 'trial_id': 'e9edbe74', 'batch_per_device': 64}",71.01478576660156,0,12,123.15026028916073,{'9fcae7fbdd5b1bc646a4dd629b3224697402c05e': 1}
640,8320,0.1664,1,83.07675266265869,False,,,13,300866dbe00d47acbb5a7800b4f94d38,2019-04-24_20-43-40,1556138620,5.3641204833984375,76.37890625,9476,ip-172-31-87-111,172.31.87.111,"{'starting_lr': 0.1, 'momentum': 0.9, 'weight_decay': 0.0005, 'steps_per_iteration': None, 'pin': False, 'model_creator': None, 'target_batch_size': 64, 'model_string': 'resnet101', 'min_batch_size': 64, 'dataset': 'CIFAR', 'placement': [2, 2], 'use_nccl': False, 'devices_per_worker': 1, 'primary_resource': 'extra_gpu', 'gpu': False, 'verbose': False, 'trial_id': 'e9edbe74', 'batch_per_device': 64}",76.37890625,0,13,121.89773703855325,{'9fcae7fbdd5b1bc646a4dd629b3224697402c05e': 1}
640,8960,0.1792,1,87.72111344337463,False,,,14,300866dbe00d47acbb5a7800b4f94d38,2019-04-24_20-43-45,1556138625,4.63738751411438,81.01629376411438,9476,ip-172-31-87-111,172.31.87.111,"{'starting_lr': 0.1, 'momentum': 0.9, 'weight_decay': 0.0005, 'steps_per_iteration': None, 'pin': False, 'model_creator': None, 'target_batch_size': 64, 'model_string': 'resnet101', 'min_batch_size': 64, 'dataset': 'CIFAR', 'placement': [2, 2], 'use_nccl': False, 'devices_per_worker': 1, 'primary_resource': 'extra_gpu', 'gpu': False, 'verbose': False, 'trial_id': 'e9edbe74', 'batch_per_device': 64}",81.01629376411438,0,14,127.97865346289572,{'9fcae7fbdd5b1bc646a4dd629b3224697402c05e': 1}
640,9600,0.192,1,92.46849393844604,False,,,15,300866dbe00d47acbb5a7800b4f94d38,2019-04-24_20-43-50,1556138630,4.742620229721069,85.75891399383545,9476,ip-172-31-87-111,172.31.87.111,"{'starting_lr': 0.1, 'momentum': 0.9, 'weight_decay': 0.0005, 'steps_per_iteration': None, 'pin': False, 'model_creator': None, 'target_batch_size': 64, 'model_string': 'resnet101', 'min_batch_size': 64, 'dataset': 'CIFAR', 'placement': [2, 2], 'use_nccl': False, 'devices_per_worker': 1, 'primary_resource': 'extra_gpu', 'gpu': False, 'verbose': False, 'trial_id': 'e9edbe74', 'batch_per_device': 64}",85.75891399383545,0,15,136.45801726408178,{'9fcae7fbdd5b1bc646a4dd629b3224697402c05e': 1}
640,10240,0.2048,1,97.06422162055969,False,,,16,300866dbe00d47acbb5a7800b4f94d38,2019-04-24_20-43-54,1556138634,4.58897066116333,90.34788465499878,9476,ip-172-31-87-111,172.31.87.111,"{'starting_lr': 0.1, 'momentum': 0.9, 'weight_decay': 0.0005, 'steps_per_iteration': None, 'pin': False, 'model_creator': None, 'target_batch_size': 64, 'model_string': 'resnet101', 'min_batch_size': 64, 'dataset': 'CIFAR', 'placement': [2, 2], 'use_nccl': False, 'devices_per_worker': 1, 'primary_resource': 'extra_gpu', 'gpu': False, 'verbose': False, 'trial_id': 'e9edbe74', 'batch_per_device': 64}",90.34788465499878,0,16,137.16597343296823,{'9fcae7fbdd5b1bc646a4dd629b3224697402c05e': 1}
640,10880,0.2176,1,101.66805481910706,False,,,17,300866dbe00d47acbb5a7800b4f94d38,2019-04-24_20-43-59,1556138639,4.5990424156188965,94.94692707061768,9476,ip-172-31-87-111,172.31.87.111,"{'starting_lr': 0.1, 'momentum': 0.9, 'weight_decay': 0.0005, 'steps_per_iteration': None, 'pin': False, 'model_creator': None, 'target_batch_size': 64, 'model_string': 'resnet101', 'min_batch_size': 64, 'dataset': 'CIFAR', 'placement': [2, 2], 'use_nccl': False, 'devices_per_worker': 1, 'primary_resource': 'extra_gpu', 'gpu': False, 'verbose': False, 'trial_id': 'e9edbe74', 'batch_per_device': 64}",94.94692707061768,0,17,139.3093958678631,{'9fcae7fbdd5b1bc646a4dd629b3224697402c05e': 1}
640,11520,0.2304,1,106.61701345443726,False,,,18,300866dbe00d47acbb5a7800b4f94d38,2019-04-24_20-44-04,1556138644,4.941904783248901,99.88883185386658,9476,ip-172-31-87-111,172.31.87.111,"{'starting_lr': 0.1, 'momentum': 0.9, 'weight_decay': 0.0005, 'steps_per_iteration': None, 'pin': False, 'model_creator': None, 'target_batch_size': 64, 'model_string': 'resnet101', 'min_batch_size': 64, 'dataset': 'CIFAR', 'placement': [2, 2], 'use_nccl': False, 'devices_per_worker': 1, 'primary_resource': 'extra_gpu', 'gpu': False, 'verbose': False, 'trial_id': 'e9edbe74', 'batch_per_device': 64}",99.88883185386658,0,18,134.15616708882712,{'9fcae7fbdd5b1bc646a4dd629b3224697402c05e': 1}
640,12160,0.2432,1,111.57775974273682,False,,,19,300866dbe00d47acbb5a7800b4f94d38,2019-04-24_20-44-09,1556138649,4.827710866928101,104.71654272079468,9476,ip-172-31-87-111,172.31.87.111,"{'starting_lr': 0.1, 'momentum': 0.9, 'weight_decay': 0.0005, 'steps_per_iteration': None, 'pin': False, 'model_creator': None, 'target_batch_size': 64, 'model_string': 'resnet101', 'min_batch_size': 64, 'dataset': 'CIFAR', 'placement': [2, 2], 'use_nccl': False, 'devices_per_worker': 1, 'primary_resource': 'extra_gpu', 'gpu': False, 'verbose': False, 'trial_id': 'e9edbe74', 'batch_per_device': 64}",104.71654272079468,0,19,131.016270105614,{'9fcae7fbdd5b1bc646a4dd629b3224697402c05e': 1}
640,12800,0.256,1,116.39004826545715,False,,,20,300866dbe00d47acbb5a7800b4f94d38,2019-04-24_20-44-14,1556138654,4.807615518569946,109.52415823936462,9476,ip-172-31-87-111,172.31.87.111,"{'starting_lr': 0.1, 'momentum': 0.9, 'weight_decay': 0.0005, 'steps_per_iteration': None, 'pin': False, 'model_creator': None, 'target_batch_size': 64, 'model_string': 'resnet101', 'min_batch_size': 64, 'dataset': 'CIFAR', 'placement': [2, 2], 'use_nccl': False, 'devices_per_worker': 1, 'primary_resource': 'extra_gpu', 'gpu': False, 'verbose': False, 'trial_id': 'e9edbe74', 'batch_per_device': 64}",109.52415823936462,0,20,132.84240066275842,{'9fcae7fbdd5b1bc646a4dd629b3224697402c05e': 1}
640,13440,0.2688,1,121.72456574440002,True,,,21,300866dbe00d47acbb5a7800b4f94d38,2019-04-24_20-44-19,1556138659,5.327796220779419,114.85195446014404,9476,ip-172-31-87-111,172.31.87.111,"{'starting_lr': 0.1, 'momentum': 0.9, 'weight_decay': 0.0005, 'steps_per_iteration': None, 'pin': False, 'model_creator': None, 'target_batch_size': 64, 'model_string': 'resnet101', 'min_batch_size': 64, 'dataset': 'CIFAR', 'placement': [2, 2], 'use_nccl': False, 'devices_per_worker': 1, 'primary_resource': 'extra_gpu', 'gpu': False, 'verbose': False, 'trial_id': 'e9edbe74', 'batch_per_device': 64}",114.85195446014404,0,21,126.28803889383656,{'9fcae7fbdd5b1bc646a4dd629b3224697402c05e': 1}
