{"data_this_epoch": 640, "total_data_processed": 640, "epochs_processed": 0.0128, "num_workers": 1, "time_since_start": 14.57485032081604, "done": false, "timesteps_total": null, "episodes_total": null, "training_iteration": 1, "experiment_id": "300866dbe00d47acbb5a7800b4f94d38", "date": "2019-04-24_20-42-32", "timestamp": 1556138552, "time_this_iter_s": 7.961783409118652, "time_total_s": 7.961783409118652, "pid": 9476, "hostname": "ip-172-31-87-111", "node_ip": "172.31.87.111", "config": {"starting_lr": 0.1, "momentum": 0.9, "weight_decay": 0.0005, "steps_per_iteration": null, "pin": false, "model_creator": null, "target_batch_size": 64, "model_string": "resnet101", "min_batch_size": 64, "dataset": "CIFAR", "placement": [2, 2], "use_nccl": false, "devices_per_worker": 1, "primary_resource": "extra_gpu", "gpu": false, "verbose": false, "trial_id": "e9edbe74", "batch_per_device": 64}, "time_since_restore": 7.961783409118652, "timesteps_since_restore": 0, "iterations_since_restore": 1, "train_throughput": 80.38302783831993, "locations": {"9fcae7fbdd5b1bc646a4dd629b3224697402c05e": 1}}
{"data_this_epoch": 640, "total_data_processed": 1280, "epochs_processed": 0.0256, "num_workers": 1, "time_since_start": 20.611690759658813, "done": false, "timesteps_total": null, "episodes_total": null, "training_iteration": 2, "experiment_id": "300866dbe00d47acbb5a7800b4f94d38", "date": "2019-04-24_20-42-38", "timestamp": 1556138558, "time_this_iter_s": 6.028085470199585, "time_total_s": 13.989868879318237, "pid": 9476, "hostname": "ip-172-31-87-111", "node_ip": "172.31.87.111", "config": {"starting_lr": 0.1, "momentum": 0.9, "weight_decay": 0.0005, "steps_per_iteration": null, "pin": false, "model_creator": null, "target_batch_size": 64, "model_string": "resnet101", "min_batch_size": 64, "dataset": "CIFAR", "placement": [2, 2], "use_nccl": false, "devices_per_worker": 1, "primary_resource": "extra_gpu", "gpu": false, "verbose": false, "trial_id": "e9edbe74", "batch_per_device": 64}, "time_since_restore": 13.989868879318237, "timesteps_since_restore": 0, "iterations_since_restore": 2, "train_throughput": 91.49362791344558, "locations": {"9fcae7fbdd5b1bc646a4dd629b3224697402c05e": 1}}
{"data_this_epoch": 640, "total_data_processed": 1920, "epochs_processed": 0.0384, "num_workers": 1, "time_since_start": 26.721559762954712, "done": false, "timesteps_total": null, "episodes_total": null, "training_iteration": 3, "experiment_id": "300866dbe00d47acbb5a7800b4f94d38", "date": "2019-04-24_20-42-44", "timestamp": 1556138564, "time_this_iter_s": 6.102904558181763, "time_total_s": 20.0927734375, "pid": 9476, "hostname": "ip-172-31-87-111", "node_ip": "172.31.87.111", "config": {"starting_lr": 0.1, "momentum": 0.9, "weight_decay": 0.0005, "steps_per_iteration": null, "pin": false, "model_creator": null, "target_batch_size": 64, "model_string": "resnet101", "min_batch_size": 64, "dataset": "CIFAR", "placement": [2, 2], "use_nccl": false, "devices_per_worker": 1, "primary_resource": "extra_gpu", "gpu": false, "verbose": false, "trial_id": "e9edbe74", "batch_per_device": 64}, "time_since_restore": 20.0927734375, "timesteps_since_restore": 0, "iterations_since_restore": 3, "train_throughput": 105.51341948312093, "locations": {"9fcae7fbdd5b1bc646a4dd629b3224697402c05e": 1}}
{"data_this_epoch": 640, "total_data_processed": 2560, "epochs_processed": 0.0512, "num_workers": 1, "time_since_start": 32.77703499794006, "done": false, "timesteps_total": null, "episodes_total": null, "training_iteration": 4, "experiment_id": "300866dbe00d47acbb5a7800b4f94d38", "date": "2019-04-24_20-42-50", "timestamp": 1556138570, "time_this_iter_s": 6.048483848571777, "time_total_s": 26.141257286071777, "pid": 9476, "hostname": "ip-172-31-87-111", "node_ip": "172.31.87.111", "config": {"starting_lr": 0.1, "momentum": 0.9, "weight_decay": 0.0005, "steps_per_iteration": null, "pin": false, "model_creator": null, "target_batch_size": 64, "model_string": "resnet101", "min_batch_size": 64, "dataset": "CIFAR", "placement": [2, 2], "use_nccl": false, "devices_per_worker": 1, "primary_resource": "extra_gpu", "gpu": false, "verbose": false, "trial_id": "e9edbe74", "batch_per_device": 64}, "time_since_restore": 26.141257286071777, "timesteps_since_restore": 0, "iterations_since_restore": 4, "train_throughput": 105.33630619260158, "locations": {"9fcae7fbdd5b1bc646a4dd629b3224697402c05e": 1}}
{"data_this_epoch": 640, "total_data_processed": 3200, "epochs_processed": 0.064, "num_workers": 1, "time_since_start": 38.95218276977539, "done": false, "timesteps_total": null, "episodes_total": null, "training_iteration": 5, "experiment_id": "300866dbe00d47acbb5a7800b4f94d38", "date": "2019-04-24_20-42-56", "timestamp": 1556138576, "time_this_iter_s": 6.168327569961548, "time_total_s": 32.309584856033325, "pid": 9476, "hostname": "ip-172-31-87-111", "node_ip": "172.31.87.111", "config": {"starting_lr": 0.1, "momentum": 0.9, "weight_decay": 0.0005, "steps_per_iteration": null, "pin": false, "model_creator": null, "target_batch_size": 64, "model_string": "resnet101", "min_batch_size": 64, "dataset": "CIFAR", "placement": [2, 2], "use_nccl": false, "devices_per_worker": 1, "primary_resource": "extra_gpu", "gpu": false, "verbose": false, "trial_id": "e9edbe74", "batch_per_device": 64}, "time_since_restore": 32.309584856033325, "timesteps_since_restore": 0, "iterations_since_restore": 5, "train_throughput": 104.77231492638307, "locations": {"9fcae7fbdd5b1bc646a4dd629b3224697402c05e": 1}}
{"data_this_epoch": 640, "total_data_processed": 3840, "epochs_processed": 0.0768, "num_workers": 1, "time_since_start": 45.08731460571289, "done": false, "timesteps_total": null, "episodes_total": null, "training_iteration": 6, "experiment_id": "300866dbe00d47acbb5a7800b4f94d38", "date": "2019-04-24_20-43-02", "timestamp": 1556138582, "time_this_iter_s": 6.128255128860474, "time_total_s": 38.4378399848938, "pid": 9476, "hostname": "ip-172-31-87-111", "node_ip": "172.31.87.111", "config": {"starting_lr": 0.1, "momentum": 0.9, "weight_decay": 0.0005, "steps_per_iteration": null, "pin": false, "model_creator": null, "target_batch_size": 64, "model_string": "resnet101", "min_batch_size": 64, "dataset": "CIFAR", "placement": [2, 2], "use_nccl": false, "devices_per_worker": 1, "primary_resource": "extra_gpu", "gpu": false, "verbose": false, "trial_id": "e9edbe74", "batch_per_device": 64}, "time_since_restore": 38.4378399848938, "timesteps_since_restore": 0, "iterations_since_restore": 6, "train_throughput": 104.09241503066559, "locations": {"9fcae7fbdd5b1bc646a4dd629b3224697402c05e": 1}}
{"data_this_epoch": 640, "total_data_processed": 4480, "epochs_processed": 0.0896, "num_workers": 1, "time_since_start": 51.161537408828735, "done": false, "timesteps_total": null, "episodes_total": null, "training_iteration": 7, "experiment_id": "300866dbe00d47acbb5a7800b4f94d38", "date": "2019-04-24_20-43-08", "timestamp": 1556138588, "time_this_iter_s": 6.066577434539795, "time_total_s": 44.504417419433594, "pid": 9476, "hostname": "ip-172-31-87-111", "node_ip": "172.31.87.111", "config": {"starting_lr": 0.1, "momentum": 0.9, "weight_decay": 0.0005, "steps_per_iteration": null, "pin": false, "model_creator": null, "target_batch_size": 64, "model_string": "resnet101", "min_batch_size": 64, "dataset": "CIFAR", "placement": [2, 2], "use_nccl": false, "devices_per_worker": 1, "primary_resource": "extra_gpu", "gpu": false, "verbose": false, "trial_id": "e9edbe74", "batch_per_device": 64}, "time_since_restore": 44.504417419433594, "timesteps_since_restore": 0, "iterations_since_restore": 7, "train_throughput": 104.96088191781057, "locations": {"9fcae7fbdd5b1bc646a4dd629b3224697402c05e": 1}}
{"data_this_epoch": 640, "total_data_processed": 5120, "epochs_processed": 0.1024, "num_workers": 1, "time_since_start": 56.52139353752136, "done": false, "timesteps_total": null, "episodes_total": null, "training_iteration": 8, "experiment_id": "300866dbe00d47acbb5a7800b4f94d38", "date": "2019-04-24_20-43-14", "timestamp": 1556138594, "time_this_iter_s": 5.352921724319458, "time_total_s": 49.85733914375305, "pid": 9476, "hostname": "ip-172-31-87-111", "node_ip": "172.31.87.111", "config": {"starting_lr": 0.1, "momentum": 0.9, "weight_decay": 0.0005, "steps_per_iteration": null, "pin": false, "model_creator": null, "target_batch_size": 64, "model_string": "resnet101", "min_batch_size": 64, "dataset": "CIFAR", "placement": [2, 2], "use_nccl": false, "devices_per_worker": 1, "primary_resource": "extra_gpu", "gpu": false, "verbose": false, "trial_id": "e9edbe74", "batch_per_device": 64}, "time_since_restore": 49.85733914375305, "timesteps_since_restore": 0, "iterations_since_restore": 8, "train_throughput": 112.08738989254769, "locations": {"9fcae7fbdd5b1bc646a4dd629b3224697402c05e": 1}}
{"data_this_epoch": 640, "total_data_processed": 5760, "epochs_processed": 0.1152, "num_workers": 1, "time_since_start": 61.73227119445801, "done": false, "timesteps_total": null, "episodes_total": null, "training_iteration": 9, "experiment_id": "300866dbe00d47acbb5a7800b4f94d38", "date": "2019-04-24_20-43-19", "timestamp": 1556138599, "time_this_iter_s": 5.204022169113159, "time_total_s": 55.06136131286621, "pid": 9476, "hostname": "ip-172-31-87-111", "node_ip": "172.31.87.111", "config": {"starting_lr": 0.1, "momentum": 0.9, "weight_decay": 0.0005, "steps_per_iteration": null, "pin": false, "model_creator": null, "target_batch_size": 64, "model_string": "resnet101", "min_batch_size": 64, "dataset": "CIFAR", "placement": [2, 2], "use_nccl": false, "devices_per_worker": 1, "primary_resource": "extra_gpu", "gpu": false, "verbose": false, "trial_id": "e9edbe74", "batch_per_device": 64}, "time_since_restore": 55.06136131286621, "timesteps_since_restore": 0, "iterations_since_restore": 9, "train_throughput": 121.24514877387051, "locations": {"9fcae7fbdd5b1bc646a4dd629b3224697402c05e": 1}}
{"data_this_epoch": 640, "total_data_processed": 6400, "epochs_processed": 0.128, "num_workers": 1, "time_since_start": 67.29856562614441, "done": false, "timesteps_total": null, "episodes_total": null, "training_iteration": 10, "experiment_id": "300866dbe00d47acbb5a7800b4f94d38", "date": "2019-04-24_20-43-25", "timestamp": 1556138605, "time_this_iter_s": 5.559769868850708, "time_total_s": 60.62113118171692, "pid": 9476, "hostname": "ip-172-31-87-111", "node_ip": "172.31.87.111", "config": {"starting_lr": 0.1, "momentum": 0.9, "weight_decay": 0.0005, "steps_per_iteration": null, "pin": false, "model_creator": null, "target_batch_size": 64, "model_string": "resnet101", "min_batch_size": 64, "dataset": "CIFAR", "placement": [2, 2], "use_nccl": false, "devices_per_worker": 1, "primary_resource": "extra_gpu", "gpu": false, "verbose": false, "trial_id": "e9edbe74", "batch_per_device": 64}, "time_since_restore": 60.62113118171692, "timesteps_since_restore": 0, "iterations_since_restore": 10, "train_throughput": 118.91521300133319, "locations": {"9fcae7fbdd5b1bc646a4dd629b3224697402c05e": 1}}
{"data_this_epoch": 640, "total_data_processed": 7040, "epochs_processed": 0.1408, "num_workers": 1, "time_since_start": 72.56271481513977, "done": false, "timesteps_total": null, "episodes_total": null, "training_iteration": 11, "experiment_id": "300866dbe00d47acbb5a7800b4f94d38", "date": "2019-04-24_20-43-30", "timestamp": 1556138610, "time_this_iter_s": 5.257326364517212, "time_total_s": 65.87845754623413, "pid": 9476, "hostname": "ip-172-31-87-111", "node_ip": "172.31.87.111", "config": {"starting_lr": 0.1, "momentum": 0.9, "weight_decay": 0.0005, "steps_per_iteration": null, "pin": false, "model_creator": null, "target_batch_size": 64, "model_string": "resnet101", "min_batch_size": 64, "dataset": "CIFAR", "placement": [2, 2], "use_nccl": false, "devices_per_worker": 1, "primary_resource": "extra_gpu", "gpu": false, "verbose": false, "trial_id": "e9edbe74", "batch_per_device": 64}, "time_since_restore": 65.87845754623413, "timesteps_since_restore": 0, "iterations_since_restore": 11, "train_throughput": 118.32949896919482, "locations": {"9fcae7fbdd5b1bc646a4dd629b3224697402c05e": 1}}
{"data_this_epoch": 640, "total_data_processed": 7680, "epochs_processed": 0.1536, "num_workers": 1, "time_since_start": 77.70577907562256, "done": false, "timesteps_total": null, "episodes_total": null, "training_iteration": 12, "experiment_id": "300866dbe00d47acbb5a7800b4f94d38", "date": "2019-04-24_20-43-35", "timestamp": 1556138615, "time_this_iter_s": 5.136328220367432, "time_total_s": 71.01478576660156, "pid": 9476, "hostname": "ip-172-31-87-111", "node_ip": "172.31.87.111", "config": {"starting_lr": 0.1, "momentum": 0.9, "weight_decay": 0.0005, "steps_per_iteration": null, "pin": false, "model_creator": null, "target_batch_size": 64, "model_string": "resnet101", "min_batch_size": 64, "dataset": "CIFAR", "placement": [2, 2], "use_nccl": false, "devices_per_worker": 1, "primary_resource": "extra_gpu", "gpu": false, "verbose": false, "trial_id": "e9edbe74", "batch_per_device": 64}, "time_since_restore": 71.01478576660156, "timesteps_since_restore": 0, "iterations_since_restore": 12, "train_throughput": 123.15026028916073, "locations": {"9fcae7fbdd5b1bc646a4dd629b3224697402c05e": 1}}
{"data_this_epoch": 640, "total_data_processed": 8320, "epochs_processed": 0.1664, "num_workers": 1, "time_since_start": 83.07675266265869, "done": false, "timesteps_total": null, "episodes_total": null, "training_iteration": 13, "experiment_id": "300866dbe00d47acbb5a7800b4f94d38", "date": "2019-04-24_20-43-40", "timestamp": 1556138620, "time_this_iter_s": 5.3641204833984375, "time_total_s": 76.37890625, "pid": 9476, "hostname": "ip-172-31-87-111", "node_ip": "172.31.87.111", "config": {"starting_lr": 0.1, "momentum": 0.9, "weight_decay": 0.0005, "steps_per_iteration": null, "pin": false, "model_creator": null, "target_batch_size": 64, "model_string": "resnet101", "min_batch_size": 64, "dataset": "CIFAR", "placement": [2, 2], "use_nccl": false, "devices_per_worker": 1, "primary_resource": "extra_gpu", "gpu": false, "verbose": false, "trial_id": "e9edbe74", "batch_per_device": 64}, "time_since_restore": 76.37890625, "timesteps_since_restore": 0, "iterations_since_restore": 13, "train_throughput": 121.89773703855325, "locations": {"9fcae7fbdd5b1bc646a4dd629b3224697402c05e": 1}}
{"data_this_epoch": 640, "total_data_processed": 8960, "epochs_processed": 0.1792, "num_workers": 1, "time_since_start": 87.72111344337463, "done": false, "timesteps_total": null, "episodes_total": null, "training_iteration": 14, "experiment_id": "300866dbe00d47acbb5a7800b4f94d38", "date": "2019-04-24_20-43-45", "timestamp": 1556138625, "time_this_iter_s": 4.63738751411438, "time_total_s": 81.01629376411438, "pid": 9476, "hostname": "ip-172-31-87-111", "node_ip": "172.31.87.111", "config": {"starting_lr": 0.1, "momentum": 0.9, "weight_decay": 0.0005, "steps_per_iteration": null, "pin": false, "model_creator": null, "target_batch_size": 64, "model_string": "resnet101", "min_batch_size": 64, "dataset": "CIFAR", "placement": [2, 2], "use_nccl": false, "devices_per_worker": 1, "primary_resource": "extra_gpu", "gpu": false, "verbose": false, "trial_id": "e9edbe74", "batch_per_device": 64}, "time_since_restore": 81.01629376411438, "timesteps_since_restore": 0, "iterations_since_restore": 14, "train_throughput": 127.97865346289572, "locations": {"9fcae7fbdd5b1bc646a4dd629b3224697402c05e": 1}}
{"data_this_epoch": 640, "total_data_processed": 9600, "epochs_processed": 0.192, "num_workers": 1, "time_since_start": 92.46849393844604, "done": false, "timesteps_total": null, "episodes_total": null, "training_iteration": 15, "experiment_id": "300866dbe00d47acbb5a7800b4f94d38", "date": "2019-04-24_20-43-50", "timestamp": 1556138630, "time_this_iter_s": 4.742620229721069, "time_total_s": 85.75891399383545, "pid": 9476, "hostname": "ip-172-31-87-111", "node_ip": "172.31.87.111", "config": {"starting_lr": 0.1, "momentum": 0.9, "weight_decay": 0.0005, "steps_per_iteration": null, "pin": false, "model_creator": null, "target_batch_size": 64, "model_string": "resnet101", "min_batch_size": 64, "dataset": "CIFAR", "placement": [2, 2], "use_nccl": false, "devices_per_worker": 1, "primary_resource": "extra_gpu", "gpu": false, "verbose": false, "trial_id": "e9edbe74", "batch_per_device": 64}, "time_since_restore": 85.75891399383545, "timesteps_since_restore": 0, "iterations_since_restore": 15, "train_throughput": 136.45801726408178, "locations": {"9fcae7fbdd5b1bc646a4dd629b3224697402c05e": 1}}
{"data_this_epoch": 640, "total_data_processed": 10240, "epochs_processed": 0.2048, "num_workers": 1, "time_since_start": 97.06422162055969, "done": false, "timesteps_total": null, "episodes_total": null, "training_iteration": 16, "experiment_id": "300866dbe00d47acbb5a7800b4f94d38", "date": "2019-04-24_20-43-54", "timestamp": 1556138634, "time_this_iter_s": 4.58897066116333, "time_total_s": 90.34788465499878, "pid": 9476, "hostname": "ip-172-31-87-111", "node_ip": "172.31.87.111", "config": {"starting_lr": 0.1, "momentum": 0.9, "weight_decay": 0.0005, "steps_per_iteration": null, "pin": false, "model_creator": null, "target_batch_size": 64, "model_string": "resnet101", "min_batch_size": 64, "dataset": "CIFAR", "placement": [2, 2], "use_nccl": false, "devices_per_worker": 1, "primary_resource": "extra_gpu", "gpu": false, "verbose": false, "trial_id": "e9edbe74", "batch_per_device": 64}, "time_since_restore": 90.34788465499878, "timesteps_since_restore": 0, "iterations_since_restore": 16, "train_throughput": 137.16597343296823, "locations": {"9fcae7fbdd5b1bc646a4dd629b3224697402c05e": 1}}
{"data_this_epoch": 640, "total_data_processed": 10880, "epochs_processed": 0.2176, "num_workers": 1, "time_since_start": 101.66805481910706, "done": false, "timesteps_total": null, "episodes_total": null, "training_iteration": 17, "experiment_id": "300866dbe00d47acbb5a7800b4f94d38", "date": "2019-04-24_20-43-59", "timestamp": 1556138639, "time_this_iter_s": 4.5990424156188965, "time_total_s": 94.94692707061768, "pid": 9476, "hostname": "ip-172-31-87-111", "node_ip": "172.31.87.111", "config": {"starting_lr": 0.1, "momentum": 0.9, "weight_decay": 0.0005, "steps_per_iteration": null, "pin": false, "model_creator": null, "target_batch_size": 64, "model_string": "resnet101", "min_batch_size": 64, "dataset": "CIFAR", "placement": [2, 2], "use_nccl": false, "devices_per_worker": 1, "primary_resource": "extra_gpu", "gpu": false, "verbose": false, "trial_id": "e9edbe74", "batch_per_device": 64}, "time_since_restore": 94.94692707061768, "timesteps_since_restore": 0, "iterations_since_restore": 17, "train_throughput": 139.3093958678631, "locations": {"9fcae7fbdd5b1bc646a4dd629b3224697402c05e": 1}}
{"data_this_epoch": 640, "total_data_processed": 11520, "epochs_processed": 0.2304, "num_workers": 1, "time_since_start": 106.61701345443726, "done": false, "timesteps_total": null, "episodes_total": null, "training_iteration": 18, "experiment_id": "300866dbe00d47acbb5a7800b4f94d38", "date": "2019-04-24_20-44-04", "timestamp": 1556138644, "time_this_iter_s": 4.941904783248901, "time_total_s": 99.88883185386658, "pid": 9476, "hostname": "ip-172-31-87-111", "node_ip": "172.31.87.111", "config": {"starting_lr": 0.1, "momentum": 0.9, "weight_decay": 0.0005, "steps_per_iteration": null, "pin": false, "model_creator": null, "target_batch_size": 64, "model_string": "resnet101", "min_batch_size": 64, "dataset": "CIFAR", "placement": [2, 2], "use_nccl": false, "devices_per_worker": 1, "primary_resource": "extra_gpu", "gpu": false, "verbose": false, "trial_id": "e9edbe74", "batch_per_device": 64}, "time_since_restore": 99.88883185386658, "timesteps_since_restore": 0, "iterations_since_restore": 18, "train_throughput": 134.15616708882712, "locations": {"9fcae7fbdd5b1bc646a4dd629b3224697402c05e": 1}}
{"data_this_epoch": 640, "total_data_processed": 12160, "epochs_processed": 0.2432, "num_workers": 1, "time_since_start": 111.57775974273682, "done": false, "timesteps_total": null, "episodes_total": null, "training_iteration": 19, "experiment_id": "300866dbe00d47acbb5a7800b4f94d38", "date": "2019-04-24_20-44-09", "timestamp": 1556138649, "time_this_iter_s": 4.827710866928101, "time_total_s": 104.71654272079468, "pid": 9476, "hostname": "ip-172-31-87-111", "node_ip": "172.31.87.111", "config": {"starting_lr": 0.1, "momentum": 0.9, "weight_decay": 0.0005, "steps_per_iteration": null, "pin": false, "model_creator": null, "target_batch_size": 64, "model_string": "resnet101", "min_batch_size": 64, "dataset": "CIFAR", "placement": [2, 2], "use_nccl": false, "devices_per_worker": 1, "primary_resource": "extra_gpu", "gpu": false, "verbose": false, "trial_id": "e9edbe74", "batch_per_device": 64}, "time_since_restore": 104.71654272079468, "timesteps_since_restore": 0, "iterations_since_restore": 19, "train_throughput": 131.016270105614, "locations": {"9fcae7fbdd5b1bc646a4dd629b3224697402c05e": 1}}
{"data_this_epoch": 640, "total_data_processed": 12800, "epochs_processed": 0.256, "num_workers": 1, "time_since_start": 116.39004826545715, "done": false, "timesteps_total": null, "episodes_total": null, "training_iteration": 20, "experiment_id": "300866dbe00d47acbb5a7800b4f94d38", "date": "2019-04-24_20-44-14", "timestamp": 1556138654, "time_this_iter_s": 4.807615518569946, "time_total_s": 109.52415823936462, "pid": 9476, "hostname": "ip-172-31-87-111", "node_ip": "172.31.87.111", "config": {"starting_lr": 0.1, "momentum": 0.9, "weight_decay": 0.0005, "steps_per_iteration": null, "pin": false, "model_creator": null, "target_batch_size": 64, "model_string": "resnet101", "min_batch_size": 64, "dataset": "CIFAR", "placement": [2, 2], "use_nccl": false, "devices_per_worker": 1, "primary_resource": "extra_gpu", "gpu": false, "verbose": false, "trial_id": "e9edbe74", "batch_per_device": 64}, "time_since_restore": 109.52415823936462, "timesteps_since_restore": 0, "iterations_since_restore": 20, "train_throughput": 132.84240066275842, "locations": {"9fcae7fbdd5b1bc646a4dd629b3224697402c05e": 1}}
{"data_this_epoch": 640, "total_data_processed": 13440, "epochs_processed": 0.2688, "num_workers": 1, "time_since_start": 121.72456574440002, "done": true, "timesteps_total": null, "episodes_total": null, "training_iteration": 21, "experiment_id": "300866dbe00d47acbb5a7800b4f94d38", "date": "2019-04-24_20-44-19", "timestamp": 1556138659, "time_this_iter_s": 5.327796220779419, "time_total_s": 114.85195446014404, "pid": 9476, "hostname": "ip-172-31-87-111", "node_ip": "172.31.87.111", "config": {"starting_lr": 0.1, "momentum": 0.9, "weight_decay": 0.0005, "steps_per_iteration": null, "pin": false, "model_creator": null, "target_batch_size": 64, "model_string": "resnet101", "min_batch_size": 64, "dataset": "CIFAR", "placement": [2, 2], "use_nccl": false, "devices_per_worker": 1, "primary_resource": "extra_gpu", "gpu": false, "verbose": false, "trial_id": "e9edbe74", "batch_per_device": 64}, "time_since_restore": 114.85195446014404, "timesteps_since_restore": 0, "iterations_since_restore": 21, "train_throughput": 126.28803889383656, "locations": {"9fcae7fbdd5b1bc646a4dd629b3224697402c05e": 1}}
