data_this_epoch,total_data_processed,epochs_processed,num_workers,time_since_start,done,timesteps_total,episodes_total,training_iteration,experiment_id,date,timestamp,time_this_iter_s,time_total_s,pid,hostname,node_ip,config,time_since_restore,timesteps_since_restore,iterations_since_restore,train_throughput,locations
640,640,0.0128,1,14.04619312286377,False,,,1,9dd46c391faa4327b09bb1b10ccf1ff0,2019-04-24_20-53-15,1556139195,7.343687295913696,7.343687295913696,10576,ip-172-31-87-111,172.31.87.111,"{'starting_lr': 0.1, 'momentum': 0.9, 'weight_decay': 0.0005, 'steps_per_iteration': None, 'pin': False, 'model_creator': None, 'target_batch_size': 64, 'model_string': 'resnet101', 'min_batch_size': 64, 'dataset': 'CIFAR', 'placement': [2, 2], 'use_nccl': False, 'devices_per_worker': 1, 'primary_resource': 'extra_gpu', 'gpu': False, 'verbose': False, 'trial_id': 'e2f73e42', 'batch_per_device': 64}",7.343687295913696,0,1,87.14856552896428,{'566ecb6fa674decb1acac916e46a605969fe58ab': 1}
640,1280,0.0256,1,19.73062300682068,False,,,2,9dd46c391faa4327b09bb1b10ccf1ff0,2019-04-24_20-53-21,1556139201,5.677147388458252,13.020834684371948,10576,ip-172-31-87-111,172.31.87.111,"{'starting_lr': 0.1, 'momentum': 0.9, 'weight_decay': 0.0005, 'steps_per_iteration': None, 'pin': False, 'model_creator': None, 'target_batch_size': 64, 'model_string': 'resnet101', 'min_batch_size': 64, 'dataset': 'CIFAR', 'placement': [2, 2], 'use_nccl': False, 'devices_per_worker': 1, 'primary_resource': 'extra_gpu', 'gpu': False, 'verbose': False, 'trial_id': 'e2f73e42', 'batch_per_device': 64}",13.020834684371948,0,2,98.30269021745151,{'566ecb6fa674decb1acac916e46a605969fe58ab': 1}
640,1920,0.0384,1,25.362926244735718,False,,,3,9dd46c391faa4327b09bb1b10ccf1ff0,2019-04-24_20-53-26,1556139206,5.625386714935303,18.64622139930725,10576,ip-172-31-87-111,172.31.87.111,"{'starting_lr': 0.1, 'momentum': 0.9, 'weight_decay': 0.0005, 'steps_per_iteration': None, 'pin': False, 'model_creator': None, 'target_batch_size': 64, 'model_string': 'resnet101', 'min_batch_size': 64, 'dataset': 'CIFAR', 'placement': [2, 2], 'use_nccl': False, 'devices_per_worker': 1, 'primary_resource': 'extra_gpu', 'gpu': False, 'verbose': False, 'trial_id': 'e2f73e42', 'batch_per_device': 64}",18.64622139930725,0,3,113.24735082502391,{'566ecb6fa674decb1acac916e46a605969fe58ab': 1}
640,2560,0.0512,1,31.34278964996338,False,,,4,9dd46c391faa4327b09bb1b10ccf1ff0,2019-04-24_20-53-32,1556139212,5.7519211769104,24.39814257621765,10576,ip-172-31-87-111,172.31.87.111,"{'starting_lr': 0.1, 'momentum': 0.9, 'weight_decay': 0.0005, 'steps_per_iteration': None, 'pin': False, 'model_creator': None, 'target_batch_size': 64, 'model_string': 'resnet101', 'min_batch_size': 64, 'dataset': 'CIFAR', 'placement': [2, 2], 'use_nccl': False, 'devices_per_worker': 1, 'primary_resource': 'extra_gpu', 'gpu': False, 'verbose': False, 'trial_id': 'e2f73e42', 'batch_per_device': 64}",24.39814257621765,0,4,112.50306435010538,{'566ecb6fa674decb1acac916e46a605969fe58ab': 1}
640,3200,0.064,1,37.02943015098572,False,,,5,9dd46c391faa4327b09bb1b10ccf1ff0,2019-04-24_20-53-38,1556139218,5.542124271392822,29.940266847610474,10576,ip-172-31-87-111,172.31.87.111,"{'starting_lr': 0.1, 'momentum': 0.9, 'weight_decay': 0.0005, 'steps_per_iteration': None, 'pin': False, 'model_creator': None, 'target_batch_size': 64, 'model_string': 'resnet101', 'min_batch_size': 64, 'dataset': 'CIFAR', 'placement': [2, 2], 'use_nccl': False, 'devices_per_worker': 1, 'primary_resource': 'extra_gpu', 'gpu': False, 'verbose': False, 'trial_id': 'e2f73e42', 'batch_per_device': 64}",29.940266847610474,0,5,113.33250751699742,{'566ecb6fa674decb1acac916e46a605969fe58ab': 1}
640,3840,0.0768,1,42.68732738494873,False,,,6,9dd46c391faa4327b09bb1b10ccf1ff0,2019-04-24_20-53-43,1556139223,5.65081787109375,35.591084718704224,10576,ip-172-31-87-111,172.31.87.111,"{'starting_lr': 0.1, 'momentum': 0.9, 'weight_decay': 0.0005, 'steps_per_iteration': None, 'pin': False, 'model_creator': None, 'target_batch_size': 64, 'model_string': 'resnet101', 'min_batch_size': 64, 'dataset': 'CIFAR', 'placement': [2, 2], 'use_nccl': False, 'devices_per_worker': 1, 'primary_resource': 'extra_gpu', 'gpu': False, 'verbose': False, 'trial_id': 'e2f73e42', 'batch_per_device': 64}",35.591084718704224,0,6,114.3562562278705,{'566ecb6fa674decb1acac916e46a605969fe58ab': 1}
640,4480,0.0896,1,48.485368490219116,False,,,7,9dd46c391faa4327b09bb1b10ccf1ff0,2019-04-24_20-53-49,1556139229,5.790988206863403,41.38207292556763,10576,ip-172-31-87-111,172.31.87.111,"{'starting_lr': 0.1, 'momentum': 0.9, 'weight_decay': 0.0005, 'steps_per_iteration': None, 'pin': False, 'model_creator': None, 'target_batch_size': 64, 'model_string': 'resnet101', 'min_batch_size': 64, 'dataset': 'CIFAR', 'placement': [2, 2], 'use_nccl': False, 'devices_per_worker': 1, 'primary_resource': 'extra_gpu', 'gpu': False, 'verbose': False, 'trial_id': 'e2f73e42', 'batch_per_device': 64}",41.38207292556763,0,7,111.86909610582352,{'566ecb6fa674decb1acac916e46a605969fe58ab': 1}
640,5120,0.1024,1,53.99942207336426,False,,,8,9dd46c391faa4327b09bb1b10ccf1ff0,2019-04-24_20-53-55,1556139235,5.507079124450684,46.88915205001831,10576,ip-172-31-87-111,172.31.87.111,"{'starting_lr': 0.1, 'momentum': 0.9, 'weight_decay': 0.0005, 'steps_per_iteration': None, 'pin': False, 'model_creator': None, 'target_batch_size': 64, 'model_string': 'resnet101', 'min_batch_size': 64, 'dataset': 'CIFAR', 'placement': [2, 2], 'use_nccl': False, 'devices_per_worker': 1, 'primary_resource': 'extra_gpu', 'gpu': False, 'verbose': False, 'trial_id': 'e2f73e42', 'batch_per_device': 64}",46.88915205001831,0,8,113.29231460868014,{'566ecb6fa674decb1acac916e46a605969fe58ab': 1}
640,5760,0.1152,1,59.189175844192505,False,,,9,9dd46c391faa4327b09bb1b10ccf1ff0,2019-04-24_20-54-00,1556139240,5.180996417999268,52.07014846801758,10576,ip-172-31-87-111,172.31.87.111,"{'starting_lr': 0.1, 'momentum': 0.9, 'weight_decay': 0.0005, 'steps_per_iteration': None, 'pin': False, 'model_creator': None, 'target_batch_size': 64, 'model_string': 'resnet101', 'min_batch_size': 64, 'dataset': 'CIFAR', 'placement': [2, 2], 'use_nccl': False, 'devices_per_worker': 1, 'primary_resource': 'extra_gpu', 'gpu': False, 'verbose': False, 'trial_id': 'e2f73e42', 'batch_per_device': 64}",52.07014846801758,0,9,119.75797095048233,{'566ecb6fa674decb1acac916e46a605969fe58ab': 1}
640,6400,0.128,1,64.1570692062378,False,,,10,9dd46c391faa4327b09bb1b10ccf1ff0,2019-04-24_20-54-05,1556139245,4.960986614227295,57.03113508224487,10576,ip-172-31-87-111,172.31.87.111,"{'starting_lr': 0.1, 'momentum': 0.9, 'weight_decay': 0.0005, 'steps_per_iteration': None, 'pin': False, 'model_creator': None, 'target_batch_size': 64, 'model_string': 'resnet101', 'min_batch_size': 64, 'dataset': 'CIFAR', 'placement': [2, 2], 'use_nccl': False, 'devices_per_worker': 1, 'primary_resource': 'extra_gpu', 'gpu': False, 'verbose': False, 'trial_id': 'e2f73e42', 'batch_per_device': 64}",57.03113508224487,0,10,126.20618167345111,{'566ecb6fa674decb1acac916e46a605969fe58ab': 1}
640,7040,0.1408,1,69.24667382240295,False,,,11,9dd46c391faa4327b09bb1b10ccf1ff0,2019-04-24_20-54-10,1556139250,5.084591388702393,62.115726470947266,10576,ip-172-31-87-111,172.31.87.111,"{'starting_lr': 0.1, 'momentum': 0.9, 'weight_decay': 0.0005, 'steps_per_iteration': None, 'pin': False, 'model_creator': None, 'target_batch_size': 64, 'model_string': 'resnet101', 'min_batch_size': 64, 'dataset': 'CIFAR', 'placement': [2, 2], 'use_nccl': False, 'devices_per_worker': 1, 'primary_resource': 'extra_gpu', 'gpu': False, 'verbose': False, 'trial_id': 'e2f73e42', 'batch_per_device': 64}",62.115726470947266,0,11,127.41731914719708,{'566ecb6fa674decb1acac916e46a605969fe58ab': 1}
640,7680,0.1536,1,74.28466820716858,False,,,12,9dd46c391faa4327b09bb1b10ccf1ff0,2019-04-24_20-54-15,1556139255,5.027006149291992,67.14273262023926,10576,ip-172-31-87-111,172.31.87.111,"{'starting_lr': 0.1, 'momentum': 0.9, 'weight_decay': 0.0005, 'steps_per_iteration': None, 'pin': False, 'model_creator': None, 'target_batch_size': 64, 'model_string': 'resnet101', 'min_batch_size': 64, 'dataset': 'CIFAR', 'placement': [2, 2], 'use_nccl': False, 'devices_per_worker': 1, 'primary_resource': 'extra_gpu', 'gpu': False, 'verbose': False, 'trial_id': 'e2f73e42', 'batch_per_device': 64}",67.14273262023926,0,12,126.5853557494687,{'566ecb6fa674decb1acac916e46a605969fe58ab': 1}
640,8320,0.1664,1,79.43826580047607,False,,,13,9dd46c391faa4327b09bb1b10ccf1ff0,2019-04-24_20-54-20,1556139260,5.139679431915283,72.28241205215454,10576,ip-172-31-87-111,172.31.87.111,"{'starting_lr': 0.1, 'momentum': 0.9, 'weight_decay': 0.0005, 'steps_per_iteration': None, 'pin': False, 'model_creator': None, 'target_batch_size': 64, 'model_string': 'resnet101', 'min_batch_size': 64, 'dataset': 'CIFAR', 'placement': [2, 2], 'use_nccl': False, 'devices_per_worker': 1, 'primary_resource': 'extra_gpu', 'gpu': False, 'verbose': False, 'trial_id': 'e2f73e42', 'batch_per_device': 64}",72.28241205215454,0,13,125.89937381776804,{'566ecb6fa674decb1acac916e46a605969fe58ab': 1}
640,8960,0.1792,1,84.46335554122925,False,,,14,9dd46c391faa4327b09bb1b10ccf1ff0,2019-04-24_20-54-25,1556139265,4.990040302276611,77.27245235443115,10576,ip-172-31-87-111,172.31.87.111,"{'starting_lr': 0.1, 'momentum': 0.9, 'weight_decay': 0.0005, 'steps_per_iteration': None, 'pin': False, 'model_creator': None, 'target_batch_size': 64, 'model_string': 'resnet101', 'min_batch_size': 64, 'dataset': 'CIFAR', 'placement': [2, 2], 'use_nccl': False, 'devices_per_worker': 1, 'primary_resource': 'extra_gpu', 'gpu': False, 'verbose': False, 'trial_id': 'e2f73e42', 'batch_per_device': 64}",77.27245235443115,0,14,126.35881913133338,{'566ecb6fa674decb1acac916e46a605969fe58ab': 1}
640,9600,0.192,1,89.60066556930542,False,,,15,9dd46c391faa4327b09bb1b10ccf1ff0,2019-04-24_20-54-30,1556139270,5.1322314739227295,82.40468382835388,10576,ip-172-31-87-111,172.31.87.111,"{'starting_lr': 0.1, 'momentum': 0.9, 'weight_decay': 0.0005, 'steps_per_iteration': None, 'pin': False, 'model_creator': None, 'target_batch_size': 64, 'model_string': 'resnet101', 'min_batch_size': 64, 'dataset': 'CIFAR', 'placement': [2, 2], 'use_nccl': False, 'devices_per_worker': 1, 'primary_resource': 'extra_gpu', 'gpu': False, 'verbose': False, 'trial_id': 'e2f73e42', 'batch_per_device': 64}",82.40468382835388,0,15,126.45178637840975,{'566ecb6fa674decb1acac916e46a605969fe58ab': 1}
640,10240,0.2048,1,94.45903182029724,False,,,16,9dd46c391faa4327b09bb1b10ccf1ff0,2019-04-24_20-54-35,1556139275,4.742250204086304,87.14693403244019,10576,ip-172-31-87-111,172.31.87.111,"{'starting_lr': 0.1, 'momentum': 0.9, 'weight_decay': 0.0005, 'steps_per_iteration': None, 'pin': False, 'model_creator': None, 'target_batch_size': 64, 'model_string': 'resnet101', 'min_batch_size': 64, 'dataset': 'CIFAR', 'placement': [2, 2], 'use_nccl': False, 'devices_per_worker': 1, 'primary_resource': 'extra_gpu', 'gpu': False, 'verbose': False, 'trial_id': 'e2f73e42', 'batch_per_device': 64}",87.14693403244019,0,16,129.62495698350222,{'566ecb6fa674decb1acac916e46a605969fe58ab': 1}
640,10880,0.2176,1,99.42905688285828,False,,,17,9dd46c391faa4327b09bb1b10ccf1ff0,2019-04-24_20-54-40,1556139280,4.964713096618652,92.11164712905884,10576,ip-172-31-87-111,172.31.87.111,"{'starting_lr': 0.1, 'momentum': 0.9, 'weight_decay': 0.0005, 'steps_per_iteration': None, 'pin': False, 'model_creator': None, 'target_batch_size': 64, 'model_string': 'resnet101', 'min_batch_size': 64, 'dataset': 'CIFAR', 'placement': [2, 2], 'use_nccl': False, 'devices_per_worker': 1, 'primary_resource': 'extra_gpu', 'gpu': False, 'verbose': False, 'trial_id': 'e2f73e42', 'batch_per_device': 64}",92.11164712905884,0,17,131.86193864548372,{'566ecb6fa674decb1acac916e46a605969fe58ab': 1}
640,11520,0.2304,1,104.1787850856781,False,,,18,9dd46c391faa4327b09bb1b10ccf1ff0,2019-04-24_20-54-45,1556139285,4.742404222488403,96.85405135154724,10576,ip-172-31-87-111,172.31.87.111,"{'starting_lr': 0.1, 'momentum': 0.9, 'weight_decay': 0.0005, 'steps_per_iteration': None, 'pin': False, 'model_creator': None, 'target_batch_size': 64, 'model_string': 'resnet101', 'min_batch_size': 64, 'dataset': 'CIFAR', 'placement': [2, 2], 'use_nccl': False, 'devices_per_worker': 1, 'primary_resource': 'extra_gpu', 'gpu': False, 'verbose': False, 'trial_id': 'e2f73e42', 'batch_per_device': 64}",96.85405135154724,0,18,131.85983029366326,{'566ecb6fa674decb1acac916e46a605969fe58ab': 1}
640,12160,0.2432,1,109.15529489517212,False,,,19,9dd46c391faa4327b09bb1b10ccf1ff0,2019-04-24_20-54-50,1556139290,4.753389120101929,101.60744047164917,10576,ip-172-31-87-111,172.31.87.111,"{'starting_lr': 0.1, 'momentum': 0.9, 'weight_decay': 0.0005, 'steps_per_iteration': None, 'pin': False, 'model_creator': None, 'target_batch_size': 64, 'model_string': 'resnet101', 'min_batch_size': 64, 'dataset': 'CIFAR', 'placement': [2, 2], 'use_nccl': False, 'devices_per_worker': 1, 'primary_resource': 'extra_gpu', 'gpu': False, 'verbose': False, 'trial_id': 'e2f73e42', 'batch_per_device': 64}",101.60744047164917,0,19,134.79433096987327,{'566ecb6fa674decb1acac916e46a605969fe58ab': 1}
640,12800,0.256,1,114.02632784843445,False,,,20,9dd46c391faa4327b09bb1b10ccf1ff0,2019-04-24_20-54-55,1556139295,4.864171266555786,106.47161173820496,10576,ip-172-31-87-111,172.31.87.111,"{'starting_lr': 0.1, 'momentum': 0.9, 'weight_decay': 0.0005, 'steps_per_iteration': None, 'pin': False, 'model_creator': None, 'target_batch_size': 64, 'model_string': 'resnet101', 'min_batch_size': 64, 'dataset': 'CIFAR', 'placement': [2, 2], 'use_nccl': False, 'devices_per_worker': 1, 'primary_resource': 'extra_gpu', 'gpu': False, 'verbose': False, 'trial_id': 'e2f73e42', 'batch_per_device': 64}",106.47161173820496,0,20,133.0877695827176,{'566ecb6fa674decb1acac916e46a605969fe58ab': 1}
640,13440,0.2688,1,118.7081139087677,True,,,21,9dd46c391faa4327b09bb1b10ccf1ff0,2019-04-24_20-55-00,1556139300,4.676970720291138,111.1485824584961,10576,ip-172-31-87-111,172.31.87.111,"{'starting_lr': 0.1, 'momentum': 0.9, 'weight_decay': 0.0005, 'steps_per_iteration': None, 'pin': False, 'model_creator': None, 'target_batch_size': 64, 'model_string': 'resnet101', 'min_batch_size': 64, 'dataset': 'CIFAR', 'placement': [2, 2], 'use_nccl': False, 'devices_per_worker': 1, 'primary_resource': 'extra_gpu', 'gpu': False, 'verbose': False, 'trial_id': 'e2f73e42', 'batch_per_device': 64}",111.1485824584961,0,21,134.1535925212554,{'566ecb6fa674decb1acac916e46a605969fe58ab': 1}
