{"data_this_epoch": 640, "total_data_processed": 640, "epochs_processed": 0.0128, "num_workers": 1, "time_since_start": 14.04619312286377, "done": false, "timesteps_total": null, "episodes_total": null, "training_iteration": 1, "experiment_id": "9dd46c391faa4327b09bb1b10ccf1ff0", "date": "2019-04-24_20-53-15", "timestamp": 1556139195, "time_this_iter_s": 7.343687295913696, "time_total_s": 7.343687295913696, "pid": 10576, "hostname": "ip-172-31-87-111", "node_ip": "172.31.87.111", "config": {"starting_lr": 0.1, "momentum": 0.9, "weight_decay": 0.0005, "steps_per_iteration": null, "pin": false, "model_creator": null, "target_batch_size": 64, "model_string": "resnet101", "min_batch_size": 64, "dataset": "CIFAR", "placement": [2, 2], "use_nccl": false, "devices_per_worker": 1, "primary_resource": "extra_gpu", "gpu": false, "verbose": false, "trial_id": "e2f73e42", "batch_per_device": 64}, "time_since_restore": 7.343687295913696, "timesteps_since_restore": 0, "iterations_since_restore": 1, "train_throughput": 87.14856552896428, "locations": {"566ecb6fa674decb1acac916e46a605969fe58ab": 1}}
{"data_this_epoch": 640, "total_data_processed": 1280, "epochs_processed": 0.0256, "num_workers": 1, "time_since_start": 19.73062300682068, "done": false, "timesteps_total": null, "episodes_total": null, "training_iteration": 2, "experiment_id": "9dd46c391faa4327b09bb1b10ccf1ff0", "date": "2019-04-24_20-53-21", "timestamp": 1556139201, "time_this_iter_s": 5.677147388458252, "time_total_s": 13.020834684371948, "pid": 10576, "hostname": "ip-172-31-87-111", "node_ip": "172.31.87.111", "config": {"starting_lr": 0.1, "momentum": 0.9, "weight_decay": 0.0005, "steps_per_iteration": null, "pin": false, "model_creator": null, "target_batch_size": 64, "model_string": "resnet101", "min_batch_size": 64, "dataset": "CIFAR", "placement": [2, 2], "use_nccl": false, "devices_per_worker": 1, "primary_resource": "extra_gpu", "gpu": false, "verbose": false, "trial_id": "e2f73e42", "batch_per_device": 64}, "time_since_restore": 13.020834684371948, "timesteps_since_restore": 0, "iterations_since_restore": 2, "train_throughput": 98.30269021745151, "locations": {"566ecb6fa674decb1acac916e46a605969fe58ab": 1}}
{"data_this_epoch": 640, "total_data_processed": 1920, "epochs_processed": 0.0384, "num_workers": 1, "time_since_start": 25.362926244735718, "done": false, "timesteps_total": null, "episodes_total": null, "training_iteration": 3, "experiment_id": "9dd46c391faa4327b09bb1b10ccf1ff0", "date": "2019-04-24_20-53-26", "timestamp": 1556139206, "time_this_iter_s": 5.625386714935303, "time_total_s": 18.64622139930725, "pid": 10576, "hostname": "ip-172-31-87-111", "node_ip": "172.31.87.111", "config": {"starting_lr": 0.1, "momentum": 0.9, "weight_decay": 0.0005, "steps_per_iteration": null, "pin": false, "model_creator": null, "target_batch_size": 64, "model_string": "resnet101", "min_batch_size": 64, "dataset": "CIFAR", "placement": [2, 2], "use_nccl": false, "devices_per_worker": 1, "primary_resource": "extra_gpu", "gpu": false, "verbose": false, "trial_id": "e2f73e42", "batch_per_device": 64}, "time_since_restore": 18.64622139930725, "timesteps_since_restore": 0, "iterations_since_restore": 3, "train_throughput": 113.24735082502391, "locations": {"566ecb6fa674decb1acac916e46a605969fe58ab": 1}}
{"data_this_epoch": 640, "total_data_processed": 2560, "epochs_processed": 0.0512, "num_workers": 1, "time_since_start": 31.34278964996338, "done": false, "timesteps_total": null, "episodes_total": null, "training_iteration": 4, "experiment_id": "9dd46c391faa4327b09bb1b10ccf1ff0", "date": "2019-04-24_20-53-32", "timestamp": 1556139212, "time_this_iter_s": 5.7519211769104, "time_total_s": 24.39814257621765, "pid": 10576, "hostname": "ip-172-31-87-111", "node_ip": "172.31.87.111", "config": {"starting_lr": 0.1, "momentum": 0.9, "weight_decay": 0.0005, "steps_per_iteration": null, "pin": false, "model_creator": null, "target_batch_size": 64, "model_string": "resnet101", "min_batch_size": 64, "dataset": "CIFAR", "placement": [2, 2], "use_nccl": false, "devices_per_worker": 1, "primary_resource": "extra_gpu", "gpu": false, "verbose": false, "trial_id": "e2f73e42", "batch_per_device": 64}, "time_since_restore": 24.39814257621765, "timesteps_since_restore": 0, "iterations_since_restore": 4, "train_throughput": 112.50306435010538, "locations": {"566ecb6fa674decb1acac916e46a605969fe58ab": 1}}
{"data_this_epoch": 640, "total_data_processed": 3200, "epochs_processed": 0.064, "num_workers": 1, "time_since_start": 37.02943015098572, "done": false, "timesteps_total": null, "episodes_total": null, "training_iteration": 5, "experiment_id": "9dd46c391faa4327b09bb1b10ccf1ff0", "date": "2019-04-24_20-53-38", "timestamp": 1556139218, "time_this_iter_s": 5.542124271392822, "time_total_s": 29.940266847610474, "pid": 10576, "hostname": "ip-172-31-87-111", "node_ip": "172.31.87.111", "config": {"starting_lr": 0.1, "momentum": 0.9, "weight_decay": 0.0005, "steps_per_iteration": null, "pin": false, "model_creator": null, "target_batch_size": 64, "model_string": "resnet101", "min_batch_size": 64, "dataset": "CIFAR", "placement": [2, 2], "use_nccl": false, "devices_per_worker": 1, "primary_resource": "extra_gpu", "gpu": false, "verbose": false, "trial_id": "e2f73e42", "batch_per_device": 64}, "time_since_restore": 29.940266847610474, "timesteps_since_restore": 0, "iterations_since_restore": 5, "train_throughput": 113.33250751699742, "locations": {"566ecb6fa674decb1acac916e46a605969fe58ab": 1}}
{"data_this_epoch": 640, "total_data_processed": 3840, "epochs_processed": 0.0768, "num_workers": 1, "time_since_start": 42.68732738494873, "done": false, "timesteps_total": null, "episodes_total": null, "training_iteration": 6, "experiment_id": "9dd46c391faa4327b09bb1b10ccf1ff0", "date": "2019-04-24_20-53-43", "timestamp": 1556139223, "time_this_iter_s": 5.65081787109375, "time_total_s": 35.591084718704224, "pid": 10576, "hostname": "ip-172-31-87-111", "node_ip": "172.31.87.111", "config": {"starting_lr": 0.1, "momentum": 0.9, "weight_decay": 0.0005, "steps_per_iteration": null, "pin": false, "model_creator": null, "target_batch_size": 64, "model_string": "resnet101", "min_batch_size": 64, "dataset": "CIFAR", "placement": [2, 2], "use_nccl": false, "devices_per_worker": 1, "primary_resource": "extra_gpu", "gpu": false, "verbose": false, "trial_id": "e2f73e42", "batch_per_device": 64}, "time_since_restore": 35.591084718704224, "timesteps_since_restore": 0, "iterations_since_restore": 6, "train_throughput": 114.3562562278705, "locations": {"566ecb6fa674decb1acac916e46a605969fe58ab": 1}}
{"data_this_epoch": 640, "total_data_processed": 4480, "epochs_processed": 0.0896, "num_workers": 1, "time_since_start": 48.485368490219116, "done": false, "timesteps_total": null, "episodes_total": null, "training_iteration": 7, "experiment_id": "9dd46c391faa4327b09bb1b10ccf1ff0", "date": "2019-04-24_20-53-49", "timestamp": 1556139229, "time_this_iter_s": 5.790988206863403, "time_total_s": 41.38207292556763, "pid": 10576, "hostname": "ip-172-31-87-111", "node_ip": "172.31.87.111", "config": {"starting_lr": 0.1, "momentum": 0.9, "weight_decay": 0.0005, "steps_per_iteration": null, "pin": false, "model_creator": null, "target_batch_size": 64, "model_string": "resnet101", "min_batch_size": 64, "dataset": "CIFAR", "placement": [2, 2], "use_nccl": false, "devices_per_worker": 1, "primary_resource": "extra_gpu", "gpu": false, "verbose": false, "trial_id": "e2f73e42", "batch_per_device": 64}, "time_since_restore": 41.38207292556763, "timesteps_since_restore": 0, "iterations_since_restore": 7, "train_throughput": 111.86909610582352, "locations": {"566ecb6fa674decb1acac916e46a605969fe58ab": 1}}
{"data_this_epoch": 640, "total_data_processed": 5120, "epochs_processed": 0.1024, "num_workers": 1, "time_since_start": 53.99942207336426, "done": false, "timesteps_total": null, "episodes_total": null, "training_iteration": 8, "experiment_id": "9dd46c391faa4327b09bb1b10ccf1ff0", "date": "2019-04-24_20-53-55", "timestamp": 1556139235, "time_this_iter_s": 5.507079124450684, "time_total_s": 46.88915205001831, "pid": 10576, "hostname": "ip-172-31-87-111", "node_ip": "172.31.87.111", "config": {"starting_lr": 0.1, "momentum": 0.9, "weight_decay": 0.0005, "steps_per_iteration": null, "pin": false, "model_creator": null, "target_batch_size": 64, "model_string": "resnet101", "min_batch_size": 64, "dataset": "CIFAR", "placement": [2, 2], "use_nccl": false, "devices_per_worker": 1, "primary_resource": "extra_gpu", "gpu": false, "verbose": false, "trial_id": "e2f73e42", "batch_per_device": 64}, "time_since_restore": 46.88915205001831, "timesteps_since_restore": 0, "iterations_since_restore": 8, "train_throughput": 113.29231460868014, "locations": {"566ecb6fa674decb1acac916e46a605969fe58ab": 1}}
{"data_this_epoch": 640, "total_data_processed": 5760, "epochs_processed": 0.1152, "num_workers": 1, "time_since_start": 59.189175844192505, "done": false, "timesteps_total": null, "episodes_total": null, "training_iteration": 9, "experiment_id": "9dd46c391faa4327b09bb1b10ccf1ff0", "date": "2019-04-24_20-54-00", "timestamp": 1556139240, "time_this_iter_s": 5.180996417999268, "time_total_s": 52.07014846801758, "pid": 10576, "hostname": "ip-172-31-87-111", "node_ip": "172.31.87.111", "config": {"starting_lr": 0.1, "momentum": 0.9, "weight_decay": 0.0005, "steps_per_iteration": null, "pin": false, "model_creator": null, "target_batch_size": 64, "model_string": "resnet101", "min_batch_size": 64, "dataset": "CIFAR", "placement": [2, 2], "use_nccl": false, "devices_per_worker": 1, "primary_resource": "extra_gpu", "gpu": false, "verbose": false, "trial_id": "e2f73e42", "batch_per_device": 64}, "time_since_restore": 52.07014846801758, "timesteps_since_restore": 0, "iterations_since_restore": 9, "train_throughput": 119.75797095048233, "locations": {"566ecb6fa674decb1acac916e46a605969fe58ab": 1}}
{"data_this_epoch": 640, "total_data_processed": 6400, "epochs_processed": 0.128, "num_workers": 1, "time_since_start": 64.1570692062378, "done": false, "timesteps_total": null, "episodes_total": null, "training_iteration": 10, "experiment_id": "9dd46c391faa4327b09bb1b10ccf1ff0", "date": "2019-04-24_20-54-05", "timestamp": 1556139245, "time_this_iter_s": 4.960986614227295, "time_total_s": 57.03113508224487, "pid": 10576, "hostname": "ip-172-31-87-111", "node_ip": "172.31.87.111", "config": {"starting_lr": 0.1, "momentum": 0.9, "weight_decay": 0.0005, "steps_per_iteration": null, "pin": false, "model_creator": null, "target_batch_size": 64, "model_string": "resnet101", "min_batch_size": 64, "dataset": "CIFAR", "placement": [2, 2], "use_nccl": false, "devices_per_worker": 1, "primary_resource": "extra_gpu", "gpu": false, "verbose": false, "trial_id": "e2f73e42", "batch_per_device": 64}, "time_since_restore": 57.03113508224487, "timesteps_since_restore": 0, "iterations_since_restore": 10, "train_throughput": 126.20618167345111, "locations": {"566ecb6fa674decb1acac916e46a605969fe58ab": 1}}
{"data_this_epoch": 640, "total_data_processed": 7040, "epochs_processed": 0.1408, "num_workers": 1, "time_since_start": 69.24667382240295, "done": false, "timesteps_total": null, "episodes_total": null, "training_iteration": 11, "experiment_id": "9dd46c391faa4327b09bb1b10ccf1ff0", "date": "2019-04-24_20-54-10", "timestamp": 1556139250, "time_this_iter_s": 5.084591388702393, "time_total_s": 62.115726470947266, "pid": 10576, "hostname": "ip-172-31-87-111", "node_ip": "172.31.87.111", "config": {"starting_lr": 0.1, "momentum": 0.9, "weight_decay": 0.0005, "steps_per_iteration": null, "pin": false, "model_creator": null, "target_batch_size": 64, "model_string": "resnet101", "min_batch_size": 64, "dataset": "CIFAR", "placement": [2, 2], "use_nccl": false, "devices_per_worker": 1, "primary_resource": "extra_gpu", "gpu": false, "verbose": false, "trial_id": "e2f73e42", "batch_per_device": 64}, "time_since_restore": 62.115726470947266, "timesteps_since_restore": 0, "iterations_since_restore": 11, "train_throughput": 127.41731914719708, "locations": {"566ecb6fa674decb1acac916e46a605969fe58ab": 1}}
{"data_this_epoch": 640, "total_data_processed": 7680, "epochs_processed": 0.1536, "num_workers": 1, "time_since_start": 74.28466820716858, "done": false, "timesteps_total": null, "episodes_total": null, "training_iteration": 12, "experiment_id": "9dd46c391faa4327b09bb1b10ccf1ff0", "date": "2019-04-24_20-54-15", "timestamp": 1556139255, "time_this_iter_s": 5.027006149291992, "time_total_s": 67.14273262023926, "pid": 10576, "hostname": "ip-172-31-87-111", "node_ip": "172.31.87.111", "config": {"starting_lr": 0.1, "momentum": 0.9, "weight_decay": 0.0005, "steps_per_iteration": null, "pin": false, "model_creator": null, "target_batch_size": 64, "model_string": "resnet101", "min_batch_size": 64, "dataset": "CIFAR", "placement": [2, 2], "use_nccl": false, "devices_per_worker": 1, "primary_resource": "extra_gpu", "gpu": false, "verbose": false, "trial_id": "e2f73e42", "batch_per_device": 64}, "time_since_restore": 67.14273262023926, "timesteps_since_restore": 0, "iterations_since_restore": 12, "train_throughput": 126.5853557494687, "locations": {"566ecb6fa674decb1acac916e46a605969fe58ab": 1}}
{"data_this_epoch": 640, "total_data_processed": 8320, "epochs_processed": 0.1664, "num_workers": 1, "time_since_start": 79.43826580047607, "done": false, "timesteps_total": null, "episodes_total": null, "training_iteration": 13, "experiment_id": "9dd46c391faa4327b09bb1b10ccf1ff0", "date": "2019-04-24_20-54-20", "timestamp": 1556139260, "time_this_iter_s": 5.139679431915283, "time_total_s": 72.28241205215454, "pid": 10576, "hostname": "ip-172-31-87-111", "node_ip": "172.31.87.111", "config": {"starting_lr": 0.1, "momentum": 0.9, "weight_decay": 0.0005, "steps_per_iteration": null, "pin": false, "model_creator": null, "target_batch_size": 64, "model_string": "resnet101", "min_batch_size": 64, "dataset": "CIFAR", "placement": [2, 2], "use_nccl": false, "devices_per_worker": 1, "primary_resource": "extra_gpu", "gpu": false, "verbose": false, "trial_id": "e2f73e42", "batch_per_device": 64}, "time_since_restore": 72.28241205215454, "timesteps_since_restore": 0, "iterations_since_restore": 13, "train_throughput": 125.89937381776804, "locations": {"566ecb6fa674decb1acac916e46a605969fe58ab": 1}}
{"data_this_epoch": 640, "total_data_processed": 8960, "epochs_processed": 0.1792, "num_workers": 1, "time_since_start": 84.46335554122925, "done": false, "timesteps_total": null, "episodes_total": null, "training_iteration": 14, "experiment_id": "9dd46c391faa4327b09bb1b10ccf1ff0", "date": "2019-04-24_20-54-25", "timestamp": 1556139265, "time_this_iter_s": 4.990040302276611, "time_total_s": 77.27245235443115, "pid": 10576, "hostname": "ip-172-31-87-111", "node_ip": "172.31.87.111", "config": {"starting_lr": 0.1, "momentum": 0.9, "weight_decay": 0.0005, "steps_per_iteration": null, "pin": false, "model_creator": null, "target_batch_size": 64, "model_string": "resnet101", "min_batch_size": 64, "dataset": "CIFAR", "placement": [2, 2], "use_nccl": false, "devices_per_worker": 1, "primary_resource": "extra_gpu", "gpu": false, "verbose": false, "trial_id": "e2f73e42", "batch_per_device": 64}, "time_since_restore": 77.27245235443115, "timesteps_since_restore": 0, "iterations_since_restore": 14, "train_throughput": 126.35881913133338, "locations": {"566ecb6fa674decb1acac916e46a605969fe58ab": 1}}
{"data_this_epoch": 640, "total_data_processed": 9600, "epochs_processed": 0.192, "num_workers": 1, "time_since_start": 89.60066556930542, "done": false, "timesteps_total": null, "episodes_total": null, "training_iteration": 15, "experiment_id": "9dd46c391faa4327b09bb1b10ccf1ff0", "date": "2019-04-24_20-54-30", "timestamp": 1556139270, "time_this_iter_s": 5.1322314739227295, "time_total_s": 82.40468382835388, "pid": 10576, "hostname": "ip-172-31-87-111", "node_ip": "172.31.87.111", "config": {"starting_lr": 0.1, "momentum": 0.9, "weight_decay": 0.0005, "steps_per_iteration": null, "pin": false, "model_creator": null, "target_batch_size": 64, "model_string": "resnet101", "min_batch_size": 64, "dataset": "CIFAR", "placement": [2, 2], "use_nccl": false, "devices_per_worker": 1, "primary_resource": "extra_gpu", "gpu": false, "verbose": false, "trial_id": "e2f73e42", "batch_per_device": 64}, "time_since_restore": 82.40468382835388, "timesteps_since_restore": 0, "iterations_since_restore": 15, "train_throughput": 126.45178637840975, "locations": {"566ecb6fa674decb1acac916e46a605969fe58ab": 1}}
{"data_this_epoch": 640, "total_data_processed": 10240, "epochs_processed": 0.2048, "num_workers": 1, "time_since_start": 94.45903182029724, "done": false, "timesteps_total": null, "episodes_total": null, "training_iteration": 16, "experiment_id": "9dd46c391faa4327b09bb1b10ccf1ff0", "date": "2019-04-24_20-54-35", "timestamp": 1556139275, "time_this_iter_s": 4.742250204086304, "time_total_s": 87.14693403244019, "pid": 10576, "hostname": "ip-172-31-87-111", "node_ip": "172.31.87.111", "config": {"starting_lr": 0.1, "momentum": 0.9, "weight_decay": 0.0005, "steps_per_iteration": null, "pin": false, "model_creator": null, "target_batch_size": 64, "model_string": "resnet101", "min_batch_size": 64, "dataset": "CIFAR", "placement": [2, 2], "use_nccl": false, "devices_per_worker": 1, "primary_resource": "extra_gpu", "gpu": false, "verbose": false, "trial_id": "e2f73e42", "batch_per_device": 64}, "time_since_restore": 87.14693403244019, "timesteps_since_restore": 0, "iterations_since_restore": 16, "train_throughput": 129.62495698350222, "locations": {"566ecb6fa674decb1acac916e46a605969fe58ab": 1}}
{"data_this_epoch": 640, "total_data_processed": 10880, "epochs_processed": 0.2176, "num_workers": 1, "time_since_start": 99.42905688285828, "done": false, "timesteps_total": null, "episodes_total": null, "training_iteration": 17, "experiment_id": "9dd46c391faa4327b09bb1b10ccf1ff0", "date": "2019-04-24_20-54-40", "timestamp": 1556139280, "time_this_iter_s": 4.964713096618652, "time_total_s": 92.11164712905884, "pid": 10576, "hostname": "ip-172-31-87-111", "node_ip": "172.31.87.111", "config": {"starting_lr": 0.1, "momentum": 0.9, "weight_decay": 0.0005, "steps_per_iteration": null, "pin": false, "model_creator": null, "target_batch_size": 64, "model_string": "resnet101", "min_batch_size": 64, "dataset": "CIFAR", "placement": [2, 2], "use_nccl": false, "devices_per_worker": 1, "primary_resource": "extra_gpu", "gpu": false, "verbose": false, "trial_id": "e2f73e42", "batch_per_device": 64}, "time_since_restore": 92.11164712905884, "timesteps_since_restore": 0, "iterations_since_restore": 17, "train_throughput": 131.86193864548372, "locations": {"566ecb6fa674decb1acac916e46a605969fe58ab": 1}}
{"data_this_epoch": 640, "total_data_processed": 11520, "epochs_processed": 0.2304, "num_workers": 1, "time_since_start": 104.1787850856781, "done": false, "timesteps_total": null, "episodes_total": null, "training_iteration": 18, "experiment_id": "9dd46c391faa4327b09bb1b10ccf1ff0", "date": "2019-04-24_20-54-45", "timestamp": 1556139285, "time_this_iter_s": 4.742404222488403, "time_total_s": 96.85405135154724, "pid": 10576, "hostname": "ip-172-31-87-111", "node_ip": "172.31.87.111", "config": {"starting_lr": 0.1, "momentum": 0.9, "weight_decay": 0.0005, "steps_per_iteration": null, "pin": false, "model_creator": null, "target_batch_size": 64, "model_string": "resnet101", "min_batch_size": 64, "dataset": "CIFAR", "placement": [2, 2], "use_nccl": false, "devices_per_worker": 1, "primary_resource": "extra_gpu", "gpu": false, "verbose": false, "trial_id": "e2f73e42", "batch_per_device": 64}, "time_since_restore": 96.85405135154724, "timesteps_since_restore": 0, "iterations_since_restore": 18, "train_throughput": 131.85983029366326, "locations": {"566ecb6fa674decb1acac916e46a605969fe58ab": 1}}
{"data_this_epoch": 640, "total_data_processed": 12160, "epochs_processed": 0.2432, "num_workers": 1, "time_since_start": 109.15529489517212, "done": false, "timesteps_total": null, "episodes_total": null, "training_iteration": 19, "experiment_id": "9dd46c391faa4327b09bb1b10ccf1ff0", "date": "2019-04-24_20-54-50", "timestamp": 1556139290, "time_this_iter_s": 4.753389120101929, "time_total_s": 101.60744047164917, "pid": 10576, "hostname": "ip-172-31-87-111", "node_ip": "172.31.87.111", "config": {"starting_lr": 0.1, "momentum": 0.9, "weight_decay": 0.0005, "steps_per_iteration": null, "pin": false, "model_creator": null, "target_batch_size": 64, "model_string": "resnet101", "min_batch_size": 64, "dataset": "CIFAR", "placement": [2, 2], "use_nccl": false, "devices_per_worker": 1, "primary_resource": "extra_gpu", "gpu": false, "verbose": false, "trial_id": "e2f73e42", "batch_per_device": 64}, "time_since_restore": 101.60744047164917, "timesteps_since_restore": 0, "iterations_since_restore": 19, "train_throughput": 134.79433096987327, "locations": {"566ecb6fa674decb1acac916e46a605969fe58ab": 1}}
{"data_this_epoch": 640, "total_data_processed": 12800, "epochs_processed": 0.256, "num_workers": 1, "time_since_start": 114.02632784843445, "done": false, "timesteps_total": null, "episodes_total": null, "training_iteration": 20, "experiment_id": "9dd46c391faa4327b09bb1b10ccf1ff0", "date": "2019-04-24_20-54-55", "timestamp": 1556139295, "time_this_iter_s": 4.864171266555786, "time_total_s": 106.47161173820496, "pid": 10576, "hostname": "ip-172-31-87-111", "node_ip": "172.31.87.111", "config": {"starting_lr": 0.1, "momentum": 0.9, "weight_decay": 0.0005, "steps_per_iteration": null, "pin": false, "model_creator": null, "target_batch_size": 64, "model_string": "resnet101", "min_batch_size": 64, "dataset": "CIFAR", "placement": [2, 2], "use_nccl": false, "devices_per_worker": 1, "primary_resource": "extra_gpu", "gpu": false, "verbose": false, "trial_id": "e2f73e42", "batch_per_device": 64}, "time_since_restore": 106.47161173820496, "timesteps_since_restore": 0, "iterations_since_restore": 20, "train_throughput": 133.0877695827176, "locations": {"566ecb6fa674decb1acac916e46a605969fe58ab": 1}}
{"data_this_epoch": 640, "total_data_processed": 13440, "epochs_processed": 0.2688, "num_workers": 1, "time_since_start": 118.7081139087677, "done": true, "timesteps_total": null, "episodes_total": null, "training_iteration": 21, "experiment_id": "9dd46c391faa4327b09bb1b10ccf1ff0", "date": "2019-04-24_20-55-00", "timestamp": 1556139300, "time_this_iter_s": 4.676970720291138, "time_total_s": 111.1485824584961, "pid": 10576, "hostname": "ip-172-31-87-111", "node_ip": "172.31.87.111", "config": {"starting_lr": 0.1, "momentum": 0.9, "weight_decay": 0.0005, "steps_per_iteration": null, "pin": false, "model_creator": null, "target_batch_size": 64, "model_string": "resnet101", "min_batch_size": 64, "dataset": "CIFAR", "placement": [2, 2], "use_nccl": false, "devices_per_worker": 1, "primary_resource": "extra_gpu", "gpu": false, "verbose": false, "trial_id": "e2f73e42", "batch_per_device": 64}, "time_since_restore": 111.1485824584961, "timesteps_since_restore": 0, "iterations_since_restore": 21, "train_throughput": 134.1535925212554, "locations": {"566ecb6fa674decb1acac916e46a605969fe58ab": 1}}
