data_this_epoch,total_data_processed,epochs_processed,num_workers,time_since_start,done,timesteps_total,episodes_total,training_iteration,experiment_id,date,timestamp,time_this_iter_s,time_total_s,pid,hostname,node_ip,config,time_since_restore,timesteps_since_restore,iterations_since_restore,train_throughput,locations
640,640,0.0128,1,20.01090955734253,False,,,1,3e5f5f25577044f5a6440d46d5fd76f7,2019-04-24_20-42-37,1556138557,8.264433860778809,8.264433860778809,9473,ip-172-31-87-111,172.31.87.111,"{'starting_lr': 0.1, 'momentum': 0.9, 'weight_decay': 0.0005, 'steps_per_iteration': None, 'pin': False, 'model_creator': None, 'target_batch_size': 64, 'model_string': 'resnet101', 'min_batch_size': 64, 'dataset': 'CIFAR', 'placement': [2, 2], 'use_nccl': False, 'devices_per_worker': 1, 'primary_resource': 'extra_gpu', 'gpu': False, 'verbose': False, 'trial_id': 'c105bb0a', 'batch_per_device': 64}",8.264433860778809,0,1,77.4394111597204,{'12c29e099e962cda4b88394b8824c087a2a68318': 1}
640,1280,0.0256,1,26.533034086227417,False,,,2,3e5f5f25577044f5a6440d46d5fd76f7,2019-04-24_20-42-44,1556138564,6.483008623123169,14.747442483901978,9473,ip-172-31-87-111,172.31.87.111,"{'starting_lr': 0.1, 'momentum': 0.9, 'weight_decay': 0.0005, 'steps_per_iteration': None, 'pin': False, 'model_creator': None, 'target_batch_size': 64, 'model_string': 'resnet101', 'min_batch_size': 64, 'dataset': 'CIFAR', 'placement': [2, 2], 'use_nccl': False, 'devices_per_worker': 1, 'primary_resource': 'extra_gpu', 'gpu': False, 'verbose': False, 'trial_id': 'c105bb0a', 'batch_per_device': 64}",14.747442483901978,0,2,86.79369313060134,{'12c29e099e962cda4b88394b8824c087a2a68318': 1}
640,1920,0.0384,1,32.889758825302124,False,,,3,3e5f5f25577044f5a6440d46d5fd76f7,2019-04-24_20-42-50,1556138570,6.349858522415161,21.09730100631714,9473,ip-172-31-87-111,172.31.87.111,"{'starting_lr': 0.1, 'momentum': 0.9, 'weight_decay': 0.0005, 'steps_per_iteration': None, 'pin': False, 'model_creator': None, 'target_batch_size': 64, 'model_string': 'resnet101', 'min_batch_size': 64, 'dataset': 'CIFAR', 'placement': [2, 2], 'use_nccl': False, 'devices_per_worker': 1, 'primary_resource': 'extra_gpu', 'gpu': False, 'verbose': False, 'trial_id': 'c105bb0a', 'batch_per_device': 64}",21.09730100631714,0,3,99.74260072867135,{'12c29e099e962cda4b88394b8824c087a2a68318': 1}
640,2560,0.0512,1,39.339414834976196,False,,,4,3e5f5f25577044f5a6440d46d5fd76f7,2019-04-24_20-42-57,1556138577,6.442547082901001,27.53984808921814,9473,ip-172-31-87-111,172.31.87.111,"{'starting_lr': 0.1, 'momentum': 0.9, 'weight_decay': 0.0005, 'steps_per_iteration': None, 'pin': False, 'model_creator': None, 'target_batch_size': 64, 'model_string': 'resnet101', 'min_batch_size': 64, 'dataset': 'CIFAR', 'placement': [2, 2], 'use_nccl': False, 'devices_per_worker': 1, 'primary_resource': 'extra_gpu', 'gpu': False, 'verbose': False, 'trial_id': 'c105bb0a', 'batch_per_device': 64}",27.53984808921814,0,4,100.05805358892032,{'12c29e099e962cda4b88394b8824c087a2a68318': 1}
640,3200,0.064,1,45.604188203811646,False,,,5,3e5f5f25577044f5a6440d46d5fd76f7,2019-04-24_20-43-03,1556138583,6.257751941680908,33.79760003089905,9473,ip-172-31-87-111,172.31.87.111,"{'starting_lr': 0.1, 'momentum': 0.9, 'weight_decay': 0.0005, 'steps_per_iteration': None, 'pin': False, 'model_creator': None, 'target_batch_size': 64, 'model_string': 'resnet101', 'min_batch_size': 64, 'dataset': 'CIFAR', 'placement': [2, 2], 'use_nccl': False, 'devices_per_worker': 1, 'primary_resource': 'extra_gpu', 'gpu': False, 'verbose': False, 'trial_id': 'c105bb0a', 'batch_per_device': 64}",33.79760003089905,0,5,100.78371553280971,{'12c29e099e962cda4b88394b8824c087a2a68318': 1}
640,3840,0.0768,1,50.89139914512634,False,,,6,3e5f5f25577044f5a6440d46d5fd76f7,2019-04-24_20-43-08,1556138588,5.2774658203125,39.07506585121155,9473,ip-172-31-87-111,172.31.87.111,"{'starting_lr': 0.1, 'momentum': 0.9, 'weight_decay': 0.0005, 'steps_per_iteration': None, 'pin': False, 'model_creator': None, 'target_batch_size': 64, 'model_string': 'resnet101', 'min_batch_size': 64, 'dataset': 'CIFAR', 'placement': [2, 2], 'use_nccl': False, 'devices_per_worker': 1, 'primary_resource': 'extra_gpu', 'gpu': False, 'verbose': False, 'trial_id': 'c105bb0a', 'batch_per_device': 64}",39.07506585121155,0,6,110.96304691066604,{'12c29e099e962cda4b88394b8824c087a2a68318': 1}
640,4480,0.0896,1,56.27158164978027,False,,,7,3e5f5f25577044f5a6440d46d5fd76f7,2019-04-24_20-43-14,1556138594,5.373330354690552,44.4483962059021,9473,ip-172-31-87-111,172.31.87.111,"{'starting_lr': 0.1, 'momentum': 0.9, 'weight_decay': 0.0005, 'steps_per_iteration': None, 'pin': False, 'model_creator': None, 'target_batch_size': 64, 'model_string': 'resnet101', 'min_batch_size': 64, 'dataset': 'CIFAR', 'placement': [2, 2], 'use_nccl': False, 'devices_per_worker': 1, 'primary_resource': 'extra_gpu', 'gpu': False, 'verbose': False, 'trial_id': 'c105bb0a', 'batch_per_device': 64}",44.4483962059021,0,7,120.17716537900681,{'12c29e099e962cda4b88394b8824c087a2a68318': 1}
640,5120,0.1024,1,61.57435059547424,False,,,8,3e5f5f25577044f5a6440d46d5fd76f7,2019-04-24_20-43-19,1556138599,5.295838356018066,49.744234561920166,9473,ip-172-31-87-111,172.31.87.111,"{'starting_lr': 0.1, 'momentum': 0.9, 'weight_decay': 0.0005, 'steps_per_iteration': None, 'pin': False, 'model_creator': None, 'target_batch_size': 64, 'model_string': 'resnet101', 'min_batch_size': 64, 'dataset': 'CIFAR', 'placement': [2, 2], 'use_nccl': False, 'devices_per_worker': 1, 'primary_resource': 'extra_gpu', 'gpu': False, 'verbose': False, 'trial_id': 'c105bb0a', 'batch_per_device': 64}",49.744234561920166,0,8,119.97017231099294,{'12c29e099e962cda4b88394b8824c087a2a68318': 1}
640,5760,0.1152,1,67.37650275230408,False,,,9,3e5f5f25577044f5a6440d46d5fd76f7,2019-04-24_20-43-25,1556138605,5.795166969299316,55.53940153121948,9473,ip-172-31-87-111,172.31.87.111,"{'starting_lr': 0.1, 'momentum': 0.9, 'weight_decay': 0.0005, 'steps_per_iteration': None, 'pin': False, 'model_creator': None, 'target_batch_size': 64, 'model_string': 'resnet101', 'min_batch_size': 64, 'dataset': 'CIFAR', 'placement': [2, 2], 'use_nccl': False, 'devices_per_worker': 1, 'primary_resource': 'extra_gpu', 'gpu': False, 'verbose': False, 'trial_id': 'c105bb0a', 'batch_per_device': 64}",55.53940153121948,0,9,115.407219638287,{'12c29e099e962cda4b88394b8824c087a2a68318': 1}
640,6400,0.128,1,72.73442840576172,False,,,10,3e5f5f25577044f5a6440d46d5fd76f7,2019-04-24_20-43-30,1556138610,5.351136684417725,60.89053821563721,9473,ip-172-31-87-111,172.31.87.111,"{'starting_lr': 0.1, 'momentum': 0.9, 'weight_decay': 0.0005, 'steps_per_iteration': None, 'pin': False, 'model_creator': None, 'target_batch_size': 64, 'model_string': 'resnet101', 'min_batch_size': 64, 'dataset': 'CIFAR', 'placement': [2, 2], 'use_nccl': False, 'devices_per_worker': 1, 'primary_resource': 'extra_gpu', 'gpu': False, 'verbose': False, 'trial_id': 'c105bb0a', 'batch_per_device': 64}",60.89053821563721,0,10,114.8346349414718,{'12c29e099e962cda4b88394b8824c087a2a68318': 1}
640,7040,0.1408,1,77.84122371673584,False,,,11,3e5f5f25577044f5a6440d46d5fd76f7,2019-04-24_20-43-35,1556138615,5.0999462604522705,65.99048447608948,9473,ip-172-31-87-111,172.31.87.111,"{'starting_lr': 0.1, 'momentum': 0.9, 'weight_decay': 0.0005, 'steps_per_iteration': None, 'pin': False, 'model_creator': None, 'target_batch_size': 64, 'model_string': 'resnet101', 'min_batch_size': 64, 'dataset': 'CIFAR', 'placement': [2, 2], 'use_nccl': False, 'devices_per_worker': 1, 'primary_resource': 'extra_gpu', 'gpu': False, 'verbose': False, 'trial_id': 'c105bb0a', 'batch_per_device': 64}",65.99048447608948,0,11,122.47347127420602,{'12c29e099e962cda4b88394b8824c087a2a68318': 1}
640,7680,0.1536,1,83.04399514198303,False,,,12,3e5f5f25577044f5a6440d46d5fd76f7,2019-04-24_20-43-40,1556138620,5.12477707862854,71.11526155471802,9473,ip-172-31-87-111,172.31.87.111,"{'starting_lr': 0.1, 'momentum': 0.9, 'weight_decay': 0.0005, 'steps_per_iteration': None, 'pin': False, 'model_creator': None, 'target_batch_size': 64, 'model_string': 'resnet101', 'min_batch_size': 64, 'dataset': 'CIFAR', 'placement': [2, 2], 'use_nccl': False, 'devices_per_worker': 1, 'primary_resource': 'extra_gpu', 'gpu': False, 'verbose': False, 'trial_id': 'c105bb0a', 'batch_per_device': 64}",71.11526155471802,0,12,125.1847997039612,{'12c29e099e962cda4b88394b8824c087a2a68318': 1}
640,8320,0.1664,1,88.30723595619202,False,,,13,3e5f5f25577044f5a6440d46d5fd76f7,2019-04-24_20-43-46,1556138626,5.256894111633301,76.37215566635132,9473,ip-172-31-87-111,172.31.87.111,"{'starting_lr': 0.1, 'momentum': 0.9, 'weight_decay': 0.0005, 'steps_per_iteration': None, 'pin': False, 'model_creator': None, 'target_batch_size': 64, 'model_string': 'resnet101', 'min_batch_size': 64, 'dataset': 'CIFAR', 'placement': [2, 2], 'use_nccl': False, 'devices_per_worker': 1, 'primary_resource': 'extra_gpu', 'gpu': False, 'verbose': False, 'trial_id': 'c105bb0a', 'batch_per_device': 64}",76.37215566635132,0,13,123.28934221285151,{'12c29e099e962cda4b88394b8824c087a2a68318': 1}
640,8960,0.1792,1,93.63223910331726,False,,,14,3e5f5f25577044f5a6440d46d5fd76f7,2019-04-24_20-43-51,1556138631,5.316720008850098,81.68887567520142,9473,ip-172-31-87-111,172.31.87.111,"{'starting_lr': 0.1, 'momentum': 0.9, 'weight_decay': 0.0005, 'steps_per_iteration': None, 'pin': False, 'model_creator': None, 'target_batch_size': 64, 'model_string': 'resnet101', 'min_batch_size': 64, 'dataset': 'CIFAR', 'placement': [2, 2], 'use_nccl': False, 'devices_per_worker': 1, 'primary_resource': 'extra_gpu', 'gpu': False, 'verbose': False, 'trial_id': 'c105bb0a', 'batch_per_device': 64}",81.68887567520142,0,14,121.05134539434427,{'12c29e099e962cda4b88394b8824c087a2a68318': 1}
640,9600,0.192,1,98.85958814620972,False,,,15,3e5f5f25577044f5a6440d46d5fd76f7,2019-04-24_20-43-56,1556138636,5.220501899719238,86.90937757492065,9473,ip-172-31-87-111,172.31.87.111,"{'starting_lr': 0.1, 'momentum': 0.9, 'weight_decay': 0.0005, 'steps_per_iteration': None, 'pin': False, 'model_creator': None, 'target_batch_size': 64, 'model_string': 'resnet101', 'min_batch_size': 64, 'dataset': 'CIFAR', 'placement': [2, 2], 'use_nccl': False, 'devices_per_worker': 1, 'primary_resource': 'extra_gpu', 'gpu': False, 'verbose': False, 'trial_id': 'c105bb0a', 'batch_per_device': 64}",86.90937757492065,0,15,121.47113336309526,{'12c29e099e962cda4b88394b8824c087a2a68318': 1}
640,10240,0.2048,1,104.38156199455261,False,,,16,3e5f5f25577044f5a6440d46d5fd76f7,2019-04-24_20-44-02,1556138642,5.34833836555481,92.25771594047546,9473,ip-172-31-87-111,172.31.87.111,"{'starting_lr': 0.1, 'momentum': 0.9, 'weight_decay': 0.0005, 'steps_per_iteration': None, 'pin': False, 'model_creator': None, 'target_batch_size': 64, 'model_string': 'resnet101', 'min_batch_size': 64, 'dataset': 'CIFAR', 'placement': [2, 2], 'use_nccl': False, 'devices_per_worker': 1, 'primary_resource': 'extra_gpu', 'gpu': False, 'verbose': False, 'trial_id': 'c105bb0a', 'batch_per_device': 64}",92.25771594047546,0,16,121.10752368187542,{'12c29e099e962cda4b88394b8824c087a2a68318': 1}
640,10880,0.2176,1,109.41627025604248,False,,,17,3e5f5f25577044f5a6440d46d5fd76f7,2019-04-24_20-44-07,1556138647,4.9211506843566895,97.17886662483215,9473,ip-172-31-87-111,172.31.87.111,"{'starting_lr': 0.1, 'momentum': 0.9, 'weight_decay': 0.0005, 'steps_per_iteration': None, 'pin': False, 'model_creator': None, 'target_batch_size': 64, 'model_string': 'resnet101', 'min_batch_size': 64, 'dataset': 'CIFAR', 'placement': [2, 2], 'use_nccl': False, 'devices_per_worker': 1, 'primary_resource': 'extra_gpu', 'gpu': False, 'verbose': False, 'trial_id': 'c105bb0a', 'batch_per_device': 64}",97.17886662483215,0,17,124.638826027622,{'12c29e099e962cda4b88394b8824c087a2a68318': 1}
640,11520,0.2304,1,114.30152893066406,False,,,18,3e5f5f25577044f5a6440d46d5fd76f7,2019-04-24_20-44-12,1556138652,4.880469083786011,102.05933570861816,9473,ip-172-31-87-111,172.31.87.111,"{'starting_lr': 0.1, 'momentum': 0.9, 'weight_decay': 0.0005, 'steps_per_iteration': None, 'pin': False, 'model_creator': None, 'target_batch_size': 64, 'model_string': 'resnet101', 'min_batch_size': 64, 'dataset': 'CIFAR', 'placement': [2, 2], 'use_nccl': False, 'devices_per_worker': 1, 'primary_resource': 'extra_gpu', 'gpu': False, 'verbose': False, 'trial_id': 'c105bb0a', 'batch_per_device': 64}",102.05933570861816,0,18,130.58855771608208,{'12c29e099e962cda4b88394b8824c087a2a68318': 1}
640,12160,0.2432,1,119.85370016098022,False,,,19,3e5f5f25577044f5a6440d46d5fd76f7,2019-04-24_20-44-17,1556138657,5.545053005218506,107.60438871383667,9473,ip-172-31-87-111,172.31.87.111,"{'starting_lr': 0.1, 'momentum': 0.9, 'weight_decay': 0.0005, 'steps_per_iteration': None, 'pin': False, 'model_creator': None, 'target_batch_size': 64, 'model_string': 'resnet101', 'min_batch_size': 64, 'dataset': 'CIFAR', 'placement': [2, 2], 'use_nccl': False, 'devices_per_worker': 1, 'primary_resource': 'extra_gpu', 'gpu': False, 'verbose': False, 'trial_id': 'c105bb0a', 'batch_per_device': 64}",107.60438871383667,0,19,122.77388234610756,{'12c29e099e962cda4b88394b8824c087a2a68318': 1}
640,12800,0.256,1,125.10426568984985,False,,,20,3e5f5f25577044f5a6440d46d5fd76f7,2019-04-24_20-44-22,1556138662,5.2293336391448975,112.83372235298157,9473,ip-172-31-87-111,172.31.87.111,"{'starting_lr': 0.1, 'momentum': 0.9, 'weight_decay': 0.0005, 'steps_per_iteration': None, 'pin': False, 'model_creator': None, 'target_batch_size': 64, 'model_string': 'resnet101', 'min_batch_size': 64, 'dataset': 'CIFAR', 'placement': [2, 2], 'use_nccl': False, 'devices_per_worker': 1, 'primary_resource': 'extra_gpu', 'gpu': False, 'verbose': False, 'trial_id': 'c105bb0a', 'batch_per_device': 64}",112.83372235298157,0,20,118.79856785202963,{'12c29e099e962cda4b88394b8824c087a2a68318': 1}
640,13440,0.2688,1,129.92120051383972,True,,,21,3e5f5f25577044f5a6440d46d5fd76f7,2019-04-24_20-44-27,1556138667,4.810021877288818,117.64374423027039,9473,ip-172-31-87-111,172.31.87.111,"{'starting_lr': 0.1, 'momentum': 0.9, 'weight_decay': 0.0005, 'steps_per_iteration': None, 'pin': False, 'model_creator': None, 'target_batch_size': 64, 'model_string': 'resnet101', 'min_batch_size': 64, 'dataset': 'CIFAR', 'placement': [2, 2], 'use_nccl': False, 'devices_per_worker': 1, 'primary_resource': 'extra_gpu', 'gpu': False, 'verbose': False, 'trial_id': 'c105bb0a', 'batch_per_device': 64}",117.64374423027039,0,21,127.49627725846636,{'12c29e099e962cda4b88394b8824c087a2a68318': 1}
