{"data_this_epoch": 640, "total_data_processed": 640, "epochs_processed": 0.0128, "num_workers": 1, "time_since_start": 20.01090955734253, "done": false, "timesteps_total": null, "episodes_total": null, "training_iteration": 1, "experiment_id": "3e5f5f25577044f5a6440d46d5fd76f7", "date": "2019-04-24_20-42-37", "timestamp": 1556138557, "time_this_iter_s": 8.264433860778809, "time_total_s": 8.264433860778809, "pid": 9473, "hostname": "ip-172-31-87-111", "node_ip": "172.31.87.111", "config": {"starting_lr": 0.1, "momentum": 0.9, "weight_decay": 0.0005, "steps_per_iteration": null, "pin": false, "model_creator": null, "target_batch_size": 64, "model_string": "resnet101", "min_batch_size": 64, "dataset": "CIFAR", "placement": [2, 2], "use_nccl": false, "devices_per_worker": 1, "primary_resource": "extra_gpu", "gpu": false, "verbose": false, "trial_id": "c105bb0a", "batch_per_device": 64}, "time_since_restore": 8.264433860778809, "timesteps_since_restore": 0, "iterations_since_restore": 1, "train_throughput": 77.4394111597204, "locations": {"12c29e099e962cda4b88394b8824c087a2a68318": 1}}
{"data_this_epoch": 640, "total_data_processed": 1280, "epochs_processed": 0.0256, "num_workers": 1, "time_since_start": 26.533034086227417, "done": false, "timesteps_total": null, "episodes_total": null, "training_iteration": 2, "experiment_id": "3e5f5f25577044f5a6440d46d5fd76f7", "date": "2019-04-24_20-42-44", "timestamp": 1556138564, "time_this_iter_s": 6.483008623123169, "time_total_s": 14.747442483901978, "pid": 9473, "hostname": "ip-172-31-87-111", "node_ip": "172.31.87.111", "config": {"starting_lr": 0.1, "momentum": 0.9, "weight_decay": 0.0005, "steps_per_iteration": null, "pin": false, "model_creator": null, "target_batch_size": 64, "model_string": "resnet101", "min_batch_size": 64, "dataset": "CIFAR", "placement": [2, 2], "use_nccl": false, "devices_per_worker": 1, "primary_resource": "extra_gpu", "gpu": false, "verbose": false, "trial_id": "c105bb0a", "batch_per_device": 64}, "time_since_restore": 14.747442483901978, "timesteps_since_restore": 0, "iterations_since_restore": 2, "train_throughput": 86.79369313060134, "locations": {"12c29e099e962cda4b88394b8824c087a2a68318": 1}}
{"data_this_epoch": 640, "total_data_processed": 1920, "epochs_processed": 0.0384, "num_workers": 1, "time_since_start": 32.889758825302124, "done": false, "timesteps_total": null, "episodes_total": null, "training_iteration": 3, "experiment_id": "3e5f5f25577044f5a6440d46d5fd76f7", "date": "2019-04-24_20-42-50", "timestamp": 1556138570, "time_this_iter_s": 6.349858522415161, "time_total_s": 21.09730100631714, "pid": 9473, "hostname": "ip-172-31-87-111", "node_ip": "172.31.87.111", "config": {"starting_lr": 0.1, "momentum": 0.9, "weight_decay": 0.0005, "steps_per_iteration": null, "pin": false, "model_creator": null, "target_batch_size": 64, "model_string": "resnet101", "min_batch_size": 64, "dataset": "CIFAR", "placement": [2, 2], "use_nccl": false, "devices_per_worker": 1, "primary_resource": "extra_gpu", "gpu": false, "verbose": false, "trial_id": "c105bb0a", "batch_per_device": 64}, "time_since_restore": 21.09730100631714, "timesteps_since_restore": 0, "iterations_since_restore": 3, "train_throughput": 99.74260072867135, "locations": {"12c29e099e962cda4b88394b8824c087a2a68318": 1}}
{"data_this_epoch": 640, "total_data_processed": 2560, "epochs_processed": 0.0512, "num_workers": 1, "time_since_start": 39.339414834976196, "done": false, "timesteps_total": null, "episodes_total": null, "training_iteration": 4, "experiment_id": "3e5f5f25577044f5a6440d46d5fd76f7", "date": "2019-04-24_20-42-57", "timestamp": 1556138577, "time_this_iter_s": 6.442547082901001, "time_total_s": 27.53984808921814, "pid": 9473, "hostname": "ip-172-31-87-111", "node_ip": "172.31.87.111", "config": {"starting_lr": 0.1, "momentum": 0.9, "weight_decay": 0.0005, "steps_per_iteration": null, "pin": false, "model_creator": null, "target_batch_size": 64, "model_string": "resnet101", "min_batch_size": 64, "dataset": "CIFAR", "placement": [2, 2], "use_nccl": false, "devices_per_worker": 1, "primary_resource": "extra_gpu", "gpu": false, "verbose": false, "trial_id": "c105bb0a", "batch_per_device": 64}, "time_since_restore": 27.53984808921814, "timesteps_since_restore": 0, "iterations_since_restore": 4, "train_throughput": 100.05805358892032, "locations": {"12c29e099e962cda4b88394b8824c087a2a68318": 1}}
{"data_this_epoch": 640, "total_data_processed": 3200, "epochs_processed": 0.064, "num_workers": 1, "time_since_start": 45.604188203811646, "done": false, "timesteps_total": null, "episodes_total": null, "training_iteration": 5, "experiment_id": "3e5f5f25577044f5a6440d46d5fd76f7", "date": "2019-04-24_20-43-03", "timestamp": 1556138583, "time_this_iter_s": 6.257751941680908, "time_total_s": 33.79760003089905, "pid": 9473, "hostname": "ip-172-31-87-111", "node_ip": "172.31.87.111", "config": {"starting_lr": 0.1, "momentum": 0.9, "weight_decay": 0.0005, "steps_per_iteration": null, "pin": false, "model_creator": null, "target_batch_size": 64, "model_string": "resnet101", "min_batch_size": 64, "dataset": "CIFAR", "placement": [2, 2], "use_nccl": false, "devices_per_worker": 1, "primary_resource": "extra_gpu", "gpu": false, "verbose": false, "trial_id": "c105bb0a", "batch_per_device": 64}, "time_since_restore": 33.79760003089905, "timesteps_since_restore": 0, "iterations_since_restore": 5, "train_throughput": 100.78371553280971, "locations": {"12c29e099e962cda4b88394b8824c087a2a68318": 1}}
{"data_this_epoch": 640, "total_data_processed": 3840, "epochs_processed": 0.0768, "num_workers": 1, "time_since_start": 50.89139914512634, "done": false, "timesteps_total": null, "episodes_total": null, "training_iteration": 6, "experiment_id": "3e5f5f25577044f5a6440d46d5fd76f7", "date": "2019-04-24_20-43-08", "timestamp": 1556138588, "time_this_iter_s": 5.2774658203125, "time_total_s": 39.07506585121155, "pid": 9473, "hostname": "ip-172-31-87-111", "node_ip": "172.31.87.111", "config": {"starting_lr": 0.1, "momentum": 0.9, "weight_decay": 0.0005, "steps_per_iteration": null, "pin": false, "model_creator": null, "target_batch_size": 64, "model_string": "resnet101", "min_batch_size": 64, "dataset": "CIFAR", "placement": [2, 2], "use_nccl": false, "devices_per_worker": 1, "primary_resource": "extra_gpu", "gpu": false, "verbose": false, "trial_id": "c105bb0a", "batch_per_device": 64}, "time_since_restore": 39.07506585121155, "timesteps_since_restore": 0, "iterations_since_restore": 6, "train_throughput": 110.96304691066604, "locations": {"12c29e099e962cda4b88394b8824c087a2a68318": 1}}
{"data_this_epoch": 640, "total_data_processed": 4480, "epochs_processed": 0.0896, "num_workers": 1, "time_since_start": 56.27158164978027, "done": false, "timesteps_total": null, "episodes_total": null, "training_iteration": 7, "experiment_id": "3e5f5f25577044f5a6440d46d5fd76f7", "date": "2019-04-24_20-43-14", "timestamp": 1556138594, "time_this_iter_s": 5.373330354690552, "time_total_s": 44.4483962059021, "pid": 9473, "hostname": "ip-172-31-87-111", "node_ip": "172.31.87.111", "config": {"starting_lr": 0.1, "momentum": 0.9, "weight_decay": 0.0005, "steps_per_iteration": null, "pin": false, "model_creator": null, "target_batch_size": 64, "model_string": "resnet101", "min_batch_size": 64, "dataset": "CIFAR", "placement": [2, 2], "use_nccl": false, "devices_per_worker": 1, "primary_resource": "extra_gpu", "gpu": false, "verbose": false, "trial_id": "c105bb0a", "batch_per_device": 64}, "time_since_restore": 44.4483962059021, "timesteps_since_restore": 0, "iterations_since_restore": 7, "train_throughput": 120.17716537900681, "locations": {"12c29e099e962cda4b88394b8824c087a2a68318": 1}}
{"data_this_epoch": 640, "total_data_processed": 5120, "epochs_processed": 0.1024, "num_workers": 1, "time_since_start": 61.57435059547424, "done": false, "timesteps_total": null, "episodes_total": null, "training_iteration": 8, "experiment_id": "3e5f5f25577044f5a6440d46d5fd76f7", "date": "2019-04-24_20-43-19", "timestamp": 1556138599, "time_this_iter_s": 5.295838356018066, "time_total_s": 49.744234561920166, "pid": 9473, "hostname": "ip-172-31-87-111", "node_ip": "172.31.87.111", "config": {"starting_lr": 0.1, "momentum": 0.9, "weight_decay": 0.0005, "steps_per_iteration": null, "pin": false, "model_creator": null, "target_batch_size": 64, "model_string": "resnet101", "min_batch_size": 64, "dataset": "CIFAR", "placement": [2, 2], "use_nccl": false, "devices_per_worker": 1, "primary_resource": "extra_gpu", "gpu": false, "verbose": false, "trial_id": "c105bb0a", "batch_per_device": 64}, "time_since_restore": 49.744234561920166, "timesteps_since_restore": 0, "iterations_since_restore": 8, "train_throughput": 119.97017231099294, "locations": {"12c29e099e962cda4b88394b8824c087a2a68318": 1}}
{"data_this_epoch": 640, "total_data_processed": 5760, "epochs_processed": 0.1152, "num_workers": 1, "time_since_start": 67.37650275230408, "done": false, "timesteps_total": null, "episodes_total": null, "training_iteration": 9, "experiment_id": "3e5f5f25577044f5a6440d46d5fd76f7", "date": "2019-04-24_20-43-25", "timestamp": 1556138605, "time_this_iter_s": 5.795166969299316, "time_total_s": 55.53940153121948, "pid": 9473, "hostname": "ip-172-31-87-111", "node_ip": "172.31.87.111", "config": {"starting_lr": 0.1, "momentum": 0.9, "weight_decay": 0.0005, "steps_per_iteration": null, "pin": false, "model_creator": null, "target_batch_size": 64, "model_string": "resnet101", "min_batch_size": 64, "dataset": "CIFAR", "placement": [2, 2], "use_nccl": false, "devices_per_worker": 1, "primary_resource": "extra_gpu", "gpu": false, "verbose": false, "trial_id": "c105bb0a", "batch_per_device": 64}, "time_since_restore": 55.53940153121948, "timesteps_since_restore": 0, "iterations_since_restore": 9, "train_throughput": 115.407219638287, "locations": {"12c29e099e962cda4b88394b8824c087a2a68318": 1}}
{"data_this_epoch": 640, "total_data_processed": 6400, "epochs_processed": 0.128, "num_workers": 1, "time_since_start": 72.73442840576172, "done": false, "timesteps_total": null, "episodes_total": null, "training_iteration": 10, "experiment_id": "3e5f5f25577044f5a6440d46d5fd76f7", "date": "2019-04-24_20-43-30", "timestamp": 1556138610, "time_this_iter_s": 5.351136684417725, "time_total_s": 60.89053821563721, "pid": 9473, "hostname": "ip-172-31-87-111", "node_ip": "172.31.87.111", "config": {"starting_lr": 0.1, "momentum": 0.9, "weight_decay": 0.0005, "steps_per_iteration": null, "pin": false, "model_creator": null, "target_batch_size": 64, "model_string": "resnet101", "min_batch_size": 64, "dataset": "CIFAR", "placement": [2, 2], "use_nccl": false, "devices_per_worker": 1, "primary_resource": "extra_gpu", "gpu": false, "verbose": false, "trial_id": "c105bb0a", "batch_per_device": 64}, "time_since_restore": 60.89053821563721, "timesteps_since_restore": 0, "iterations_since_restore": 10, "train_throughput": 114.8346349414718, "locations": {"12c29e099e962cda4b88394b8824c087a2a68318": 1}}
{"data_this_epoch": 640, "total_data_processed": 7040, "epochs_processed": 0.1408, "num_workers": 1, "time_since_start": 77.84122371673584, "done": false, "timesteps_total": null, "episodes_total": null, "training_iteration": 11, "experiment_id": "3e5f5f25577044f5a6440d46d5fd76f7", "date": "2019-04-24_20-43-35", "timestamp": 1556138615, "time_this_iter_s": 5.0999462604522705, "time_total_s": 65.99048447608948, "pid": 9473, "hostname": "ip-172-31-87-111", "node_ip": "172.31.87.111", "config": {"starting_lr": 0.1, "momentum": 0.9, "weight_decay": 0.0005, "steps_per_iteration": null, "pin": false, "model_creator": null, "target_batch_size": 64, "model_string": "resnet101", "min_batch_size": 64, "dataset": "CIFAR", "placement": [2, 2], "use_nccl": false, "devices_per_worker": 1, "primary_resource": "extra_gpu", "gpu": false, "verbose": false, "trial_id": "c105bb0a", "batch_per_device": 64}, "time_since_restore": 65.99048447608948, "timesteps_since_restore": 0, "iterations_since_restore": 11, "train_throughput": 122.47347127420602, "locations": {"12c29e099e962cda4b88394b8824c087a2a68318": 1}}
{"data_this_epoch": 640, "total_data_processed": 7680, "epochs_processed": 0.1536, "num_workers": 1, "time_since_start": 83.04399514198303, "done": false, "timesteps_total": null, "episodes_total": null, "training_iteration": 12, "experiment_id": "3e5f5f25577044f5a6440d46d5fd76f7", "date": "2019-04-24_20-43-40", "timestamp": 1556138620, "time_this_iter_s": 5.12477707862854, "time_total_s": 71.11526155471802, "pid": 9473, "hostname": "ip-172-31-87-111", "node_ip": "172.31.87.111", "config": {"starting_lr": 0.1, "momentum": 0.9, "weight_decay": 0.0005, "steps_per_iteration": null, "pin": false, "model_creator": null, "target_batch_size": 64, "model_string": "resnet101", "min_batch_size": 64, "dataset": "CIFAR", "placement": [2, 2], "use_nccl": false, "devices_per_worker": 1, "primary_resource": "extra_gpu", "gpu": false, "verbose": false, "trial_id": "c105bb0a", "batch_per_device": 64}, "time_since_restore": 71.11526155471802, "timesteps_since_restore": 0, "iterations_since_restore": 12, "train_throughput": 125.1847997039612, "locations": {"12c29e099e962cda4b88394b8824c087a2a68318": 1}}
{"data_this_epoch": 640, "total_data_processed": 8320, "epochs_processed": 0.1664, "num_workers": 1, "time_since_start": 88.30723595619202, "done": false, "timesteps_total": null, "episodes_total": null, "training_iteration": 13, "experiment_id": "3e5f5f25577044f5a6440d46d5fd76f7", "date": "2019-04-24_20-43-46", "timestamp": 1556138626, "time_this_iter_s": 5.256894111633301, "time_total_s": 76.37215566635132, "pid": 9473, "hostname": "ip-172-31-87-111", "node_ip": "172.31.87.111", "config": {"starting_lr": 0.1, "momentum": 0.9, "weight_decay": 0.0005, "steps_per_iteration": null, "pin": false, "model_creator": null, "target_batch_size": 64, "model_string": "resnet101", "min_batch_size": 64, "dataset": "CIFAR", "placement": [2, 2], "use_nccl": false, "devices_per_worker": 1, "primary_resource": "extra_gpu", "gpu": false, "verbose": false, "trial_id": "c105bb0a", "batch_per_device": 64}, "time_since_restore": 76.37215566635132, "timesteps_since_restore": 0, "iterations_since_restore": 13, "train_throughput": 123.28934221285151, "locations": {"12c29e099e962cda4b88394b8824c087a2a68318": 1}}
{"data_this_epoch": 640, "total_data_processed": 8960, "epochs_processed": 0.1792, "num_workers": 1, "time_since_start": 93.63223910331726, "done": false, "timesteps_total": null, "episodes_total": null, "training_iteration": 14, "experiment_id": "3e5f5f25577044f5a6440d46d5fd76f7", "date": "2019-04-24_20-43-51", "timestamp": 1556138631, "time_this_iter_s": 5.316720008850098, "time_total_s": 81.68887567520142, "pid": 9473, "hostname": "ip-172-31-87-111", "node_ip": "172.31.87.111", "config": {"starting_lr": 0.1, "momentum": 0.9, "weight_decay": 0.0005, "steps_per_iteration": null, "pin": false, "model_creator": null, "target_batch_size": 64, "model_string": "resnet101", "min_batch_size": 64, "dataset": "CIFAR", "placement": [2, 2], "use_nccl": false, "devices_per_worker": 1, "primary_resource": "extra_gpu", "gpu": false, "verbose": false, "trial_id": "c105bb0a", "batch_per_device": 64}, "time_since_restore": 81.68887567520142, "timesteps_since_restore": 0, "iterations_since_restore": 14, "train_throughput": 121.05134539434427, "locations": {"12c29e099e962cda4b88394b8824c087a2a68318": 1}}
{"data_this_epoch": 640, "total_data_processed": 9600, "epochs_processed": 0.192, "num_workers": 1, "time_since_start": 98.85958814620972, "done": false, "timesteps_total": null, "episodes_total": null, "training_iteration": 15, "experiment_id": "3e5f5f25577044f5a6440d46d5fd76f7", "date": "2019-04-24_20-43-56", "timestamp": 1556138636, "time_this_iter_s": 5.220501899719238, "time_total_s": 86.90937757492065, "pid": 9473, "hostname": "ip-172-31-87-111", "node_ip": "172.31.87.111", "config": {"starting_lr": 0.1, "momentum": 0.9, "weight_decay": 0.0005, "steps_per_iteration": null, "pin": false, "model_creator": null, "target_batch_size": 64, "model_string": "resnet101", "min_batch_size": 64, "dataset": "CIFAR", "placement": [2, 2], "use_nccl": false, "devices_per_worker": 1, "primary_resource": "extra_gpu", "gpu": false, "verbose": false, "trial_id": "c105bb0a", "batch_per_device": 64}, "time_since_restore": 86.90937757492065, "timesteps_since_restore": 0, "iterations_since_restore": 15, "train_throughput": 121.47113336309526, "locations": {"12c29e099e962cda4b88394b8824c087a2a68318": 1}}
{"data_this_epoch": 640, "total_data_processed": 10240, "epochs_processed": 0.2048, "num_workers": 1, "time_since_start": 104.38156199455261, "done": false, "timesteps_total": null, "episodes_total": null, "training_iteration": 16, "experiment_id": "3e5f5f25577044f5a6440d46d5fd76f7", "date": "2019-04-24_20-44-02", "timestamp": 1556138642, "time_this_iter_s": 5.34833836555481, "time_total_s": 92.25771594047546, "pid": 9473, "hostname": "ip-172-31-87-111", "node_ip": "172.31.87.111", "config": {"starting_lr": 0.1, "momentum": 0.9, "weight_decay": 0.0005, "steps_per_iteration": null, "pin": false, "model_creator": null, "target_batch_size": 64, "model_string": "resnet101", "min_batch_size": 64, "dataset": "CIFAR", "placement": [2, 2], "use_nccl": false, "devices_per_worker": 1, "primary_resource": "extra_gpu", "gpu": false, "verbose": false, "trial_id": "c105bb0a", "batch_per_device": 64}, "time_since_restore": 92.25771594047546, "timesteps_since_restore": 0, "iterations_since_restore": 16, "train_throughput": 121.10752368187542, "locations": {"12c29e099e962cda4b88394b8824c087a2a68318": 1}}
{"data_this_epoch": 640, "total_data_processed": 10880, "epochs_processed": 0.2176, "num_workers": 1, "time_since_start": 109.41627025604248, "done": false, "timesteps_total": null, "episodes_total": null, "training_iteration": 17, "experiment_id": "3e5f5f25577044f5a6440d46d5fd76f7", "date": "2019-04-24_20-44-07", "timestamp": 1556138647, "time_this_iter_s": 4.9211506843566895, "time_total_s": 97.17886662483215, "pid": 9473, "hostname": "ip-172-31-87-111", "node_ip": "172.31.87.111", "config": {"starting_lr": 0.1, "momentum": 0.9, "weight_decay": 0.0005, "steps_per_iteration": null, "pin": false, "model_creator": null, "target_batch_size": 64, "model_string": "resnet101", "min_batch_size": 64, "dataset": "CIFAR", "placement": [2, 2], "use_nccl": false, "devices_per_worker": 1, "primary_resource": "extra_gpu", "gpu": false, "verbose": false, "trial_id": "c105bb0a", "batch_per_device": 64}, "time_since_restore": 97.17886662483215, "timesteps_since_restore": 0, "iterations_since_restore": 17, "train_throughput": 124.638826027622, "locations": {"12c29e099e962cda4b88394b8824c087a2a68318": 1}}
{"data_this_epoch": 640, "total_data_processed": 11520, "epochs_processed": 0.2304, "num_workers": 1, "time_since_start": 114.30152893066406, "done": false, "timesteps_total": null, "episodes_total": null, "training_iteration": 18, "experiment_id": "3e5f5f25577044f5a6440d46d5fd76f7", "date": "2019-04-24_20-44-12", "timestamp": 1556138652, "time_this_iter_s": 4.880469083786011, "time_total_s": 102.05933570861816, "pid": 9473, "hostname": "ip-172-31-87-111", "node_ip": "172.31.87.111", "config": {"starting_lr": 0.1, "momentum": 0.9, "weight_decay": 0.0005, "steps_per_iteration": null, "pin": false, "model_creator": null, "target_batch_size": 64, "model_string": "resnet101", "min_batch_size": 64, "dataset": "CIFAR", "placement": [2, 2], "use_nccl": false, "devices_per_worker": 1, "primary_resource": "extra_gpu", "gpu": false, "verbose": false, "trial_id": "c105bb0a", "batch_per_device": 64}, "time_since_restore": 102.05933570861816, "timesteps_since_restore": 0, "iterations_since_restore": 18, "train_throughput": 130.58855771608208, "locations": {"12c29e099e962cda4b88394b8824c087a2a68318": 1}}
{"data_this_epoch": 640, "total_data_processed": 12160, "epochs_processed": 0.2432, "num_workers": 1, "time_since_start": 119.85370016098022, "done": false, "timesteps_total": null, "episodes_total": null, "training_iteration": 19, "experiment_id": "3e5f5f25577044f5a6440d46d5fd76f7", "date": "2019-04-24_20-44-17", "timestamp": 1556138657, "time_this_iter_s": 5.545053005218506, "time_total_s": 107.60438871383667, "pid": 9473, "hostname": "ip-172-31-87-111", "node_ip": "172.31.87.111", "config": {"starting_lr": 0.1, "momentum": 0.9, "weight_decay": 0.0005, "steps_per_iteration": null, "pin": false, "model_creator": null, "target_batch_size": 64, "model_string": "resnet101", "min_batch_size": 64, "dataset": "CIFAR", "placement": [2, 2], "use_nccl": false, "devices_per_worker": 1, "primary_resource": "extra_gpu", "gpu": false, "verbose": false, "trial_id": "c105bb0a", "batch_per_device": 64}, "time_since_restore": 107.60438871383667, "timesteps_since_restore": 0, "iterations_since_restore": 19, "train_throughput": 122.77388234610756, "locations": {"12c29e099e962cda4b88394b8824c087a2a68318": 1}}
{"data_this_epoch": 640, "total_data_processed": 12800, "epochs_processed": 0.256, "num_workers": 1, "time_since_start": 125.10426568984985, "done": false, "timesteps_total": null, "episodes_total": null, "training_iteration": 20, "experiment_id": "3e5f5f25577044f5a6440d46d5fd76f7", "date": "2019-04-24_20-44-22", "timestamp": 1556138662, "time_this_iter_s": 5.2293336391448975, "time_total_s": 112.83372235298157, "pid": 9473, "hostname": "ip-172-31-87-111", "node_ip": "172.31.87.111", "config": {"starting_lr": 0.1, "momentum": 0.9, "weight_decay": 0.0005, "steps_per_iteration": null, "pin": false, "model_creator": null, "target_batch_size": 64, "model_string": "resnet101", "min_batch_size": 64, "dataset": "CIFAR", "placement": [2, 2], "use_nccl": false, "devices_per_worker": 1, "primary_resource": "extra_gpu", "gpu": false, "verbose": false, "trial_id": "c105bb0a", "batch_per_device": 64}, "time_since_restore": 112.83372235298157, "timesteps_since_restore": 0, "iterations_since_restore": 20, "train_throughput": 118.79856785202963, "locations": {"12c29e099e962cda4b88394b8824c087a2a68318": 1}}
{"data_this_epoch": 640, "total_data_processed": 13440, "epochs_processed": 0.2688, "num_workers": 1, "time_since_start": 129.92120051383972, "done": true, "timesteps_total": null, "episodes_total": null, "training_iteration": 21, "experiment_id": "3e5f5f25577044f5a6440d46d5fd76f7", "date": "2019-04-24_20-44-27", "timestamp": 1556138667, "time_this_iter_s": 4.810021877288818, "time_total_s": 117.64374423027039, "pid": 9473, "hostname": "ip-172-31-87-111", "node_ip": "172.31.87.111", "config": {"starting_lr": 0.1, "momentum": 0.9, "weight_decay": 0.0005, "steps_per_iteration": null, "pin": false, "model_creator": null, "target_batch_size": 64, "model_string": "resnet101", "min_batch_size": 64, "dataset": "CIFAR", "placement": [2, 2], "use_nccl": false, "devices_per_worker": 1, "primary_resource": "extra_gpu", "gpu": false, "verbose": false, "trial_id": "c105bb0a", "batch_per_device": 64}, "time_since_restore": 117.64374423027039, "timesteps_since_restore": 0, "iterations_since_restore": 21, "train_throughput": 127.49627725846636, "locations": {"12c29e099e962cda4b88394b8824c087a2a68318": 1}}
