data_this_epoch,total_data_processed,epochs_processed,num_workers,time_since_start,done,timesteps_total,episodes_total,training_iteration,experiment_id,date,timestamp,time_this_iter_s,time_total_s,pid,hostname,node_ip,config,time_since_restore,timesteps_since_restore,iterations_since_restore,train_throughput,locations
640,640,0.0128,1,15.499144077301025,False,,,1,3ca53ab09fab449991093bdc14c0806f,2019-04-24_20-53-16,1556139196,7.17750096321106,7.17750096321106,10575,ip-172-31-87-111,172.31.87.111,"{'starting_lr': 0.1, 'momentum': 0.9, 'weight_decay': 0.0005, 'steps_per_iteration': None, 'pin': False, 'model_creator': None, 'target_batch_size': 64, 'model_string': 'resnet101', 'min_batch_size': 64, 'dataset': 'CIFAR', 'placement': [2, 2], 'use_nccl': False, 'devices_per_worker': 1, 'primary_resource': 'extra_gpu', 'gpu': False, 'verbose': False, 'trial_id': '9d28ae7c', 'batch_per_device': 64}",7.17750096321106,0,1,89.16635257173247,{'6beedb4ad814c7132062d14c8da41b0e2659689d': 1}
640,1280,0.0256,1,21.049170970916748,False,,,2,3ca53ab09fab449991093bdc14c0806f,2019-04-24_20-53-22,1556139202,5.540619134902954,12.718120098114014,10575,ip-172-31-87-111,172.31.87.111,"{'starting_lr': 0.1, 'momentum': 0.9, 'weight_decay': 0.0005, 'steps_per_iteration': None, 'pin': False, 'model_creator': None, 'target_batch_size': 64, 'model_string': 'resnet101', 'min_batch_size': 64, 'dataset': 'CIFAR', 'placement': [2, 2], 'use_nccl': False, 'devices_per_worker': 1, 'primary_resource': 'extra_gpu', 'gpu': False, 'verbose': False, 'trial_id': '9d28ae7c', 'batch_per_device': 64}",12.718120098114014,0,2,100.64245609242002,{'6beedb4ad814c7132062d14c8da41b0e2659689d': 1}
640,1920,0.0384,1,26.517333984375,False,,,3,3ca53ab09fab449991093bdc14c0806f,2019-04-24_20-53-27,1556139207,5.461305856704712,18.179425954818726,10575,ip-172-31-87-111,172.31.87.111,"{'starting_lr': 0.1, 'momentum': 0.9, 'weight_decay': 0.0005, 'steps_per_iteration': None, 'pin': False, 'model_creator': None, 'target_batch_size': 64, 'model_string': 'resnet101', 'min_batch_size': 64, 'dataset': 'CIFAR', 'placement': [2, 2], 'use_nccl': False, 'devices_per_worker': 1, 'primary_resource': 'extra_gpu', 'gpu': False, 'verbose': False, 'trial_id': '9d28ae7c', 'batch_per_device': 64}",18.179425954818726,0,3,116.34161491127404,{'6beedb4ad814c7132062d14c8da41b0e2659689d': 1}
640,2560,0.0512,1,31.981972694396973,False,,,4,3ca53ab09fab449991093bdc14c0806f,2019-04-24_20-53-33,1556139213,5.457645416259766,23.63707137107849,10575,ip-172-31-87-111,172.31.87.111,"{'starting_lr': 0.1, 'momentum': 0.9, 'weight_decay': 0.0005, 'steps_per_iteration': None, 'pin': False, 'model_creator': None, 'target_batch_size': 64, 'model_string': 'resnet101', 'min_batch_size': 64, 'dataset': 'CIFAR', 'placement': [2, 2], 'use_nccl': False, 'devices_per_worker': 1, 'primary_resource': 'extra_gpu', 'gpu': False, 'verbose': False, 'trial_id': '9d28ae7c', 'batch_per_device': 64}",23.63707137107849,0,4,117.22559901236066,{'6beedb4ad814c7132062d14c8da41b0e2659689d': 1}
640,3200,0.064,1,37.431201696395874,False,,,5,3ca53ab09fab449991093bdc14c0806f,2019-04-24_20-53-38,1556139218,5.442354917526245,29.079426288604736,10575,ip-172-31-87-111,172.31.87.111,"{'starting_lr': 0.1, 'momentum': 0.9, 'weight_decay': 0.0005, 'steps_per_iteration': None, 'pin': False, 'model_creator': None, 'target_batch_size': 64, 'model_string': 'resnet101', 'min_batch_size': 64, 'dataset': 'CIFAR', 'placement': [2, 2], 'use_nccl': False, 'devices_per_worker': 1, 'primary_resource': 'extra_gpu', 'gpu': False, 'verbose': False, 'trial_id': '9d28ae7c', 'batch_per_device': 64}",29.079426288604736,0,5,117.42938593264971,{'6beedb4ad814c7132062d14c8da41b0e2659689d': 1}
640,3840,0.0768,1,43.15009331703186,False,,,6,3ca53ab09fab449991093bdc14c0806f,2019-04-24_20-53-44,1556139224,5.622899770736694,34.70232605934143,10575,ip-172-31-87-111,172.31.87.111,"{'starting_lr': 0.1, 'momentum': 0.9, 'weight_decay': 0.0005, 'steps_per_iteration': None, 'pin': False, 'model_creator': None, 'target_batch_size': 64, 'model_string': 'resnet101', 'min_batch_size': 64, 'dataset': 'CIFAR', 'placement': [2, 2], 'use_nccl': False, 'devices_per_worker': 1, 'primary_resource': 'extra_gpu', 'gpu': False, 'verbose': False, 'trial_id': '9d28ae7c', 'batch_per_device': 64}",34.70232605934143,0,6,115.67563759119376,{'6beedb4ad814c7132062d14c8da41b0e2659689d': 1}
640,4480,0.0896,1,48.51497411727905,False,,,7,3ca53ab09fab449991093bdc14c0806f,2019-04-24_20-53-49,1556139229,5.357931613922119,40.06025767326355,10575,ip-172-31-87-111,172.31.87.111,"{'starting_lr': 0.1, 'momentum': 0.9, 'weight_decay': 0.0005, 'steps_per_iteration': None, 'pin': False, 'model_creator': None, 'target_batch_size': 64, 'model_string': 'resnet101', 'min_batch_size': 64, 'dataset': 'CIFAR', 'placement': [2, 2], 'use_nccl': False, 'devices_per_worker': 1, 'primary_resource': 'extra_gpu', 'gpu': False, 'verbose': False, 'trial_id': '9d28ae7c', 'batch_per_device': 64}",40.06025767326355,0,7,116.56496378007245,{'6beedb4ad814c7132062d14c8da41b0e2659689d': 1}
640,5120,0.1024,1,53.906651973724365,False,,,8,3ca53ab09fab449991093bdc14c0806f,2019-04-24_20-53-55,1556139235,5.384728193283081,45.44498586654663,10575,ip-172-31-87-111,172.31.87.111,"{'starting_lr': 0.1, 'momentum': 0.9, 'weight_decay': 0.0005, 'steps_per_iteration': None, 'pin': False, 'model_creator': None, 'target_batch_size': 64, 'model_string': 'resnet101', 'min_batch_size': 64, 'dataset': 'CIFAR', 'placement': [2, 2], 'use_nccl': False, 'devices_per_worker': 1, 'primary_resource': 'extra_gpu', 'gpu': False, 'verbose': False, 'trial_id': '9d28ae7c', 'batch_per_device': 64}",45.44498586654663,0,8,119.1485810042193,{'6beedb4ad814c7132062d14c8da41b0e2659689d': 1}
640,5760,0.1152,1,59.34303569793701,False,,,9,3ca53ab09fab449991093bdc14c0806f,2019-04-24_20-54-00,1556139240,5.286964416503906,50.73195028305054,10575,ip-172-31-87-111,172.31.87.111,"{'starting_lr': 0.1, 'momentum': 0.9, 'weight_decay': 0.0005, 'steps_per_iteration': None, 'pin': False, 'model_creator': None, 'target_batch_size': 64, 'model_string': 'resnet101', 'min_batch_size': 64, 'dataset': 'CIFAR', 'placement': [2, 2], 'use_nccl': False, 'devices_per_worker': 1, 'primary_resource': 'extra_gpu', 'gpu': False, 'verbose': False, 'trial_id': '9d28ae7c', 'batch_per_device': 64}",50.73195028305054,0,9,119.94089893034356,{'6beedb4ad814c7132062d14c8da41b0e2659689d': 1}
640,6400,0.128,1,64.33544254302979,False,,,10,3ca53ab09fab449991093bdc14c0806f,2019-04-24_20-54-05,1556139245,4.985346078872681,55.71729636192322,10575,ip-172-31-87-111,172.31.87.111,"{'starting_lr': 0.1, 'momentum': 0.9, 'weight_decay': 0.0005, 'steps_per_iteration': None, 'pin': False, 'model_creator': None, 'target_batch_size': 64, 'model_string': 'resnet101', 'min_batch_size': 64, 'dataset': 'CIFAR', 'placement': [2, 2], 'use_nccl': False, 'devices_per_worker': 1, 'primary_resource': 'extra_gpu', 'gpu': False, 'verbose': False, 'trial_id': '9d28ae7c', 'batch_per_device': 64}",55.71729636192322,0,10,124.60479514235459,{'6beedb4ad814c7132062d14c8da41b0e2659689d': 1}
640,7040,0.1408,1,69.89768648147583,False,,,11,3ca53ab09fab449991093bdc14c0806f,2019-04-24_20-54-11,1556139251,5.46915340423584,61.18644976615906,10575,ip-172-31-87-111,172.31.87.111,"{'starting_lr': 0.1, 'momentum': 0.9, 'weight_decay': 0.0005, 'steps_per_iteration': None, 'pin': False, 'model_creator': None, 'target_batch_size': 64, 'model_string': 'resnet101', 'min_batch_size': 64, 'dataset': 'CIFAR', 'placement': [2, 2], 'use_nccl': False, 'devices_per_worker': 1, 'primary_resource': 'extra_gpu', 'gpu': False, 'verbose': False, 'trial_id': '9d28ae7c', 'batch_per_device': 64}",61.18644976615906,0,11,122.4334474647902,{'6beedb4ad814c7132062d14c8da41b0e2659689d': 1}
640,7680,0.1536,1,74.99375057220459,False,,,12,3ca53ab09fab449991093bdc14c0806f,2019-04-24_20-54-16,1556139256,5.089086055755615,66.27553582191467,10575,ip-172-31-87-111,172.31.87.111,"{'starting_lr': 0.1, 'momentum': 0.9, 'weight_decay': 0.0005, 'steps_per_iteration': None, 'pin': False, 'model_creator': None, 'target_batch_size': 64, 'model_string': 'resnet101', 'min_batch_size': 64, 'dataset': 'CIFAR', 'placement': [2, 2], 'use_nccl': False, 'devices_per_worker': 1, 'primary_resource': 'extra_gpu', 'gpu': False, 'verbose': False, 'trial_id': '9d28ae7c', 'batch_per_device': 64}",66.27553582191467,0,12,121.23058898609764,{'6beedb4ad814c7132062d14c8da41b0e2659689d': 1}
640,8320,0.1664,1,80.0958182811737,False,,,13,3ca53ab09fab449991093bdc14c0806f,2019-04-24_20-54-21,1556139261,5.095219612121582,71.37075543403625,10575,ip-172-31-87-111,172.31.87.111,"{'starting_lr': 0.1, 'momentum': 0.9, 'weight_decay': 0.0005, 'steps_per_iteration': None, 'pin': False, 'model_creator': None, 'target_batch_size': 64, 'model_string': 'resnet101', 'min_batch_size': 64, 'dataset': 'CIFAR', 'placement': [2, 2], 'use_nccl': False, 'devices_per_worker': 1, 'primary_resource': 'extra_gpu', 'gpu': False, 'verbose': False, 'trial_id': '9d28ae7c', 'batch_per_device': 64}",71.37075543403625,0,13,125.68169733280514,{'6beedb4ad814c7132062d14c8da41b0e2659689d': 1}
640,8960,0.1792,1,85.15697956085205,False,,,14,3ca53ab09fab449991093bdc14c0806f,2019-04-24_20-54-26,1556139266,5.05420446395874,76.424959897995,10575,ip-172-31-87-111,172.31.87.111,"{'starting_lr': 0.1, 'momentum': 0.9, 'weight_decay': 0.0005, 'steps_per_iteration': None, 'pin': False, 'model_creator': None, 'target_batch_size': 64, 'model_string': 'resnet101', 'min_batch_size': 64, 'dataset': 'CIFAR', 'placement': [2, 2], 'use_nccl': False, 'devices_per_worker': 1, 'primary_resource': 'extra_gpu', 'gpu': False, 'verbose': False, 'trial_id': '9d28ae7c', 'batch_per_device': 64}",76.424959897995,0,14,126.1135247182159,{'6beedb4ad814c7132062d14c8da41b0e2659689d': 1}
640,9600,0.192,1,89.87871170043945,False,,,15,3ca53ab09fab449991093bdc14c0806f,2019-04-24_20-54-31,1556139271,4.7114880084991455,81.13644790649414,10575,ip-172-31-87-111,172.31.87.111,"{'starting_lr': 0.1, 'momentum': 0.9, 'weight_decay': 0.0005, 'steps_per_iteration': None, 'pin': False, 'model_creator': None, 'target_batch_size': 64, 'model_string': 'resnet101', 'min_batch_size': 64, 'dataset': 'CIFAR', 'placement': [2, 2], 'use_nccl': False, 'devices_per_worker': 1, 'primary_resource': 'extra_gpu', 'gpu': False, 'verbose': False, 'trial_id': '9d28ae7c', 'batch_per_device': 64}",81.13644790649414,0,15,131.06893127184838,{'6beedb4ad814c7132062d14c8da41b0e2659689d': 1}
640,10240,0.2048,1,94.70651507377625,False,,,16,3ca53ab09fab449991093bdc14c0806f,2019-04-24_20-54-35,1556139275,4.8229100704193115,85.95935797691345,10575,ip-172-31-87-111,172.31.87.111,"{'starting_lr': 0.1, 'momentum': 0.9, 'weight_decay': 0.0005, 'steps_per_iteration': None, 'pin': False, 'model_creator': None, 'target_batch_size': 64, 'model_string': 'resnet101', 'min_batch_size': 64, 'dataset': 'CIFAR', 'placement': [2, 2], 'use_nccl': False, 'devices_per_worker': 1, 'primary_resource': 'extra_gpu', 'gpu': False, 'verbose': False, 'trial_id': '9d28ae7c', 'batch_per_device': 64}",85.95935797691345,0,16,134.24855482440157,{'6beedb4ad814c7132062d14c8da41b0e2659689d': 1}
640,10880,0.2176,1,99.76875424385071,False,,,17,3ca53ab09fab449991093bdc14c0806f,2019-04-24_20-54-41,1556139281,5.05552339553833,91.01488137245178,10575,ip-172-31-87-111,172.31.87.111,"{'starting_lr': 0.1, 'momentum': 0.9, 'weight_decay': 0.0005, 'steps_per_iteration': None, 'pin': False, 'model_creator': None, 'target_batch_size': 64, 'model_string': 'resnet101', 'min_batch_size': 64, 'dataset': 'CIFAR', 'placement': [2, 2], 'use_nccl': False, 'devices_per_worker': 1, 'primary_resource': 'extra_gpu', 'gpu': False, 'verbose': False, 'trial_id': '9d28ae7c', 'batch_per_device': 64}",91.01488137245178,0,17,129.5730336015633,{'6beedb4ad814c7132062d14c8da41b0e2659689d': 1}
640,11520,0.2304,1,104.62737917900085,False,,,18,3ca53ab09fab449991093bdc14c0806f,2019-04-24_20-54-45,1556139285,4.85162353515625,95.86650490760803,10575,ip-172-31-87-111,172.31.87.111,"{'starting_lr': 0.1, 'momentum': 0.9, 'weight_decay': 0.0005, 'steps_per_iteration': None, 'pin': False, 'model_creator': None, 'target_batch_size': 64, 'model_string': 'resnet101', 'min_batch_size': 64, 'dataset': 'CIFAR', 'placement': [2, 2], 'use_nccl': False, 'devices_per_worker': 1, 'primary_resource': 'extra_gpu', 'gpu': False, 'verbose': False, 'trial_id': '9d28ae7c', 'batch_per_device': 64}",95.86650490760803,0,18,129.19741365925285,{'6beedb4ad814c7132062d14c8da41b0e2659689d': 1}
640,12160,0.2432,1,109.68591618537903,False,,,19,3ca53ab09fab449991093bdc14c0806f,2019-04-24_20-54-50,1556139290,5.053706645965576,100.92021155357361,10575,ip-172-31-87-111,172.31.87.111,"{'starting_lr': 0.1, 'momentum': 0.9, 'weight_decay': 0.0005, 'steps_per_iteration': None, 'pin': False, 'model_creator': None, 'target_batch_size': 64, 'model_string': 'resnet101', 'min_batch_size': 64, 'dataset': 'CIFAR', 'placement': [2, 2], 'use_nccl': False, 'devices_per_worker': 1, 'primary_resource': 'extra_gpu', 'gpu': False, 'verbose': False, 'trial_id': '9d28ae7c', 'batch_per_device': 64}",100.92021155357361,0,19,129.22096644227196,{'6beedb4ad814c7132062d14c8da41b0e2659689d': 1}
640,12800,0.256,1,114.79346442222595,False,,,20,3ca53ab09fab449991093bdc14c0806f,2019-04-24_20-54-56,1556139296,5.100534200668335,106.02074575424194,10575,ip-172-31-87-111,172.31.87.111,"{'starting_lr': 0.1, 'momentum': 0.9, 'weight_decay': 0.0005, 'steps_per_iteration': None, 'pin': False, 'model_creator': None, 'target_batch_size': 64, 'model_string': 'resnet101', 'min_batch_size': 64, 'dataset': 'CIFAR', 'placement': [2, 2], 'use_nccl': False, 'devices_per_worker': 1, 'primary_resource': 'extra_gpu', 'gpu': False, 'verbose': False, 'trial_id': '9d28ae7c', 'batch_per_device': 64}",106.02074575424194,0,20,126.0534478671606,{'6beedb4ad814c7132062d14c8da41b0e2659689d': 1}
640,13440,0.2688,1,119.87230086326599,True,,,21,3ca53ab09fab449991093bdc14c0806f,2019-04-24_20-55-01,1556139301,5.071904420852661,111.0926501750946,10575,ip-172-31-87-111,172.31.87.111,"{'starting_lr': 0.1, 'momentum': 0.9, 'weight_decay': 0.0005, 'steps_per_iteration': None, 'pin': False, 'model_creator': None, 'target_batch_size': 64, 'model_string': 'resnet101', 'min_batch_size': 64, 'dataset': 'CIFAR', 'placement': [2, 2], 'use_nccl': False, 'devices_per_worker': 1, 'primary_resource': 'extra_gpu', 'gpu': False, 'verbose': False, 'trial_id': '9d28ae7c', 'batch_per_device': 64}",111.0926501750946,0,21,125.82809862973065,{'6beedb4ad814c7132062d14c8da41b0e2659689d': 1}
