{"data_this_epoch": 640, "total_data_processed": 640, "epochs_processed": 0.0128, "num_workers": 1, "time_since_start": 15.499144077301025, "done": false, "timesteps_total": null, "episodes_total": null, "training_iteration": 1, "experiment_id": "3ca53ab09fab449991093bdc14c0806f", "date": "2019-04-24_20-53-16", "timestamp": 1556139196, "time_this_iter_s": 7.17750096321106, "time_total_s": 7.17750096321106, "pid": 10575, "hostname": "ip-172-31-87-111", "node_ip": "172.31.87.111", "config": {"starting_lr": 0.1, "momentum": 0.9, "weight_decay": 0.0005, "steps_per_iteration": null, "pin": false, "model_creator": null, "target_batch_size": 64, "model_string": "resnet101", "min_batch_size": 64, "dataset": "CIFAR", "placement": [2, 2], "use_nccl": false, "devices_per_worker": 1, "primary_resource": "extra_gpu", "gpu": false, "verbose": false, "trial_id": "9d28ae7c", "batch_per_device": 64}, "time_since_restore": 7.17750096321106, "timesteps_since_restore": 0, "iterations_since_restore": 1, "train_throughput": 89.16635257173247, "locations": {"6beedb4ad814c7132062d14c8da41b0e2659689d": 1}}
{"data_this_epoch": 640, "total_data_processed": 1280, "epochs_processed": 0.0256, "num_workers": 1, "time_since_start": 21.049170970916748, "done": false, "timesteps_total": null, "episodes_total": null, "training_iteration": 2, "experiment_id": "3ca53ab09fab449991093bdc14c0806f", "date": "2019-04-24_20-53-22", "timestamp": 1556139202, "time_this_iter_s": 5.540619134902954, "time_total_s": 12.718120098114014, "pid": 10575, "hostname": "ip-172-31-87-111", "node_ip": "172.31.87.111", "config": {"starting_lr": 0.1, "momentum": 0.9, "weight_decay": 0.0005, "steps_per_iteration": null, "pin": false, "model_creator": null, "target_batch_size": 64, "model_string": "resnet101", "min_batch_size": 64, "dataset": "CIFAR", "placement": [2, 2], "use_nccl": false, "devices_per_worker": 1, "primary_resource": "extra_gpu", "gpu": false, "verbose": false, "trial_id": "9d28ae7c", "batch_per_device": 64}, "time_since_restore": 12.718120098114014, "timesteps_since_restore": 0, "iterations_since_restore": 2, "train_throughput": 100.64245609242002, "locations": {"6beedb4ad814c7132062d14c8da41b0e2659689d": 1}}
{"data_this_epoch": 640, "total_data_processed": 1920, "epochs_processed": 0.0384, "num_workers": 1, "time_since_start": 26.517333984375, "done": false, "timesteps_total": null, "episodes_total": null, "training_iteration": 3, "experiment_id": "3ca53ab09fab449991093bdc14c0806f", "date": "2019-04-24_20-53-27", "timestamp": 1556139207, "time_this_iter_s": 5.461305856704712, "time_total_s": 18.179425954818726, "pid": 10575, "hostname": "ip-172-31-87-111", "node_ip": "172.31.87.111", "config": {"starting_lr": 0.1, "momentum": 0.9, "weight_decay": 0.0005, "steps_per_iteration": null, "pin": false, "model_creator": null, "target_batch_size": 64, "model_string": "resnet101", "min_batch_size": 64, "dataset": "CIFAR", "placement": [2, 2], "use_nccl": false, "devices_per_worker": 1, "primary_resource": "extra_gpu", "gpu": false, "verbose": false, "trial_id": "9d28ae7c", "batch_per_device": 64}, "time_since_restore": 18.179425954818726, "timesteps_since_restore": 0, "iterations_since_restore": 3, "train_throughput": 116.34161491127404, "locations": {"6beedb4ad814c7132062d14c8da41b0e2659689d": 1}}
{"data_this_epoch": 640, "total_data_processed": 2560, "epochs_processed": 0.0512, "num_workers": 1, "time_since_start": 31.981972694396973, "done": false, "timesteps_total": null, "episodes_total": null, "training_iteration": 4, "experiment_id": "3ca53ab09fab449991093bdc14c0806f", "date": "2019-04-24_20-53-33", "timestamp": 1556139213, "time_this_iter_s": 5.457645416259766, "time_total_s": 23.63707137107849, "pid": 10575, "hostname": "ip-172-31-87-111", "node_ip": "172.31.87.111", "config": {"starting_lr": 0.1, "momentum": 0.9, "weight_decay": 0.0005, "steps_per_iteration": null, "pin": false, "model_creator": null, "target_batch_size": 64, "model_string": "resnet101", "min_batch_size": 64, "dataset": "CIFAR", "placement": [2, 2], "use_nccl": false, "devices_per_worker": 1, "primary_resource": "extra_gpu", "gpu": false, "verbose": false, "trial_id": "9d28ae7c", "batch_per_device": 64}, "time_since_restore": 23.63707137107849, "timesteps_since_restore": 0, "iterations_since_restore": 4, "train_throughput": 117.22559901236066, "locations": {"6beedb4ad814c7132062d14c8da41b0e2659689d": 1}}
{"data_this_epoch": 640, "total_data_processed": 3200, "epochs_processed": 0.064, "num_workers": 1, "time_since_start": 37.431201696395874, "done": false, "timesteps_total": null, "episodes_total": null, "training_iteration": 5, "experiment_id": "3ca53ab09fab449991093bdc14c0806f", "date": "2019-04-24_20-53-38", "timestamp": 1556139218, "time_this_iter_s": 5.442354917526245, "time_total_s": 29.079426288604736, "pid": 10575, "hostname": "ip-172-31-87-111", "node_ip": "172.31.87.111", "config": {"starting_lr": 0.1, "momentum": 0.9, "weight_decay": 0.0005, "steps_per_iteration": null, "pin": false, "model_creator": null, "target_batch_size": 64, "model_string": "resnet101", "min_batch_size": 64, "dataset": "CIFAR", "placement": [2, 2], "use_nccl": false, "devices_per_worker": 1, "primary_resource": "extra_gpu", "gpu": false, "verbose": false, "trial_id": "9d28ae7c", "batch_per_device": 64}, "time_since_restore": 29.079426288604736, "timesteps_since_restore": 0, "iterations_since_restore": 5, "train_throughput": 117.42938593264971, "locations": {"6beedb4ad814c7132062d14c8da41b0e2659689d": 1}}
{"data_this_epoch": 640, "total_data_processed": 3840, "epochs_processed": 0.0768, "num_workers": 1, "time_since_start": 43.15009331703186, "done": false, "timesteps_total": null, "episodes_total": null, "training_iteration": 6, "experiment_id": "3ca53ab09fab449991093bdc14c0806f", "date": "2019-04-24_20-53-44", "timestamp": 1556139224, "time_this_iter_s": 5.622899770736694, "time_total_s": 34.70232605934143, "pid": 10575, "hostname": "ip-172-31-87-111", "node_ip": "172.31.87.111", "config": {"starting_lr": 0.1, "momentum": 0.9, "weight_decay": 0.0005, "steps_per_iteration": null, "pin": false, "model_creator": null, "target_batch_size": 64, "model_string": "resnet101", "min_batch_size": 64, "dataset": "CIFAR", "placement": [2, 2], "use_nccl": false, "devices_per_worker": 1, "primary_resource": "extra_gpu", "gpu": false, "verbose": false, "trial_id": "9d28ae7c", "batch_per_device": 64}, "time_since_restore": 34.70232605934143, "timesteps_since_restore": 0, "iterations_since_restore": 6, "train_throughput": 115.67563759119376, "locations": {"6beedb4ad814c7132062d14c8da41b0e2659689d": 1}}
{"data_this_epoch": 640, "total_data_processed": 4480, "epochs_processed": 0.0896, "num_workers": 1, "time_since_start": 48.51497411727905, "done": false, "timesteps_total": null, "episodes_total": null, "training_iteration": 7, "experiment_id": "3ca53ab09fab449991093bdc14c0806f", "date": "2019-04-24_20-53-49", "timestamp": 1556139229, "time_this_iter_s": 5.357931613922119, "time_total_s": 40.06025767326355, "pid": 10575, "hostname": "ip-172-31-87-111", "node_ip": "172.31.87.111", "config": {"starting_lr": 0.1, "momentum": 0.9, "weight_decay": 0.0005, "steps_per_iteration": null, "pin": false, "model_creator": null, "target_batch_size": 64, "model_string": "resnet101", "min_batch_size": 64, "dataset": "CIFAR", "placement": [2, 2], "use_nccl": false, "devices_per_worker": 1, "primary_resource": "extra_gpu", "gpu": false, "verbose": false, "trial_id": "9d28ae7c", "batch_per_device": 64}, "time_since_restore": 40.06025767326355, "timesteps_since_restore": 0, "iterations_since_restore": 7, "train_throughput": 116.56496378007245, "locations": {"6beedb4ad814c7132062d14c8da41b0e2659689d": 1}}
{"data_this_epoch": 640, "total_data_processed": 5120, "epochs_processed": 0.1024, "num_workers": 1, "time_since_start": 53.906651973724365, "done": false, "timesteps_total": null, "episodes_total": null, "training_iteration": 8, "experiment_id": "3ca53ab09fab449991093bdc14c0806f", "date": "2019-04-24_20-53-55", "timestamp": 1556139235, "time_this_iter_s": 5.384728193283081, "time_total_s": 45.44498586654663, "pid": 10575, "hostname": "ip-172-31-87-111", "node_ip": "172.31.87.111", "config": {"starting_lr": 0.1, "momentum": 0.9, "weight_decay": 0.0005, "steps_per_iteration": null, "pin": false, "model_creator": null, "target_batch_size": 64, "model_string": "resnet101", "min_batch_size": 64, "dataset": "CIFAR", "placement": [2, 2], "use_nccl": false, "devices_per_worker": 1, "primary_resource": "extra_gpu", "gpu": false, "verbose": false, "trial_id": "9d28ae7c", "batch_per_device": 64}, "time_since_restore": 45.44498586654663, "timesteps_since_restore": 0, "iterations_since_restore": 8, "train_throughput": 119.1485810042193, "locations": {"6beedb4ad814c7132062d14c8da41b0e2659689d": 1}}
{"data_this_epoch": 640, "total_data_processed": 5760, "epochs_processed": 0.1152, "num_workers": 1, "time_since_start": 59.34303569793701, "done": false, "timesteps_total": null, "episodes_total": null, "training_iteration": 9, "experiment_id": "3ca53ab09fab449991093bdc14c0806f", "date": "2019-04-24_20-54-00", "timestamp": 1556139240, "time_this_iter_s": 5.286964416503906, "time_total_s": 50.73195028305054, "pid": 10575, "hostname": "ip-172-31-87-111", "node_ip": "172.31.87.111", "config": {"starting_lr": 0.1, "momentum": 0.9, "weight_decay": 0.0005, "steps_per_iteration": null, "pin": false, "model_creator": null, "target_batch_size": 64, "model_string": "resnet101", "min_batch_size": 64, "dataset": "CIFAR", "placement": [2, 2], "use_nccl": false, "devices_per_worker": 1, "primary_resource": "extra_gpu", "gpu": false, "verbose": false, "trial_id": "9d28ae7c", "batch_per_device": 64}, "time_since_restore": 50.73195028305054, "timesteps_since_restore": 0, "iterations_since_restore": 9, "train_throughput": 119.94089893034356, "locations": {"6beedb4ad814c7132062d14c8da41b0e2659689d": 1}}
{"data_this_epoch": 640, "total_data_processed": 6400, "epochs_processed": 0.128, "num_workers": 1, "time_since_start": 64.33544254302979, "done": false, "timesteps_total": null, "episodes_total": null, "training_iteration": 10, "experiment_id": "3ca53ab09fab449991093bdc14c0806f", "date": "2019-04-24_20-54-05", "timestamp": 1556139245, "time_this_iter_s": 4.985346078872681, "time_total_s": 55.71729636192322, "pid": 10575, "hostname": "ip-172-31-87-111", "node_ip": "172.31.87.111", "config": {"starting_lr": 0.1, "momentum": 0.9, "weight_decay": 0.0005, "steps_per_iteration": null, "pin": false, "model_creator": null, "target_batch_size": 64, "model_string": "resnet101", "min_batch_size": 64, "dataset": "CIFAR", "placement": [2, 2], "use_nccl": false, "devices_per_worker": 1, "primary_resource": "extra_gpu", "gpu": false, "verbose": false, "trial_id": "9d28ae7c", "batch_per_device": 64}, "time_since_restore": 55.71729636192322, "timesteps_since_restore": 0, "iterations_since_restore": 10, "train_throughput": 124.60479514235459, "locations": {"6beedb4ad814c7132062d14c8da41b0e2659689d": 1}}
{"data_this_epoch": 640, "total_data_processed": 7040, "epochs_processed": 0.1408, "num_workers": 1, "time_since_start": 69.89768648147583, "done": false, "timesteps_total": null, "episodes_total": null, "training_iteration": 11, "experiment_id": "3ca53ab09fab449991093bdc14c0806f", "date": "2019-04-24_20-54-11", "timestamp": 1556139251, "time_this_iter_s": 5.46915340423584, "time_total_s": 61.18644976615906, "pid": 10575, "hostname": "ip-172-31-87-111", "node_ip": "172.31.87.111", "config": {"starting_lr": 0.1, "momentum": 0.9, "weight_decay": 0.0005, "steps_per_iteration": null, "pin": false, "model_creator": null, "target_batch_size": 64, "model_string": "resnet101", "min_batch_size": 64, "dataset": "CIFAR", "placement": [2, 2], "use_nccl": false, "devices_per_worker": 1, "primary_resource": "extra_gpu", "gpu": false, "verbose": false, "trial_id": "9d28ae7c", "batch_per_device": 64}, "time_since_restore": 61.18644976615906, "timesteps_since_restore": 0, "iterations_since_restore": 11, "train_throughput": 122.4334474647902, "locations": {"6beedb4ad814c7132062d14c8da41b0e2659689d": 1}}
{"data_this_epoch": 640, "total_data_processed": 7680, "epochs_processed": 0.1536, "num_workers": 1, "time_since_start": 74.99375057220459, "done": false, "timesteps_total": null, "episodes_total": null, "training_iteration": 12, "experiment_id": "3ca53ab09fab449991093bdc14c0806f", "date": "2019-04-24_20-54-16", "timestamp": 1556139256, "time_this_iter_s": 5.089086055755615, "time_total_s": 66.27553582191467, "pid": 10575, "hostname": "ip-172-31-87-111", "node_ip": "172.31.87.111", "config": {"starting_lr": 0.1, "momentum": 0.9, "weight_decay": 0.0005, "steps_per_iteration": null, "pin": false, "model_creator": null, "target_batch_size": 64, "model_string": "resnet101", "min_batch_size": 64, "dataset": "CIFAR", "placement": [2, 2], "use_nccl": false, "devices_per_worker": 1, "primary_resource": "extra_gpu", "gpu": false, "verbose": false, "trial_id": "9d28ae7c", "batch_per_device": 64}, "time_since_restore": 66.27553582191467, "timesteps_since_restore": 0, "iterations_since_restore": 12, "train_throughput": 121.23058898609764, "locations": {"6beedb4ad814c7132062d14c8da41b0e2659689d": 1}}
{"data_this_epoch": 640, "total_data_processed": 8320, "epochs_processed": 0.1664, "num_workers": 1, "time_since_start": 80.0958182811737, "done": false, "timesteps_total": null, "episodes_total": null, "training_iteration": 13, "experiment_id": "3ca53ab09fab449991093bdc14c0806f", "date": "2019-04-24_20-54-21", "timestamp": 1556139261, "time_this_iter_s": 5.095219612121582, "time_total_s": 71.37075543403625, "pid": 10575, "hostname": "ip-172-31-87-111", "node_ip": "172.31.87.111", "config": {"starting_lr": 0.1, "momentum": 0.9, "weight_decay": 0.0005, "steps_per_iteration": null, "pin": false, "model_creator": null, "target_batch_size": 64, "model_string": "resnet101", "min_batch_size": 64, "dataset": "CIFAR", "placement": [2, 2], "use_nccl": false, "devices_per_worker": 1, "primary_resource": "extra_gpu", "gpu": false, "verbose": false, "trial_id": "9d28ae7c", "batch_per_device": 64}, "time_since_restore": 71.37075543403625, "timesteps_since_restore": 0, "iterations_since_restore": 13, "train_throughput": 125.68169733280514, "locations": {"6beedb4ad814c7132062d14c8da41b0e2659689d": 1}}
{"data_this_epoch": 640, "total_data_processed": 8960, "epochs_processed": 0.1792, "num_workers": 1, "time_since_start": 85.15697956085205, "done": false, "timesteps_total": null, "episodes_total": null, "training_iteration": 14, "experiment_id": "3ca53ab09fab449991093bdc14c0806f", "date": "2019-04-24_20-54-26", "timestamp": 1556139266, "time_this_iter_s": 5.05420446395874, "time_total_s": 76.424959897995, "pid": 10575, "hostname": "ip-172-31-87-111", "node_ip": "172.31.87.111", "config": {"starting_lr": 0.1, "momentum": 0.9, "weight_decay": 0.0005, "steps_per_iteration": null, "pin": false, "model_creator": null, "target_batch_size": 64, "model_string": "resnet101", "min_batch_size": 64, "dataset": "CIFAR", "placement": [2, 2], "use_nccl": false, "devices_per_worker": 1, "primary_resource": "extra_gpu", "gpu": false, "verbose": false, "trial_id": "9d28ae7c", "batch_per_device": 64}, "time_since_restore": 76.424959897995, "timesteps_since_restore": 0, "iterations_since_restore": 14, "train_throughput": 126.1135247182159, "locations": {"6beedb4ad814c7132062d14c8da41b0e2659689d": 1}}
{"data_this_epoch": 640, "total_data_processed": 9600, "epochs_processed": 0.192, "num_workers": 1, "time_since_start": 89.87871170043945, "done": false, "timesteps_total": null, "episodes_total": null, "training_iteration": 15, "experiment_id": "3ca53ab09fab449991093bdc14c0806f", "date": "2019-04-24_20-54-31", "timestamp": 1556139271, "time_this_iter_s": 4.7114880084991455, "time_total_s": 81.13644790649414, "pid": 10575, "hostname": "ip-172-31-87-111", "node_ip": "172.31.87.111", "config": {"starting_lr": 0.1, "momentum": 0.9, "weight_decay": 0.0005, "steps_per_iteration": null, "pin": false, "model_creator": null, "target_batch_size": 64, "model_string": "resnet101", "min_batch_size": 64, "dataset": "CIFAR", "placement": [2, 2], "use_nccl": false, "devices_per_worker": 1, "primary_resource": "extra_gpu", "gpu": false, "verbose": false, "trial_id": "9d28ae7c", "batch_per_device": 64}, "time_since_restore": 81.13644790649414, "timesteps_since_restore": 0, "iterations_since_restore": 15, "train_throughput": 131.06893127184838, "locations": {"6beedb4ad814c7132062d14c8da41b0e2659689d": 1}}
{"data_this_epoch": 640, "total_data_processed": 10240, "epochs_processed": 0.2048, "num_workers": 1, "time_since_start": 94.70651507377625, "done": false, "timesteps_total": null, "episodes_total": null, "training_iteration": 16, "experiment_id": "3ca53ab09fab449991093bdc14c0806f", "date": "2019-04-24_20-54-35", "timestamp": 1556139275, "time_this_iter_s": 4.8229100704193115, "time_total_s": 85.95935797691345, "pid": 10575, "hostname": "ip-172-31-87-111", "node_ip": "172.31.87.111", "config": {"starting_lr": 0.1, "momentum": 0.9, "weight_decay": 0.0005, "steps_per_iteration": null, "pin": false, "model_creator": null, "target_batch_size": 64, "model_string": "resnet101", "min_batch_size": 64, "dataset": "CIFAR", "placement": [2, 2], "use_nccl": false, "devices_per_worker": 1, "primary_resource": "extra_gpu", "gpu": false, "verbose": false, "trial_id": "9d28ae7c", "batch_per_device": 64}, "time_since_restore": 85.95935797691345, "timesteps_since_restore": 0, "iterations_since_restore": 16, "train_throughput": 134.24855482440157, "locations": {"6beedb4ad814c7132062d14c8da41b0e2659689d": 1}}
{"data_this_epoch": 640, "total_data_processed": 10880, "epochs_processed": 0.2176, "num_workers": 1, "time_since_start": 99.76875424385071, "done": false, "timesteps_total": null, "episodes_total": null, "training_iteration": 17, "experiment_id": "3ca53ab09fab449991093bdc14c0806f", "date": "2019-04-24_20-54-41", "timestamp": 1556139281, "time_this_iter_s": 5.05552339553833, "time_total_s": 91.01488137245178, "pid": 10575, "hostname": "ip-172-31-87-111", "node_ip": "172.31.87.111", "config": {"starting_lr": 0.1, "momentum": 0.9, "weight_decay": 0.0005, "steps_per_iteration": null, "pin": false, "model_creator": null, "target_batch_size": 64, "model_string": "resnet101", "min_batch_size": 64, "dataset": "CIFAR", "placement": [2, 2], "use_nccl": false, "devices_per_worker": 1, "primary_resource": "extra_gpu", "gpu": false, "verbose": false, "trial_id": "9d28ae7c", "batch_per_device": 64}, "time_since_restore": 91.01488137245178, "timesteps_since_restore": 0, "iterations_since_restore": 17, "train_throughput": 129.5730336015633, "locations": {"6beedb4ad814c7132062d14c8da41b0e2659689d": 1}}
{"data_this_epoch": 640, "total_data_processed": 11520, "epochs_processed": 0.2304, "num_workers": 1, "time_since_start": 104.62737917900085, "done": false, "timesteps_total": null, "episodes_total": null, "training_iteration": 18, "experiment_id": "3ca53ab09fab449991093bdc14c0806f", "date": "2019-04-24_20-54-45", "timestamp": 1556139285, "time_this_iter_s": 4.85162353515625, "time_total_s": 95.86650490760803, "pid": 10575, "hostname": "ip-172-31-87-111", "node_ip": "172.31.87.111", "config": {"starting_lr": 0.1, "momentum": 0.9, "weight_decay": 0.0005, "steps_per_iteration": null, "pin": false, "model_creator": null, "target_batch_size": 64, "model_string": "resnet101", "min_batch_size": 64, "dataset": "CIFAR", "placement": [2, 2], "use_nccl": false, "devices_per_worker": 1, "primary_resource": "extra_gpu", "gpu": false, "verbose": false, "trial_id": "9d28ae7c", "batch_per_device": 64}, "time_since_restore": 95.86650490760803, "timesteps_since_restore": 0, "iterations_since_restore": 18, "train_throughput": 129.19741365925285, "locations": {"6beedb4ad814c7132062d14c8da41b0e2659689d": 1}}
{"data_this_epoch": 640, "total_data_processed": 12160, "epochs_processed": 0.2432, "num_workers": 1, "time_since_start": 109.68591618537903, "done": false, "timesteps_total": null, "episodes_total": null, "training_iteration": 19, "experiment_id": "3ca53ab09fab449991093bdc14c0806f", "date": "2019-04-24_20-54-50", "timestamp": 1556139290, "time_this_iter_s": 5.053706645965576, "time_total_s": 100.92021155357361, "pid": 10575, "hostname": "ip-172-31-87-111", "node_ip": "172.31.87.111", "config": {"starting_lr": 0.1, "momentum": 0.9, "weight_decay": 0.0005, "steps_per_iteration": null, "pin": false, "model_creator": null, "target_batch_size": 64, "model_string": "resnet101", "min_batch_size": 64, "dataset": "CIFAR", "placement": [2, 2], "use_nccl": false, "devices_per_worker": 1, "primary_resource": "extra_gpu", "gpu": false, "verbose": false, "trial_id": "9d28ae7c", "batch_per_device": 64}, "time_since_restore": 100.92021155357361, "timesteps_since_restore": 0, "iterations_since_restore": 19, "train_throughput": 129.22096644227196, "locations": {"6beedb4ad814c7132062d14c8da41b0e2659689d": 1}}
{"data_this_epoch": 640, "total_data_processed": 12800, "epochs_processed": 0.256, "num_workers": 1, "time_since_start": 114.79346442222595, "done": false, "timesteps_total": null, "episodes_total": null, "training_iteration": 20, "experiment_id": "3ca53ab09fab449991093bdc14c0806f", "date": "2019-04-24_20-54-56", "timestamp": 1556139296, "time_this_iter_s": 5.100534200668335, "time_total_s": 106.02074575424194, "pid": 10575, "hostname": "ip-172-31-87-111", "node_ip": "172.31.87.111", "config": {"starting_lr": 0.1, "momentum": 0.9, "weight_decay": 0.0005, "steps_per_iteration": null, "pin": false, "model_creator": null, "target_batch_size": 64, "model_string": "resnet101", "min_batch_size": 64, "dataset": "CIFAR", "placement": [2, 2], "use_nccl": false, "devices_per_worker": 1, "primary_resource": "extra_gpu", "gpu": false, "verbose": false, "trial_id": "9d28ae7c", "batch_per_device": 64}, "time_since_restore": 106.02074575424194, "timesteps_since_restore": 0, "iterations_since_restore": 20, "train_throughput": 126.0534478671606, "locations": {"6beedb4ad814c7132062d14c8da41b0e2659689d": 1}}
{"data_this_epoch": 640, "total_data_processed": 13440, "epochs_processed": 0.2688, "num_workers": 1, "time_since_start": 119.87230086326599, "done": true, "timesteps_total": null, "episodes_total": null, "training_iteration": 21, "experiment_id": "3ca53ab09fab449991093bdc14c0806f", "date": "2019-04-24_20-55-01", "timestamp": 1556139301, "time_this_iter_s": 5.071904420852661, "time_total_s": 111.0926501750946, "pid": 10575, "hostname": "ip-172-31-87-111", "node_ip": "172.31.87.111", "config": {"starting_lr": 0.1, "momentum": 0.9, "weight_decay": 0.0005, "steps_per_iteration": null, "pin": false, "model_creator": null, "target_batch_size": 64, "model_string": "resnet101", "min_batch_size": 64, "dataset": "CIFAR", "placement": [2, 2], "use_nccl": false, "devices_per_worker": 1, "primary_resource": "extra_gpu", "gpu": false, "verbose": false, "trial_id": "9d28ae7c", "batch_per_device": 64}, "time_since_restore": 111.0926501750946, "timesteps_since_restore": 0, "iterations_since_restore": 21, "train_throughput": 125.82809862973065, "locations": {"6beedb4ad814c7132062d14c8da41b0e2659689d": 1}}
