data_this_epoch,total_data_processed,epochs_processed,num_workers,time_since_start,done,timesteps_total,episodes_total,training_iteration,experiment_id,date,timestamp,time_this_iter_s,time_total_s,pid,hostname,node_ip,config,time_since_restore,timesteps_since_restore,iterations_since_restore,train_throughput,locations
2560,2560,0.0512,4,23.84623885154724,False,,,1,9eb76c46ca6c4e2a8a87b226c956ddc8,2019-04-24_20-53-25,1556139205,14.260265111923218,14.260265111923218,12775,ip-172-31-95-70,172.31.95.70,"{'starting_lr': 0.1, 'momentum': 0.9, 'weight_decay': 0.0005, 'steps_per_iteration': None, 'pin': False, 'model_creator': None, 'target_batch_size': 64, 'model_string': 'resnet101', 'min_batch_size': 64, 'dataset': 'CIFAR', 'placement': [2, 2], 'use_nccl': False, 'devices_per_worker': 1, 'primary_resource': 'extra_gpu', 'gpu': False, 'verbose': False, 'trial_id': '7ea8fd75', 'batch_per_device': 64}",14.260265111923218,0,1,179.518711643205,"{'380757962a3b4ec9956943fe7f4543b3b5977a90': 2, '566ecb6fa674decb1acac916e46a605969fe58ab': 2}"
2560,5120,0.1024,4,35.78553318977356,False,,,2,9eb76c46ca6c4e2a8a87b226c956ddc8,2019-04-24_20-53-37,1556139217,11.931514978408813,26.19178009033203,12775,ip-172-31-95-70,172.31.95.70,"{'starting_lr': 0.1, 'momentum': 0.9, 'weight_decay': 0.0005, 'steps_per_iteration': None, 'pin': False, 'model_creator': None, 'target_batch_size': 64, 'model_string': 'resnet101', 'min_batch_size': 64, 'dataset': 'CIFAR', 'placement': [2, 2], 'use_nccl': False, 'devices_per_worker': 1, 'primary_resource': 'extra_gpu', 'gpu': False, 'verbose': False, 'trial_id': '7ea8fd75', 'batch_per_device': 64}",26.19178009033203,0,2,195.47989760908013,"{'380757962a3b4ec9956943fe7f4543b3b5977a90': 2, '566ecb6fa674decb1acac916e46a605969fe58ab': 2}"
2560,7680,0.1536,4,47.625622272491455,False,,,3,9eb76c46ca6c4e2a8a87b226c956ddc8,2019-04-24_20-53-48,1556139228,11.832693338394165,38.024473428726196,12775,ip-172-31-95-70,172.31.95.70,"{'starting_lr': 0.1, 'momentum': 0.9, 'weight_decay': 0.0005, 'steps_per_iteration': None, 'pin': False, 'model_creator': None, 'target_batch_size': 64, 'model_string': 'resnet101', 'min_batch_size': 64, 'dataset': 'CIFAR', 'placement': [2, 2], 'use_nccl': False, 'devices_per_worker': 1, 'primary_resource': 'extra_gpu', 'gpu': False, 'verbose': False, 'trial_id': '7ea8fd75', 'batch_per_device': 64}",38.024473428726196,0,3,215.44852294641558,"{'380757962a3b4ec9956943fe7f4543b3b5977a90': 2, '566ecb6fa674decb1acac916e46a605969fe58ab': 2}"
2560,10240,0.2048,4,59.49276161193848,False,,,4,9eb76c46ca6c4e2a8a87b226c956ddc8,2019-04-24_20-54-00,1556139240,11.859783411026001,49.8842568397522,12775,ip-172-31-95-70,172.31.95.70,"{'starting_lr': 0.1, 'momentum': 0.9, 'weight_decay': 0.0005, 'steps_per_iteration': None, 'pin': False, 'model_creator': None, 'target_batch_size': 64, 'model_string': 'resnet101', 'min_batch_size': 64, 'dataset': 'CIFAR', 'placement': [2, 2], 'use_nccl': False, 'devices_per_worker': 1, 'primary_resource': 'extra_gpu', 'gpu': False, 'verbose': False, 'trial_id': '7ea8fd75', 'batch_per_device': 64}",49.8842568397522,0,4,216.10088839625897,"{'380757962a3b4ec9956943fe7f4543b3b5977a90': 2, '566ecb6fa674decb1acac916e46a605969fe58ab': 2}"
2560,12800,0.256,4,70.95227313041687,False,,,5,9eb76c46ca6c4e2a8a87b226c956ddc8,2019-04-24_20-54-12,1556139252,11.452307939529419,61.336564779281616,12775,ip-172-31-95-70,172.31.95.70,"{'starting_lr': 0.1, 'momentum': 0.9, 'weight_decay': 0.0005, 'steps_per_iteration': None, 'pin': False, 'model_creator': None, 'target_batch_size': 64, 'model_string': 'resnet101', 'min_batch_size': 64, 'dataset': 'CIFAR', 'placement': [2, 2], 'use_nccl': False, 'devices_per_worker': 1, 'primary_resource': 'extra_gpu', 'gpu': False, 'verbose': False, 'trial_id': '7ea8fd75', 'batch_per_device': 64}",61.336564779281616,0,5,219.6270390505985,"{'380757962a3b4ec9956943fe7f4543b3b5977a90': 2, '566ecb6fa674decb1acac916e46a605969fe58ab': 2}"
2560,15360,0.3072,4,82.41779661178589,False,,,6,9eb76c46ca6c4e2a8a87b226c956ddc8,2019-04-24_20-54-23,1556139263,11.45838975906372,72.79495453834534,12775,ip-172-31-95-70,172.31.95.70,"{'starting_lr': 0.1, 'momentum': 0.9, 'weight_decay': 0.0005, 'steps_per_iteration': None, 'pin': False, 'model_creator': None, 'target_batch_size': 64, 'model_string': 'resnet101', 'min_batch_size': 64, 'dataset': 'CIFAR', 'placement': [2, 2], 'use_nccl': False, 'devices_per_worker': 1, 'primary_resource': 'extra_gpu', 'gpu': False, 'verbose': False, 'trial_id': '7ea8fd75', 'batch_per_device': 64}",72.79495453834534,0,6,223.47475218178317,"{'380757962a3b4ec9956943fe7f4543b3b5977a90': 2, '566ecb6fa674decb1acac916e46a605969fe58ab': 2}"
2560,17920,0.3584,4,93.81737542152405,False,,,7,9eb76c46ca6c4e2a8a87b226c956ddc8,2019-04-24_20-54-35,1556139275,11.392297506332397,84.18725204467773,12775,ip-172-31-95-70,172.31.95.70,"{'starting_lr': 0.1, 'momentum': 0.9, 'weight_decay': 0.0005, 'steps_per_iteration': None, 'pin': False, 'model_creator': None, 'target_batch_size': 64, 'model_string': 'resnet101', 'min_batch_size': 64, 'dataset': 'CIFAR', 'placement': [2, 2], 'use_nccl': False, 'devices_per_worker': 1, 'primary_resource': 'extra_gpu', 'gpu': False, 'verbose': False, 'trial_id': '7ea8fd75', 'batch_per_device': 64}",84.18725204467773,0,7,224.0617046531444,"{'380757962a3b4ec9956943fe7f4543b3b5977a90': 2, '566ecb6fa674decb1acac916e46a605969fe58ab': 2}"
2560,20480,0.4096,4,105.06835627555847,False,,,8,9eb76c46ca6c4e2a8a87b226c956ddc8,2019-04-24_20-54-46,1556139286,11.243417024612427,95.43066906929016,12775,ip-172-31-95-70,172.31.95.70,"{'starting_lr': 0.1, 'momentum': 0.9, 'weight_decay': 0.0005, 'steps_per_iteration': None, 'pin': False, 'model_creator': None, 'target_batch_size': 64, 'model_string': 'resnet101', 'min_batch_size': 64, 'dataset': 'CIFAR', 'placement': [2, 2], 'use_nccl': False, 'devices_per_worker': 1, 'primary_resource': 'extra_gpu', 'gpu': False, 'verbose': False, 'trial_id': '7ea8fd75', 'batch_per_device': 64}",95.43066906929016,0,8,226.18975987607044,"{'380757962a3b4ec9956943fe7f4543b3b5977a90': 2, '566ecb6fa674decb1acac916e46a605969fe58ab': 2}"
2560,23040,0.4608,4,116.4631016254425,False,,,9,9eb76c46ca6c4e2a8a87b226c956ddc8,2019-04-24_20-54-57,1556139297,11.3872971534729,106.81796622276306,12775,ip-172-31-95-70,172.31.95.70,"{'starting_lr': 0.1, 'momentum': 0.9, 'weight_decay': 0.0005, 'steps_per_iteration': None, 'pin': False, 'model_creator': None, 'target_batch_size': 64, 'model_string': 'resnet101', 'min_batch_size': 64, 'dataset': 'CIFAR', 'placement': [2, 2], 'use_nccl': False, 'devices_per_worker': 1, 'primary_resource': 'extra_gpu', 'gpu': False, 'verbose': False, 'trial_id': '7ea8fd75', 'batch_per_device': 64}",106.81796622276306,0,9,226.23970377638503,"{'380757962a3b4ec9956943fe7f4543b3b5977a90': 2, '566ecb6fa674decb1acac916e46a605969fe58ab': 2}"
2560,25600,0.512,4,127.61928534507751,False,,,10,9eb76c46ca6c4e2a8a87b226c956ddc8,2019-04-24_20-55-08,1556139308,11.148995161056519,117.96696138381958,12775,ip-172-31-95-70,172.31.95.70,"{'starting_lr': 0.1, 'momentum': 0.9, 'weight_decay': 0.0005, 'steps_per_iteration': None, 'pin': False, 'model_creator': None, 'target_batch_size': 64, 'model_string': 'resnet101', 'min_batch_size': 64, 'dataset': 'CIFAR', 'placement': [2, 2], 'use_nccl': False, 'devices_per_worker': 1, 'primary_resource': 'extra_gpu', 'gpu': False, 'verbose': False, 'trial_id': '7ea8fd75', 'batch_per_device': 64}",117.96696138381958,0,10,227.18754154336997,"{'380757962a3b4ec9956943fe7f4543b3b5977a90': 2, '566ecb6fa674decb1acac916e46a605969fe58ab': 2}"
2560,28160,0.5632,4,138.70584154129028,False,,,11,9eb76c46ca6c4e2a8a87b226c956ddc8,2019-04-24_20-55-38,1556139338,11.023998975753784,128.99096035957336,10560,ip-172-31-87-111,172.31.87.111,"{'starting_lr': 0.1, 'momentum': 0.9, 'weight_decay': 0.0005, 'steps_per_iteration': None, 'pin': False, 'model_creator': None, 'target_batch_size': 64, 'model_string': 'resnet101', 'min_batch_size': 64, 'dataset': 'CIFAR', 'placement': [2, 2], 'use_nccl': False, 'devices_per_worker': 1, 'primary_resource': 'extra_gpu', 'gpu': False, 'verbose': False, 'trial_id': '7ea8fd75', 'batch_per_device': 64}",11.023998975753784,0,1,232.2180647933452,{'380757962a3b4ec9956943fe7f4543b3b5977a90': 4}
2560,30720,0.6144,4,147.20749616622925,False,,,12,9eb76c46ca6c4e2a8a87b226c956ddc8,2019-04-24_20-55-46,1556139346,8.500334739685059,137.49129509925842,10560,ip-172-31-87-111,172.31.87.111,"{'starting_lr': 0.1, 'momentum': 0.9, 'weight_decay': 0.0005, 'steps_per_iteration': None, 'pin': False, 'model_creator': None, 'target_batch_size': 64, 'model_string': 'resnet101', 'min_batch_size': 64, 'dataset': 'CIFAR', 'placement': [2, 2], 'use_nccl': False, 'devices_per_worker': 1, 'primary_resource': 'extra_gpu', 'gpu': False, 'verbose': False, 'trial_id': '7ea8fd75', 'batch_per_device': 64}",19.524333715438843,0,2,262.2342678725554,{'380757962a3b4ec9956943fe7f4543b3b5977a90': 4}
2560,33280,0.6656,4,155.5210771560669,False,,,13,9eb76c46ca6c4e2a8a87b226c956ddc8,2019-04-24_20-55-55,1556139355,8.312284469604492,145.80357956886292,10560,ip-172-31-87-111,172.31.87.111,"{'starting_lr': 0.1, 'momentum': 0.9, 'weight_decay': 0.0005, 'steps_per_iteration': None, 'pin': False, 'model_creator': None, 'target_batch_size': 64, 'model_string': 'resnet101', 'min_batch_size': 64, 'dataset': 'CIFAR', 'placement': [2, 2], 'use_nccl': False, 'devices_per_worker': 1, 'primary_resource': 'extra_gpu', 'gpu': False, 'verbose': False, 'trial_id': '7ea8fd75', 'batch_per_device': 64}",27.836618185043335,0,3,304.5302373672096,{'380757962a3b4ec9956943fe7f4543b3b5977a90': 4}
2560,35840,0.7168,4,163.7836456298828,False,,,14,9eb76c46ca6c4e2a8a87b226c956ddc8,2019-04-24_20-56-03,1556139363,8.261275053024292,154.0648546218872,10560,ip-172-31-87-111,172.31.87.111,"{'starting_lr': 0.1, 'momentum': 0.9, 'weight_decay': 0.0005, 'steps_per_iteration': None, 'pin': False, 'model_creator': None, 'target_batch_size': 64, 'model_string': 'resnet101', 'min_batch_size': 64, 'dataset': 'CIFAR', 'placement': [2, 2], 'use_nccl': False, 'devices_per_worker': 1, 'primary_resource': 'extra_gpu', 'gpu': False, 'verbose': False, 'trial_id': '7ea8fd75', 'batch_per_device': 64}",36.09789323806763,0,4,308.9227744149174,{'380757962a3b4ec9956943fe7f4543b3b5977a90': 4}
2560,38400,0.768,4,172.0322208404541,False,,,15,9eb76c46ca6c4e2a8a87b226c956ddc8,2019-04-24_20-56-11,1556139371,8.247287511825562,162.31214213371277,10560,ip-172-31-87-111,172.31.87.111,"{'starting_lr': 0.1, 'momentum': 0.9, 'weight_decay': 0.0005, 'steps_per_iteration': None, 'pin': False, 'model_creator': None, 'target_batch_size': 64, 'model_string': 'resnet101', 'min_batch_size': 64, 'dataset': 'CIFAR', 'placement': [2, 2], 'use_nccl': False, 'devices_per_worker': 1, 'primary_resource': 'extra_gpu', 'gpu': False, 'verbose': False, 'trial_id': '7ea8fd75', 'batch_per_device': 64}",44.34518074989319,0,5,310.1393429490211,{'380757962a3b4ec9956943fe7f4543b3b5977a90': 4}
2560,40960,0.8192,4,180.05364418029785,False,,,16,9eb76c46ca6c4e2a8a87b226c956ddc8,2019-04-24_20-56-19,1556139379,8.020150661468506,170.33229279518127,10560,ip-172-31-87-111,172.31.87.111,"{'starting_lr': 0.1, 'momentum': 0.9, 'weight_decay': 0.0005, 'steps_per_iteration': None, 'pin': False, 'model_creator': None, 'target_batch_size': 64, 'model_string': 'resnet101', 'min_batch_size': 64, 'dataset': 'CIFAR', 'placement': [2, 2], 'use_nccl': False, 'devices_per_worker': 1, 'primary_resource': 'extra_gpu', 'gpu': False, 'verbose': False, 'trial_id': '7ea8fd75', 'batch_per_device': 64}",52.365331411361694,0,6,314.7363522536731,{'380757962a3b4ec9956943fe7f4543b3b5977a90': 4}
2560,43520,0.8704,4,187.3496069908142,False,,,17,9eb76c46ca6c4e2a8a87b226c956ddc8,2019-04-24_20-56-27,1556139387,7.294733285903931,177.6270260810852,10560,ip-172-31-87-111,172.31.87.111,"{'starting_lr': 0.1, 'momentum': 0.9, 'weight_decay': 0.0005, 'steps_per_iteration': None, 'pin': False, 'model_creator': None, 'target_batch_size': 64, 'model_string': 'resnet101', 'min_batch_size': 64, 'dataset': 'CIFAR', 'placement': [2, 2], 'use_nccl': False, 'devices_per_worker': 1, 'primary_resource': 'extra_gpu', 'gpu': False, 'verbose': False, 'trial_id': '7ea8fd75', 'batch_per_device': 64}",59.660064697265625,0,7,334.3121759102884,{'380757962a3b4ec9956943fe7f4543b3b5977a90': 4}
2560,46080,0.9216,4,194.93421530723572,False,,,18,9eb76c46ca6c4e2a8a87b226c956ddc8,2019-04-24_20-56-34,1556139394,7.583370923995972,185.21039700508118,10560,ip-172-31-87-111,172.31.87.111,"{'starting_lr': 0.1, 'momentum': 0.9, 'weight_decay': 0.0005, 'steps_per_iteration': None, 'pin': False, 'model_creator': None, 'target_batch_size': 64, 'model_string': 'resnet101', 'min_batch_size': 64, 'dataset': 'CIFAR', 'placement': [2, 2], 'use_nccl': False, 'devices_per_worker': 1, 'primary_resource': 'extra_gpu', 'gpu': False, 'verbose': False, 'trial_id': '7ea8fd75', 'batch_per_device': 64}",67.2434356212616,0,8,344.12667252645275,{'380757962a3b4ec9956943fe7f4543b3b5977a90': 4}
2560,48640,0.9728,4,202.22519540786743,False,,,19,9eb76c46ca6c4e2a8a87b226c956ddc8,2019-04-24_20-56-41,1556139401,7.289788722991943,192.50018572807312,10560,ip-172-31-87-111,172.31.87.111,"{'starting_lr': 0.1, 'momentum': 0.9, 'weight_decay': 0.0005, 'steps_per_iteration': None, 'pin': False, 'model_creator': None, 'target_batch_size': 64, 'model_string': 'resnet101', 'min_batch_size': 64, 'dataset': 'CIFAR', 'placement': [2, 2], 'use_nccl': False, 'devices_per_worker': 1, 'primary_resource': 'extra_gpu', 'gpu': False, 'verbose': False, 'trial_id': '7ea8fd75', 'batch_per_device': 64}",74.53322434425354,0,9,344.2410262734286,{'380757962a3b4ec9956943fe7f4543b3b5977a90': 4}
2560,51200,1.024,4,209.68827438354492,False,,,20,9eb76c46ca6c4e2a8a87b226c956ddc8,2019-04-24_20-56-49,1556139409,7.461839199066162,199.96202492713928,10560,ip-172-31-87-111,172.31.87.111,"{'starting_lr': 0.1, 'momentum': 0.9, 'weight_decay': 0.0005, 'steps_per_iteration': None, 'pin': False, 'model_creator': None, 'target_batch_size': 64, 'model_string': 'resnet101', 'min_batch_size': 64, 'dataset': 'CIFAR', 'placement': [2, 2], 'use_nccl': False, 'devices_per_worker': 1, 'primary_resource': 'extra_gpu', 'gpu': False, 'verbose': False, 'trial_id': '7ea8fd75', 'batch_per_device': 64}",81.9950635433197,0,10,347.07702802570964,{'380757962a3b4ec9956943fe7f4543b3b5977a90': 4}
2560,53760,1.0752,4,217.1829810142517,False,,,21,9eb76c46ca6c4e2a8a87b226c956ddc8,2019-04-24_20-56-56,1556139416,7.493547677993774,207.45557260513306,10560,ip-172-31-87-111,172.31.87.111,"{'starting_lr': 0.1, 'momentum': 0.9, 'weight_decay': 0.0005, 'steps_per_iteration': None, 'pin': False, 'model_creator': None, 'target_batch_size': 64, 'model_string': 'resnet101', 'min_batch_size': 64, 'dataset': 'CIFAR', 'placement': [2, 2], 'use_nccl': False, 'devices_per_worker': 1, 'primary_resource': 'extra_gpu', 'gpu': False, 'verbose': False, 'trial_id': '7ea8fd75', 'batch_per_device': 64}",89.48861122131348,0,11,342.34861643396187,{'380757962a3b4ec9956943fe7f4543b3b5977a90': 4}
2560,56320,1.1264,4,224.6862554550171,False,,,22,9eb76c46ca6c4e2a8a87b226c956ddc8,2019-04-24_20-57-04,1556139424,7.502140045166016,214.95771265029907,10560,ip-172-31-87-111,172.31.87.111,"{'starting_lr': 0.1, 'momentum': 0.9, 'weight_decay': 0.0005, 'steps_per_iteration': None, 'pin': False, 'model_creator': None, 'target_batch_size': 64, 'model_string': 'resnet101', 'min_batch_size': 64, 'dataset': 'CIFAR', 'placement': [2, 2], 'use_nccl': False, 'devices_per_worker': 1, 'primary_resource': 'extra_gpu', 'gpu': False, 'verbose': False, 'trial_id': '7ea8fd75', 'batch_per_device': 64}",96.99075126647949,0,12,341.4284987474129,{'380757962a3b4ec9956943fe7f4543b3b5977a90': 4}
2560,58880,1.1776,4,232.32806086540222,False,,,23,9eb76c46ca6c4e2a8a87b226c956ddc8,2019-04-24_20-57-12,1556139432,7.640576601028442,222.59828925132751,10560,ip-172-31-87-111,172.31.87.111,"{'starting_lr': 0.1, 'momentum': 0.9, 'weight_decay': 0.0005, 'steps_per_iteration': None, 'pin': False, 'model_creator': None, 'target_batch_size': 64, 'model_string': 'resnet101', 'min_batch_size': 64, 'dataset': 'CIFAR', 'placement': [2, 2], 'use_nccl': False, 'devices_per_worker': 1, 'primary_resource': 'extra_gpu', 'gpu': False, 'verbose': False, 'trial_id': '7ea8fd75', 'batch_per_device': 64}",104.63132786750793,0,13,338.1131824508365,{'380757962a3b4ec9956943fe7f4543b3b5977a90': 4}
2560,61440,1.2288,4,239.93635368347168,False,,,24,9eb76c46ca6c4e2a8a87b226c956ddc8,2019-04-24_20-57-19,1556139439,7.607030391693115,230.20531964302063,10560,ip-172-31-87-111,172.31.87.111,"{'starting_lr': 0.1, 'momentum': 0.9, 'weight_decay': 0.0005, 'steps_per_iteration': None, 'pin': False, 'model_creator': None, 'target_batch_size': 64, 'model_string': 'resnet101', 'min_batch_size': 64, 'dataset': 'CIFAR', 'placement': [2, 2], 'use_nccl': False, 'devices_per_worker': 1, 'primary_resource': 'extra_gpu', 'gpu': False, 'verbose': False, 'trial_id': '7ea8fd75', 'batch_per_device': 64}",112.23835825920105,0,14,335.7873723441225,{'380757962a3b4ec9956943fe7f4543b3b5977a90': 4}
2560,64000,1.28,4,247.28926730155945,False,,,25,9eb76c46ca6c4e2a8a87b226c956ddc8,2019-04-24_20-57-27,1556139447,7.3517444133758545,237.55706405639648,10560,ip-172-31-87-111,172.31.87.111,"{'starting_lr': 0.1, 'momentum': 0.9, 'weight_decay': 0.0005, 'steps_per_iteration': None, 'pin': False, 'model_creator': None, 'target_batch_size': 64, 'model_string': 'resnet101', 'min_batch_size': 64, 'dataset': 'CIFAR', 'placement': [2, 2], 'use_nccl': False, 'devices_per_worker': 1, 'primary_resource': 'extra_gpu', 'gpu': False, 'verbose': False, 'trial_id': '7ea8fd75', 'batch_per_device': 64}",119.5901026725769,0,15,342.2712168848881,{'380757962a3b4ec9956943fe7f4543b3b5977a90': 4}
2560,66560,1.3312,4,254.68986463546753,True,,,26,9eb76c46ca6c4e2a8a87b226c956ddc8,2019-04-24_20-57-34,1556139454,7.399524450302124,244.9565885066986,10560,ip-172-31-87-111,172.31.87.111,"{'starting_lr': 0.1, 'momentum': 0.9, 'weight_decay': 0.0005, 'steps_per_iteration': None, 'pin': False, 'model_creator': None, 'target_batch_size': 64, 'model_string': 'resnet101', 'min_batch_size': 64, 'dataset': 'CIFAR', 'placement': [2, 2], 'use_nccl': False, 'devices_per_worker': 1, 'primary_resource': 'extra_gpu', 'gpu': False, 'verbose': False, 'trial_id': '7ea8fd75', 'batch_per_device': 64}",126.98962712287903,0,16,347.08580706921634,{'380757962a3b4ec9956943fe7f4543b3b5977a90': 4}
