{"data_this_epoch": 2560, "total_data_processed": 2560, "epochs_processed": 0.0512, "num_workers": 4, "time_since_start": 23.84623885154724, "done": false, "timesteps_total": null, "episodes_total": null, "training_iteration": 1, "experiment_id": "9eb76c46ca6c4e2a8a87b226c956ddc8", "date": "2019-04-24_20-53-25", "timestamp": 1556139205, "time_this_iter_s": 14.260265111923218, "time_total_s": 14.260265111923218, "pid": 12775, "hostname": "ip-172-31-95-70", "node_ip": "172.31.95.70", "config": {"starting_lr": 0.1, "momentum": 0.9, "weight_decay": 0.0005, "steps_per_iteration": null, "pin": false, "model_creator": null, "target_batch_size": 64, "model_string": "resnet101", "min_batch_size": 64, "dataset": "CIFAR", "placement": [2, 2], "use_nccl": false, "devices_per_worker": 1, "primary_resource": "extra_gpu", "gpu": false, "verbose": false, "trial_id": "7ea8fd75", "batch_per_device": 64}, "time_since_restore": 14.260265111923218, "timesteps_since_restore": 0, "iterations_since_restore": 1, "train_throughput": 179.518711643205, "locations": {"380757962a3b4ec9956943fe7f4543b3b5977a90": 2, "566ecb6fa674decb1acac916e46a605969fe58ab": 2}}
{"data_this_epoch": 2560, "total_data_processed": 5120, "epochs_processed": 0.1024, "num_workers": 4, "time_since_start": 35.78553318977356, "done": false, "timesteps_total": null, "episodes_total": null, "training_iteration": 2, "experiment_id": "9eb76c46ca6c4e2a8a87b226c956ddc8", "date": "2019-04-24_20-53-37", "timestamp": 1556139217, "time_this_iter_s": 11.931514978408813, "time_total_s": 26.19178009033203, "pid": 12775, "hostname": "ip-172-31-95-70", "node_ip": "172.31.95.70", "config": {"starting_lr": 0.1, "momentum": 0.9, "weight_decay": 0.0005, "steps_per_iteration": null, "pin": false, "model_creator": null, "target_batch_size": 64, "model_string": "resnet101", "min_batch_size": 64, "dataset": "CIFAR", "placement": [2, 2], "use_nccl": false, "devices_per_worker": 1, "primary_resource": "extra_gpu", "gpu": false, "verbose": false, "trial_id": "7ea8fd75", "batch_per_device": 64}, "time_since_restore": 26.19178009033203, "timesteps_since_restore": 0, "iterations_since_restore": 2, "train_throughput": 195.47989760908013, "locations": {"380757962a3b4ec9956943fe7f4543b3b5977a90": 2, "566ecb6fa674decb1acac916e46a605969fe58ab": 2}}
{"data_this_epoch": 2560, "total_data_processed": 7680, "epochs_processed": 0.1536, "num_workers": 4, "time_since_start": 47.625622272491455, "done": false, "timesteps_total": null, "episodes_total": null, "training_iteration": 3, "experiment_id": "9eb76c46ca6c4e2a8a87b226c956ddc8", "date": "2019-04-24_20-53-48", "timestamp": 1556139228, "time_this_iter_s": 11.832693338394165, "time_total_s": 38.024473428726196, "pid": 12775, "hostname": "ip-172-31-95-70", "node_ip": "172.31.95.70", "config": {"starting_lr": 0.1, "momentum": 0.9, "weight_decay": 0.0005, "steps_per_iteration": null, "pin": false, "model_creator": null, "target_batch_size": 64, "model_string": "resnet101", "min_batch_size": 64, "dataset": "CIFAR", "placement": [2, 2], "use_nccl": false, "devices_per_worker": 1, "primary_resource": "extra_gpu", "gpu": false, "verbose": false, "trial_id": "7ea8fd75", "batch_per_device": 64}, "time_since_restore": 38.024473428726196, "timesteps_since_restore": 0, "iterations_since_restore": 3, "train_throughput": 215.44852294641558, "locations": {"380757962a3b4ec9956943fe7f4543b3b5977a90": 2, "566ecb6fa674decb1acac916e46a605969fe58ab": 2}}
{"data_this_epoch": 2560, "total_data_processed": 10240, "epochs_processed": 0.2048, "num_workers": 4, "time_since_start": 59.49276161193848, "done": false, "timesteps_total": null, "episodes_total": null, "training_iteration": 4, "experiment_id": "9eb76c46ca6c4e2a8a87b226c956ddc8", "date": "2019-04-24_20-54-00", "timestamp": 1556139240, "time_this_iter_s": 11.859783411026001, "time_total_s": 49.8842568397522, "pid": 12775, "hostname": "ip-172-31-95-70", "node_ip": "172.31.95.70", "config": {"starting_lr": 0.1, "momentum": 0.9, "weight_decay": 0.0005, "steps_per_iteration": null, "pin": false, "model_creator": null, "target_batch_size": 64, "model_string": "resnet101", "min_batch_size": 64, "dataset": "CIFAR", "placement": [2, 2], "use_nccl": false, "devices_per_worker": 1, "primary_resource": "extra_gpu", "gpu": false, "verbose": false, "trial_id": "7ea8fd75", "batch_per_device": 64}, "time_since_restore": 49.8842568397522, "timesteps_since_restore": 0, "iterations_since_restore": 4, "train_throughput": 216.10088839625897, "locations": {"380757962a3b4ec9956943fe7f4543b3b5977a90": 2, "566ecb6fa674decb1acac916e46a605969fe58ab": 2}}
{"data_this_epoch": 2560, "total_data_processed": 12800, "epochs_processed": 0.256, "num_workers": 4, "time_since_start": 70.95227313041687, "done": false, "timesteps_total": null, "episodes_total": null, "training_iteration": 5, "experiment_id": "9eb76c46ca6c4e2a8a87b226c956ddc8", "date": "2019-04-24_20-54-12", "timestamp": 1556139252, "time_this_iter_s": 11.452307939529419, "time_total_s": 61.336564779281616, "pid": 12775, "hostname": "ip-172-31-95-70", "node_ip": "172.31.95.70", "config": {"starting_lr": 0.1, "momentum": 0.9, "weight_decay": 0.0005, "steps_per_iteration": null, "pin": false, "model_creator": null, "target_batch_size": 64, "model_string": "resnet101", "min_batch_size": 64, "dataset": "CIFAR", "placement": [2, 2], "use_nccl": false, "devices_per_worker": 1, "primary_resource": "extra_gpu", "gpu": false, "verbose": false, "trial_id": "7ea8fd75", "batch_per_device": 64}, "time_since_restore": 61.336564779281616, "timesteps_since_restore": 0, "iterations_since_restore": 5, "train_throughput": 219.6270390505985, "locations": {"380757962a3b4ec9956943fe7f4543b3b5977a90": 2, "566ecb6fa674decb1acac916e46a605969fe58ab": 2}}
{"data_this_epoch": 2560, "total_data_processed": 15360, "epochs_processed": 0.3072, "num_workers": 4, "time_since_start": 82.41779661178589, "done": false, "timesteps_total": null, "episodes_total": null, "training_iteration": 6, "experiment_id": "9eb76c46ca6c4e2a8a87b226c956ddc8", "date": "2019-04-24_20-54-23", "timestamp": 1556139263, "time_this_iter_s": 11.45838975906372, "time_total_s": 72.79495453834534, "pid": 12775, "hostname": "ip-172-31-95-70", "node_ip": "172.31.95.70", "config": {"starting_lr": 0.1, "momentum": 0.9, "weight_decay": 0.0005, "steps_per_iteration": null, "pin": false, "model_creator": null, "target_batch_size": 64, "model_string": "resnet101", "min_batch_size": 64, "dataset": "CIFAR", "placement": [2, 2], "use_nccl": false, "devices_per_worker": 1, "primary_resource": "extra_gpu", "gpu": false, "verbose": false, "trial_id": "7ea8fd75", "batch_per_device": 64}, "time_since_restore": 72.79495453834534, "timesteps_since_restore": 0, "iterations_since_restore": 6, "train_throughput": 223.47475218178317, "locations": {"380757962a3b4ec9956943fe7f4543b3b5977a90": 2, "566ecb6fa674decb1acac916e46a605969fe58ab": 2}}
{"data_this_epoch": 2560, "total_data_processed": 17920, "epochs_processed": 0.3584, "num_workers": 4, "time_since_start": 93.81737542152405, "done": false, "timesteps_total": null, "episodes_total": null, "training_iteration": 7, "experiment_id": "9eb76c46ca6c4e2a8a87b226c956ddc8", "date": "2019-04-24_20-54-35", "timestamp": 1556139275, "time_this_iter_s": 11.392297506332397, "time_total_s": 84.18725204467773, "pid": 12775, "hostname": "ip-172-31-95-70", "node_ip": "172.31.95.70", "config": {"starting_lr": 0.1, "momentum": 0.9, "weight_decay": 0.0005, "steps_per_iteration": null, "pin": false, "model_creator": null, "target_batch_size": 64, "model_string": "resnet101", "min_batch_size": 64, "dataset": "CIFAR", "placement": [2, 2], "use_nccl": false, "devices_per_worker": 1, "primary_resource": "extra_gpu", "gpu": false, "verbose": false, "trial_id": "7ea8fd75", "batch_per_device": 64}, "time_since_restore": 84.18725204467773, "timesteps_since_restore": 0, "iterations_since_restore": 7, "train_throughput": 224.0617046531444, "locations": {"380757962a3b4ec9956943fe7f4543b3b5977a90": 2, "566ecb6fa674decb1acac916e46a605969fe58ab": 2}}
{"data_this_epoch": 2560, "total_data_processed": 20480, "epochs_processed": 0.4096, "num_workers": 4, "time_since_start": 105.06835627555847, "done": false, "timesteps_total": null, "episodes_total": null, "training_iteration": 8, "experiment_id": "9eb76c46ca6c4e2a8a87b226c956ddc8", "date": "2019-04-24_20-54-46", "timestamp": 1556139286, "time_this_iter_s": 11.243417024612427, "time_total_s": 95.43066906929016, "pid": 12775, "hostname": "ip-172-31-95-70", "node_ip": "172.31.95.70", "config": {"starting_lr": 0.1, "momentum": 0.9, "weight_decay": 0.0005, "steps_per_iteration": null, "pin": false, "model_creator": null, "target_batch_size": 64, "model_string": "resnet101", "min_batch_size": 64, "dataset": "CIFAR", "placement": [2, 2], "use_nccl": false, "devices_per_worker": 1, "primary_resource": "extra_gpu", "gpu": false, "verbose": false, "trial_id": "7ea8fd75", "batch_per_device": 64}, "time_since_restore": 95.43066906929016, "timesteps_since_restore": 0, "iterations_since_restore": 8, "train_throughput": 226.18975987607044, "locations": {"380757962a3b4ec9956943fe7f4543b3b5977a90": 2, "566ecb6fa674decb1acac916e46a605969fe58ab": 2}}
{"data_this_epoch": 2560, "total_data_processed": 23040, "epochs_processed": 0.4608, "num_workers": 4, "time_since_start": 116.4631016254425, "done": false, "timesteps_total": null, "episodes_total": null, "training_iteration": 9, "experiment_id": "9eb76c46ca6c4e2a8a87b226c956ddc8", "date": "2019-04-24_20-54-57", "timestamp": 1556139297, "time_this_iter_s": 11.3872971534729, "time_total_s": 106.81796622276306, "pid": 12775, "hostname": "ip-172-31-95-70", "node_ip": "172.31.95.70", "config": {"starting_lr": 0.1, "momentum": 0.9, "weight_decay": 0.0005, "steps_per_iteration": null, "pin": false, "model_creator": null, "target_batch_size": 64, "model_string": "resnet101", "min_batch_size": 64, "dataset": "CIFAR", "placement": [2, 2], "use_nccl": false, "devices_per_worker": 1, "primary_resource": "extra_gpu", "gpu": false, "verbose": false, "trial_id": "7ea8fd75", "batch_per_device": 64}, "time_since_restore": 106.81796622276306, "timesteps_since_restore": 0, "iterations_since_restore": 9, "train_throughput": 226.23970377638503, "locations": {"380757962a3b4ec9956943fe7f4543b3b5977a90": 2, "566ecb6fa674decb1acac916e46a605969fe58ab": 2}}
{"data_this_epoch": 2560, "total_data_processed": 25600, "epochs_processed": 0.512, "num_workers": 4, "time_since_start": 127.61928534507751, "done": false, "timesteps_total": null, "episodes_total": null, "training_iteration": 10, "experiment_id": "9eb76c46ca6c4e2a8a87b226c956ddc8", "date": "2019-04-24_20-55-08", "timestamp": 1556139308, "time_this_iter_s": 11.148995161056519, "time_total_s": 117.96696138381958, "pid": 12775, "hostname": "ip-172-31-95-70", "node_ip": "172.31.95.70", "config": {"starting_lr": 0.1, "momentum": 0.9, "weight_decay": 0.0005, "steps_per_iteration": null, "pin": false, "model_creator": null, "target_batch_size": 64, "model_string": "resnet101", "min_batch_size": 64, "dataset": "CIFAR", "placement": [2, 2], "use_nccl": false, "devices_per_worker": 1, "primary_resource": "extra_gpu", "gpu": false, "verbose": false, "trial_id": "7ea8fd75", "batch_per_device": 64}, "time_since_restore": 117.96696138381958, "timesteps_since_restore": 0, "iterations_since_restore": 10, "train_throughput": 227.18754154336997, "locations": {"380757962a3b4ec9956943fe7f4543b3b5977a90": 2, "566ecb6fa674decb1acac916e46a605969fe58ab": 2}}
{"data_this_epoch": 2560, "total_data_processed": 28160, "epochs_processed": 0.5632, "num_workers": 4, "time_since_start": 138.70584154129028, "done": false, "timesteps_total": null, "episodes_total": null, "training_iteration": 11, "experiment_id": "9eb76c46ca6c4e2a8a87b226c956ddc8", "date": "2019-04-24_20-55-38", "timestamp": 1556139338, "time_this_iter_s": 11.023998975753784, "time_total_s": 128.99096035957336, "pid": 10560, "hostname": "ip-172-31-87-111", "node_ip": "172.31.87.111", "config": {"starting_lr": 0.1, "momentum": 0.9, "weight_decay": 0.0005, "steps_per_iteration": null, "pin": false, "model_creator": null, "target_batch_size": 64, "model_string": "resnet101", "min_batch_size": 64, "dataset": "CIFAR", "placement": [2, 2], "use_nccl": false, "devices_per_worker": 1, "primary_resource": "extra_gpu", "gpu": false, "verbose": false, "trial_id": "7ea8fd75", "batch_per_device": 64}, "time_since_restore": 11.023998975753784, "timesteps_since_restore": 0, "iterations_since_restore": 1, "train_throughput": 232.2180647933452, "locations": {"380757962a3b4ec9956943fe7f4543b3b5977a90": 4}}
{"data_this_epoch": 2560, "total_data_processed": 30720, "epochs_processed": 0.6144, "num_workers": 4, "time_since_start": 147.20749616622925, "done": false, "timesteps_total": null, "episodes_total": null, "training_iteration": 12, "experiment_id": "9eb76c46ca6c4e2a8a87b226c956ddc8", "date": "2019-04-24_20-55-46", "timestamp": 1556139346, "time_this_iter_s": 8.500334739685059, "time_total_s": 137.49129509925842, "pid": 10560, "hostname": "ip-172-31-87-111", "node_ip": "172.31.87.111", "config": {"starting_lr": 0.1, "momentum": 0.9, "weight_decay": 0.0005, "steps_per_iteration": null, "pin": false, "model_creator": null, "target_batch_size": 64, "model_string": "resnet101", "min_batch_size": 64, "dataset": "CIFAR", "placement": [2, 2], "use_nccl": false, "devices_per_worker": 1, "primary_resource": "extra_gpu", "gpu": false, "verbose": false, "trial_id": "7ea8fd75", "batch_per_device": 64}, "time_since_restore": 19.524333715438843, "timesteps_since_restore": 0, "iterations_since_restore": 2, "train_throughput": 262.2342678725554, "locations": {"380757962a3b4ec9956943fe7f4543b3b5977a90": 4}}
{"data_this_epoch": 2560, "total_data_processed": 33280, "epochs_processed": 0.6656, "num_workers": 4, "time_since_start": 155.5210771560669, "done": false, "timesteps_total": null, "episodes_total": null, "training_iteration": 13, "experiment_id": "9eb76c46ca6c4e2a8a87b226c956ddc8", "date": "2019-04-24_20-55-55", "timestamp": 1556139355, "time_this_iter_s": 8.312284469604492, "time_total_s": 145.80357956886292, "pid": 10560, "hostname": "ip-172-31-87-111", "node_ip": "172.31.87.111", "config": {"starting_lr": 0.1, "momentum": 0.9, "weight_decay": 0.0005, "steps_per_iteration": null, "pin": false, "model_creator": null, "target_batch_size": 64, "model_string": "resnet101", "min_batch_size": 64, "dataset": "CIFAR", "placement": [2, 2], "use_nccl": false, "devices_per_worker": 1, "primary_resource": "extra_gpu", "gpu": false, "verbose": false, "trial_id": "7ea8fd75", "batch_per_device": 64}, "time_since_restore": 27.836618185043335, "timesteps_since_restore": 0, "iterations_since_restore": 3, "train_throughput": 304.5302373672096, "locations": {"380757962a3b4ec9956943fe7f4543b3b5977a90": 4}}
{"data_this_epoch": 2560, "total_data_processed": 35840, "epochs_processed": 0.7168, "num_workers": 4, "time_since_start": 163.7836456298828, "done": false, "timesteps_total": null, "episodes_total": null, "training_iteration": 14, "experiment_id": "9eb76c46ca6c4e2a8a87b226c956ddc8", "date": "2019-04-24_20-56-03", "timestamp": 1556139363, "time_this_iter_s": 8.261275053024292, "time_total_s": 154.0648546218872, "pid": 10560, "hostname": "ip-172-31-87-111", "node_ip": "172.31.87.111", "config": {"starting_lr": 0.1, "momentum": 0.9, "weight_decay": 0.0005, "steps_per_iteration": null, "pin": false, "model_creator": null, "target_batch_size": 64, "model_string": "resnet101", "min_batch_size": 64, "dataset": "CIFAR", "placement": [2, 2], "use_nccl": false, "devices_per_worker": 1, "primary_resource": "extra_gpu", "gpu": false, "verbose": false, "trial_id": "7ea8fd75", "batch_per_device": 64}, "time_since_restore": 36.09789323806763, "timesteps_since_restore": 0, "iterations_since_restore": 4, "train_throughput": 308.9227744149174, "locations": {"380757962a3b4ec9956943fe7f4543b3b5977a90": 4}}
{"data_this_epoch": 2560, "total_data_processed": 38400, "epochs_processed": 0.768, "num_workers": 4, "time_since_start": 172.0322208404541, "done": false, "timesteps_total": null, "episodes_total": null, "training_iteration": 15, "experiment_id": "9eb76c46ca6c4e2a8a87b226c956ddc8", "date": "2019-04-24_20-56-11", "timestamp": 1556139371, "time_this_iter_s": 8.247287511825562, "time_total_s": 162.31214213371277, "pid": 10560, "hostname": "ip-172-31-87-111", "node_ip": "172.31.87.111", "config": {"starting_lr": 0.1, "momentum": 0.9, "weight_decay": 0.0005, "steps_per_iteration": null, "pin": false, "model_creator": null, "target_batch_size": 64, "model_string": "resnet101", "min_batch_size": 64, "dataset": "CIFAR", "placement": [2, 2], "use_nccl": false, "devices_per_worker": 1, "primary_resource": "extra_gpu", "gpu": false, "verbose": false, "trial_id": "7ea8fd75", "batch_per_device": 64}, "time_since_restore": 44.34518074989319, "timesteps_since_restore": 0, "iterations_since_restore": 5, "train_throughput": 310.1393429490211, "locations": {"380757962a3b4ec9956943fe7f4543b3b5977a90": 4}}
{"data_this_epoch": 2560, "total_data_processed": 40960, "epochs_processed": 0.8192, "num_workers": 4, "time_since_start": 180.05364418029785, "done": false, "timesteps_total": null, "episodes_total": null, "training_iteration": 16, "experiment_id": "9eb76c46ca6c4e2a8a87b226c956ddc8", "date": "2019-04-24_20-56-19", "timestamp": 1556139379, "time_this_iter_s": 8.020150661468506, "time_total_s": 170.33229279518127, "pid": 10560, "hostname": "ip-172-31-87-111", "node_ip": "172.31.87.111", "config": {"starting_lr": 0.1, "momentum": 0.9, "weight_decay": 0.0005, "steps_per_iteration": null, "pin": false, "model_creator": null, "target_batch_size": 64, "model_string": "resnet101", "min_batch_size": 64, "dataset": "CIFAR", "placement": [2, 2], "use_nccl": false, "devices_per_worker": 1, "primary_resource": "extra_gpu", "gpu": false, "verbose": false, "trial_id": "7ea8fd75", "batch_per_device": 64}, "time_since_restore": 52.365331411361694, "timesteps_since_restore": 0, "iterations_since_restore": 6, "train_throughput": 314.7363522536731, "locations": {"380757962a3b4ec9956943fe7f4543b3b5977a90": 4}}
{"data_this_epoch": 2560, "total_data_processed": 43520, "epochs_processed": 0.8704, "num_workers": 4, "time_since_start": 187.3496069908142, "done": false, "timesteps_total": null, "episodes_total": null, "training_iteration": 17, "experiment_id": "9eb76c46ca6c4e2a8a87b226c956ddc8", "date": "2019-04-24_20-56-27", "timestamp": 1556139387, "time_this_iter_s": 7.294733285903931, "time_total_s": 177.6270260810852, "pid": 10560, "hostname": "ip-172-31-87-111", "node_ip": "172.31.87.111", "config": {"starting_lr": 0.1, "momentum": 0.9, "weight_decay": 0.0005, "steps_per_iteration": null, "pin": false, "model_creator": null, "target_batch_size": 64, "model_string": "resnet101", "min_batch_size": 64, "dataset": "CIFAR", "placement": [2, 2], "use_nccl": false, "devices_per_worker": 1, "primary_resource": "extra_gpu", "gpu": false, "verbose": false, "trial_id": "7ea8fd75", "batch_per_device": 64}, "time_since_restore": 59.660064697265625, "timesteps_since_restore": 0, "iterations_since_restore": 7, "train_throughput": 334.3121759102884, "locations": {"380757962a3b4ec9956943fe7f4543b3b5977a90": 4}}
{"data_this_epoch": 2560, "total_data_processed": 46080, "epochs_processed": 0.9216, "num_workers": 4, "time_since_start": 194.93421530723572, "done": false, "timesteps_total": null, "episodes_total": null, "training_iteration": 18, "experiment_id": "9eb76c46ca6c4e2a8a87b226c956ddc8", "date": "2019-04-24_20-56-34", "timestamp": 1556139394, "time_this_iter_s": 7.583370923995972, "time_total_s": 185.21039700508118, "pid": 10560, "hostname": "ip-172-31-87-111", "node_ip": "172.31.87.111", "config": {"starting_lr": 0.1, "momentum": 0.9, "weight_decay": 0.0005, "steps_per_iteration": null, "pin": false, "model_creator": null, "target_batch_size": 64, "model_string": "resnet101", "min_batch_size": 64, "dataset": "CIFAR", "placement": [2, 2], "use_nccl": false, "devices_per_worker": 1, "primary_resource": "extra_gpu", "gpu": false, "verbose": false, "trial_id": "7ea8fd75", "batch_per_device": 64}, "time_since_restore": 67.2434356212616, "timesteps_since_restore": 0, "iterations_since_restore": 8, "train_throughput": 344.12667252645275, "locations": {"380757962a3b4ec9956943fe7f4543b3b5977a90": 4}}
{"data_this_epoch": 2560, "total_data_processed": 48640, "epochs_processed": 0.9728, "num_workers": 4, "time_since_start": 202.22519540786743, "done": false, "timesteps_total": null, "episodes_total": null, "training_iteration": 19, "experiment_id": "9eb76c46ca6c4e2a8a87b226c956ddc8", "date": "2019-04-24_20-56-41", "timestamp": 1556139401, "time_this_iter_s": 7.289788722991943, "time_total_s": 192.50018572807312, "pid": 10560, "hostname": "ip-172-31-87-111", "node_ip": "172.31.87.111", "config": {"starting_lr": 0.1, "momentum": 0.9, "weight_decay": 0.0005, "steps_per_iteration": null, "pin": false, "model_creator": null, "target_batch_size": 64, "model_string": "resnet101", "min_batch_size": 64, "dataset": "CIFAR", "placement": [2, 2], "use_nccl": false, "devices_per_worker": 1, "primary_resource": "extra_gpu", "gpu": false, "verbose": false, "trial_id": "7ea8fd75", "batch_per_device": 64}, "time_since_restore": 74.53322434425354, "timesteps_since_restore": 0, "iterations_since_restore": 9, "train_throughput": 344.2410262734286, "locations": {"380757962a3b4ec9956943fe7f4543b3b5977a90": 4}}
{"data_this_epoch": 2560, "total_data_processed": 51200, "epochs_processed": 1.024, "num_workers": 4, "time_since_start": 209.68827438354492, "done": false, "timesteps_total": null, "episodes_total": null, "training_iteration": 20, "experiment_id": "9eb76c46ca6c4e2a8a87b226c956ddc8", "date": "2019-04-24_20-56-49", "timestamp": 1556139409, "time_this_iter_s": 7.461839199066162, "time_total_s": 199.96202492713928, "pid": 10560, "hostname": "ip-172-31-87-111", "node_ip": "172.31.87.111", "config": {"starting_lr": 0.1, "momentum": 0.9, "weight_decay": 0.0005, "steps_per_iteration": null, "pin": false, "model_creator": null, "target_batch_size": 64, "model_string": "resnet101", "min_batch_size": 64, "dataset": "CIFAR", "placement": [2, 2], "use_nccl": false, "devices_per_worker": 1, "primary_resource": "extra_gpu", "gpu": false, "verbose": false, "trial_id": "7ea8fd75", "batch_per_device": 64}, "time_since_restore": 81.9950635433197, "timesteps_since_restore": 0, "iterations_since_restore": 10, "train_throughput": 347.07702802570964, "locations": {"380757962a3b4ec9956943fe7f4543b3b5977a90": 4}}
{"data_this_epoch": 2560, "total_data_processed": 53760, "epochs_processed": 1.0752, "num_workers": 4, "time_since_start": 217.1829810142517, "done": false, "timesteps_total": null, "episodes_total": null, "training_iteration": 21, "experiment_id": "9eb76c46ca6c4e2a8a87b226c956ddc8", "date": "2019-04-24_20-56-56", "timestamp": 1556139416, "time_this_iter_s": 7.493547677993774, "time_total_s": 207.45557260513306, "pid": 10560, "hostname": "ip-172-31-87-111", "node_ip": "172.31.87.111", "config": {"starting_lr": 0.1, "momentum": 0.9, "weight_decay": 0.0005, "steps_per_iteration": null, "pin": false, "model_creator": null, "target_batch_size": 64, "model_string": "resnet101", "min_batch_size": 64, "dataset": "CIFAR", "placement": [2, 2], "use_nccl": false, "devices_per_worker": 1, "primary_resource": "extra_gpu", "gpu": false, "verbose": false, "trial_id": "7ea8fd75", "batch_per_device": 64}, "time_since_restore": 89.48861122131348, "timesteps_since_restore": 0, "iterations_since_restore": 11, "train_throughput": 342.34861643396187, "locations": {"380757962a3b4ec9956943fe7f4543b3b5977a90": 4}}
{"data_this_epoch": 2560, "total_data_processed": 56320, "epochs_processed": 1.1264, "num_workers": 4, "time_since_start": 224.6862554550171, "done": false, "timesteps_total": null, "episodes_total": null, "training_iteration": 22, "experiment_id": "9eb76c46ca6c4e2a8a87b226c956ddc8", "date": "2019-04-24_20-57-04", "timestamp": 1556139424, "time_this_iter_s": 7.502140045166016, "time_total_s": 214.95771265029907, "pid": 10560, "hostname": "ip-172-31-87-111", "node_ip": "172.31.87.111", "config": {"starting_lr": 0.1, "momentum": 0.9, "weight_decay": 0.0005, "steps_per_iteration": null, "pin": false, "model_creator": null, "target_batch_size": 64, "model_string": "resnet101", "min_batch_size": 64, "dataset": "CIFAR", "placement": [2, 2], "use_nccl": false, "devices_per_worker": 1, "primary_resource": "extra_gpu", "gpu": false, "verbose": false, "trial_id": "7ea8fd75", "batch_per_device": 64}, "time_since_restore": 96.99075126647949, "timesteps_since_restore": 0, "iterations_since_restore": 12, "train_throughput": 341.4284987474129, "locations": {"380757962a3b4ec9956943fe7f4543b3b5977a90": 4}}
{"data_this_epoch": 2560, "total_data_processed": 58880, "epochs_processed": 1.1776, "num_workers": 4, "time_since_start": 232.32806086540222, "done": false, "timesteps_total": null, "episodes_total": null, "training_iteration": 23, "experiment_id": "9eb76c46ca6c4e2a8a87b226c956ddc8", "date": "2019-04-24_20-57-12", "timestamp": 1556139432, "time_this_iter_s": 7.640576601028442, "time_total_s": 222.59828925132751, "pid": 10560, "hostname": "ip-172-31-87-111", "node_ip": "172.31.87.111", "config": {"starting_lr": 0.1, "momentum": 0.9, "weight_decay": 0.0005, "steps_per_iteration": null, "pin": false, "model_creator": null, "target_batch_size": 64, "model_string": "resnet101", "min_batch_size": 64, "dataset": "CIFAR", "placement": [2, 2], "use_nccl": false, "devices_per_worker": 1, "primary_resource": "extra_gpu", "gpu": false, "verbose": false, "trial_id": "7ea8fd75", "batch_per_device": 64}, "time_since_restore": 104.63132786750793, "timesteps_since_restore": 0, "iterations_since_restore": 13, "train_throughput": 338.1131824508365, "locations": {"380757962a3b4ec9956943fe7f4543b3b5977a90": 4}}
{"data_this_epoch": 2560, "total_data_processed": 61440, "epochs_processed": 1.2288, "num_workers": 4, "time_since_start": 239.93635368347168, "done": false, "timesteps_total": null, "episodes_total": null, "training_iteration": 24, "experiment_id": "9eb76c46ca6c4e2a8a87b226c956ddc8", "date": "2019-04-24_20-57-19", "timestamp": 1556139439, "time_this_iter_s": 7.607030391693115, "time_total_s": 230.20531964302063, "pid": 10560, "hostname": "ip-172-31-87-111", "node_ip": "172.31.87.111", "config": {"starting_lr": 0.1, "momentum": 0.9, "weight_decay": 0.0005, "steps_per_iteration": null, "pin": false, "model_creator": null, "target_batch_size": 64, "model_string": "resnet101", "min_batch_size": 64, "dataset": "CIFAR", "placement": [2, 2], "use_nccl": false, "devices_per_worker": 1, "primary_resource": "extra_gpu", "gpu": false, "verbose": false, "trial_id": "7ea8fd75", "batch_per_device": 64}, "time_since_restore": 112.23835825920105, "timesteps_since_restore": 0, "iterations_since_restore": 14, "train_throughput": 335.7873723441225, "locations": {"380757962a3b4ec9956943fe7f4543b3b5977a90": 4}}
{"data_this_epoch": 2560, "total_data_processed": 64000, "epochs_processed": 1.28, "num_workers": 4, "time_since_start": 247.28926730155945, "done": false, "timesteps_total": null, "episodes_total": null, "training_iteration": 25, "experiment_id": "9eb76c46ca6c4e2a8a87b226c956ddc8", "date": "2019-04-24_20-57-27", "timestamp": 1556139447, "time_this_iter_s": 7.3517444133758545, "time_total_s": 237.55706405639648, "pid": 10560, "hostname": "ip-172-31-87-111", "node_ip": "172.31.87.111", "config": {"starting_lr": 0.1, "momentum": 0.9, "weight_decay": 0.0005, "steps_per_iteration": null, "pin": false, "model_creator": null, "target_batch_size": 64, "model_string": "resnet101", "min_batch_size": 64, "dataset": "CIFAR", "placement": [2, 2], "use_nccl": false, "devices_per_worker": 1, "primary_resource": "extra_gpu", "gpu": false, "verbose": false, "trial_id": "7ea8fd75", "batch_per_device": 64}, "time_since_restore": 119.5901026725769, "timesteps_since_restore": 0, "iterations_since_restore": 15, "train_throughput": 342.2712168848881, "locations": {"380757962a3b4ec9956943fe7f4543b3b5977a90": 4}}
{"data_this_epoch": 2560, "total_data_processed": 66560, "epochs_processed": 1.3312, "num_workers": 4, "time_since_start": 254.68986463546753, "done": true, "timesteps_total": null, "episodes_total": null, "training_iteration": 26, "experiment_id": "9eb76c46ca6c4e2a8a87b226c956ddc8", "date": "2019-04-24_20-57-34", "timestamp": 1556139454, "time_this_iter_s": 7.399524450302124, "time_total_s": 244.9565885066986, "pid": 10560, "hostname": "ip-172-31-87-111", "node_ip": "172.31.87.111", "config": {"starting_lr": 0.1, "momentum": 0.9, "weight_decay": 0.0005, "steps_per_iteration": null, "pin": false, "model_creator": null, "target_batch_size": 64, "model_string": "resnet101", "min_batch_size": 64, "dataset": "CIFAR", "placement": [2, 2], "use_nccl": false, "devices_per_worker": 1, "primary_resource": "extra_gpu", "gpu": false, "verbose": false, "trial_id": "7ea8fd75", "batch_per_device": 64}, "time_since_restore": 126.98962712287903, "timesteps_since_restore": 0, "iterations_since_restore": 16, "train_throughput": 347.08580706921634, "locations": {"380757962a3b4ec9956943fe7f4543b3b5977a90": 4}}
