data_this_epoch,total_data_processed,epochs_processed,num_workers,time_since_start,done,timesteps_total,episodes_total,training_iteration,experiment_id,date,timestamp,time_this_iter_s,time_total_s,pid,hostname,node_ip,config,time_since_restore,timesteps_since_restore,iterations_since_restore,train_throughput,locations
640,640,0.0128,1,14.41412353515625,False,,,1,e17af41b7105487094f19b924d46fac0,2019-04-24_20-53-15,1556139195,7.747018814086914,7.747018814086914,17875,ip-172-31-24-132,172.31.24.132,"{'starting_lr': 0.1, 'momentum': 0.9, 'weight_decay': 0.0005, 'steps_per_iteration': None, 'pin': False, 'model_creator': None, 'target_batch_size': 64, 'model_string': 'resnet101', 'min_batch_size': 64, 'dataset': 'CIFAR', 'placement': [2, 2], 'use_nccl': False, 'devices_per_worker': 1, 'primary_resource': 'extra_gpu', 'gpu': False, 'verbose': False, 'trial_id': 'a763b234', 'batch_per_device': 64}",7.747018814086914,0,1,82.61146512300881,{'380757962a3b4ec9956943fe7f4543b3b5977a90': 1}
640,1280,0.0256,1,20.68447518348694,False,,,2,e17af41b7105487094f19b924d46fac0,2019-04-24_20-53-21,1556139201,6.265197992324829,14.012216806411743,17875,ip-172-31-24-132,172.31.24.132,"{'starting_lr': 0.1, 'momentum': 0.9, 'weight_decay': 0.0005, 'steps_per_iteration': None, 'pin': False, 'model_creator': None, 'target_batch_size': 64, 'model_string': 'resnet101', 'min_batch_size': 64, 'dataset': 'CIFAR', 'placement': [2, 2], 'use_nccl': False, 'devices_per_worker': 1, 'primary_resource': 'extra_gpu', 'gpu': False, 'verbose': False, 'trial_id': 'a763b234', 'batch_per_device': 64}",14.012216806411743,0,2,91.3477775339739,{'380757962a3b4ec9956943fe7f4543b3b5977a90': 1}
640,1920,0.0384,1,26.854510068893433,False,,,3,e17af41b7105487094f19b924d46fac0,2019-04-24_20-53-28,1556139208,6.16516375541687,20.177380561828613,17875,ip-172-31-24-132,172.31.24.132,"{'starting_lr': 0.1, 'momentum': 0.9, 'weight_decay': 0.0005, 'steps_per_iteration': None, 'pin': False, 'model_creator': None, 'target_batch_size': 64, 'model_string': 'resnet101', 'min_batch_size': 64, 'dataset': 'CIFAR', 'placement': [2, 2], 'use_nccl': False, 'devices_per_worker': 1, 'primary_resource': 'extra_gpu', 'gpu': False, 'verbose': False, 'trial_id': 'a763b234', 'batch_per_device': 64}",20.177380561828613,0,3,102.97239862217039,{'380757962a3b4ec9956943fe7f4543b3b5977a90': 1}
640,2560,0.0512,1,32.63986945152283,False,,,4,e17af41b7105487094f19b924d46fac0,2019-04-24_20-53-33,1556139213,5.780389070510864,25.957769632339478,17875,ip-172-31-24-132,172.31.24.132,"{'starting_lr': 0.1, 'momentum': 0.9, 'weight_decay': 0.0005, 'steps_per_iteration': None, 'pin': False, 'model_creator': None, 'target_batch_size': 64, 'model_string': 'resnet101', 'min_batch_size': 64, 'dataset': 'CIFAR', 'placement': [2, 2], 'use_nccl': False, 'devices_per_worker': 1, 'primary_resource': 'extra_gpu', 'gpu': False, 'verbose': False, 'trial_id': 'a763b234', 'batch_per_device': 64}",25.957769632339478,0,4,107.15142102477475,{'380757962a3b4ec9956943fe7f4543b3b5977a90': 1}
640,3200,0.064,1,37.95923352241516,False,,,5,e17af41b7105487094f19b924d46fac0,2019-04-24_20-53-39,1556139219,5.314376592636108,31.272146224975586,17875,ip-172-31-24-132,172.31.24.132,"{'starting_lr': 0.1, 'momentum': 0.9, 'weight_decay': 0.0005, 'steps_per_iteration': None, 'pin': False, 'model_creator': None, 'target_batch_size': 64, 'model_string': 'resnet101', 'min_batch_size': 64, 'dataset': 'CIFAR', 'placement': [2, 2], 'use_nccl': False, 'devices_per_worker': 1, 'primary_resource': 'extra_gpu', 'gpu': False, 'verbose': False, 'trial_id': 'a763b234', 'batch_per_device': 64}",31.272146224975586,0,5,115.36805079082325,{'380757962a3b4ec9956943fe7f4543b3b5977a90': 1}
640,3840,0.0768,1,43.54542064666748,False,,,6,e17af41b7105487094f19b924d46fac0,2019-04-24_20-53-44,1556139224,5.581289052963257,36.85343527793884,17875,ip-172-31-24-132,172.31.24.132,"{'starting_lr': 0.1, 'momentum': 0.9, 'weight_decay': 0.0005, 'steps_per_iteration': None, 'pin': False, 'model_creator': None, 'target_batch_size': 64, 'model_string': 'resnet101', 'min_batch_size': 64, 'dataset': 'CIFAR', 'placement': [2, 2], 'use_nccl': False, 'devices_per_worker': 1, 'primary_resource': 'extra_gpu', 'gpu': False, 'verbose': False, 'trial_id': 'a763b234', 'batch_per_device': 64}",36.85343527793884,0,6,117.47615169463333,{'380757962a3b4ec9956943fe7f4543b3b5977a90': 1}
640,4480,0.0896,1,49.10507369041443,False,,,7,e17af41b7105487094f19b924d46fac0,2019-04-24_20-53-50,1556139230,5.554660320281982,42.408095598220825,17875,ip-172-31-24-132,172.31.24.132,"{'starting_lr': 0.1, 'momentum': 0.9, 'weight_decay': 0.0005, 'steps_per_iteration': None, 'pin': False, 'model_creator': None, 'target_batch_size': 64, 'model_string': 'resnet101', 'min_batch_size': 64, 'dataset': 'CIFAR', 'placement': [2, 2], 'use_nccl': False, 'devices_per_worker': 1, 'primary_resource': 'extra_gpu', 'gpu': False, 'verbose': False, 'trial_id': 'a763b234', 'batch_per_device': 64}",42.408095598220825,0,7,114.94136313369783,{'380757962a3b4ec9956943fe7f4543b3b5977a90': 1}
640,5120,0.1024,1,54.70110273361206,False,,,8,e17af41b7105487094f19b924d46fac0,2019-04-24_20-53-55,1556139235,5.591186046600342,47.99928164482117,17875,ip-172-31-24-132,172.31.24.132,"{'starting_lr': 0.1, 'momentum': 0.9, 'weight_decay': 0.0005, 'steps_per_iteration': None, 'pin': False, 'model_creator': None, 'target_batch_size': 64, 'model_string': 'resnet101', 'min_batch_size': 64, 'dataset': 'CIFAR', 'placement': [2, 2], 'use_nccl': False, 'devices_per_worker': 1, 'primary_resource': 'extra_gpu', 'gpu': False, 'verbose': False, 'trial_id': 'a763b234', 'batch_per_device': 64}",47.99928164482117,0,8,114.8393364326732,{'380757962a3b4ec9956943fe7f4543b3b5977a90': 1}
640,5760,0.1152,1,60.0262815952301,False,,,9,e17af41b7105487094f19b924d46fac0,2019-04-24_20-54-01,1556139241,5.320377349853516,53.31965899467468,17875,ip-172-31-24-132,172.31.24.132,"{'starting_lr': 0.1, 'momentum': 0.9, 'weight_decay': 0.0005, 'steps_per_iteration': None, 'pin': False, 'model_creator': None, 'target_batch_size': 64, 'model_string': 'resnet101', 'min_batch_size': 64, 'dataset': 'CIFAR', 'placement': [2, 2], 'use_nccl': False, 'devices_per_worker': 1, 'primary_resource': 'extra_gpu', 'gpu': False, 'verbose': False, 'trial_id': 'a763b234', 'batch_per_device': 64}",53.31965899467468,0,9,117.30501371181782,{'380757962a3b4ec9956943fe7f4543b3b5977a90': 1}
640,6400,0.128,1,65.25964021682739,False,,,10,e17af41b7105487094f19b924d46fac0,2019-04-24_20-54-06,1556139246,5.2284955978393555,58.54815459251404,17875,ip-172-31-24-132,172.31.24.132,"{'starting_lr': 0.1, 'momentum': 0.9, 'weight_decay': 0.0005, 'steps_per_iteration': None, 'pin': False, 'model_creator': None, 'target_batch_size': 64, 'model_string': 'resnet101', 'min_batch_size': 64, 'dataset': 'CIFAR', 'placement': [2, 2], 'use_nccl': False, 'devices_per_worker': 1, 'primary_resource': 'extra_gpu', 'gpu': False, 'verbose': False, 'trial_id': 'a763b234', 'batch_per_device': 64}",58.54815459251404,0,10,121.33817515984612,{'380757962a3b4ec9956943fe7f4543b3b5977a90': 1}
640,7040,0.1408,1,70.2577919960022,False,,,11,e17af41b7105487094f19b924d46fac0,2019-04-24_20-54-11,1556139251,4.993275880813599,63.54143047332764,17875,ip-172-31-24-132,172.31.24.132,"{'starting_lr': 0.1, 'momentum': 0.9, 'weight_decay': 0.0005, 'steps_per_iteration': None, 'pin': False, 'model_creator': None, 'target_batch_size': 64, 'model_string': 'resnet101', 'min_batch_size': 64, 'dataset': 'CIFAR', 'placement': [2, 2], 'use_nccl': False, 'devices_per_worker': 1, 'primary_resource': 'extra_gpu', 'gpu': False, 'verbose': False, 'trial_id': 'a763b234', 'batch_per_device': 64}",63.54143047332764,0,11,125.22100862882237,{'380757962a3b4ec9956943fe7f4543b3b5977a90': 1}
640,7680,0.1536,1,75.49385976791382,False,,,12,e17af41b7105487094f19b924d46fac0,2019-04-24_20-54-16,1556139256,5.2333197593688965,68.77475023269653,17875,ip-172-31-24-132,172.31.24.132,"{'starting_lr': 0.1, 'momentum': 0.9, 'weight_decay': 0.0005, 'steps_per_iteration': None, 'pin': False, 'model_creator': None, 'target_batch_size': 64, 'model_string': 'resnet101', 'min_batch_size': 64, 'dataset': 'CIFAR', 'placement': [2, 2], 'use_nccl': False, 'devices_per_worker': 1, 'primary_resource': 'extra_gpu', 'gpu': False, 'verbose': False, 'trial_id': 'a763b234', 'batch_per_device': 64}",68.77475023269653,0,12,125.16193647499898,{'380757962a3b4ec9956943fe7f4543b3b5977a90': 1}
640,8320,0.1664,1,81.01755404472351,False,,,13,e17af41b7105487094f19b924d46fac0,2019-04-24_20-54-22,1556139262,5.518921852111816,74.29367208480835,17875,ip-172-31-24-132,172.31.24.132,"{'starting_lr': 0.1, 'momentum': 0.9, 'weight_decay': 0.0005, 'steps_per_iteration': None, 'pin': False, 'model_creator': None, 'target_batch_size': 64, 'model_string': 'resnet101', 'min_batch_size': 64, 'dataset': 'CIFAR', 'placement': [2, 2], 'use_nccl': False, 'devices_per_worker': 1, 'primary_resource': 'extra_gpu', 'gpu': False, 'verbose': False, 'trial_id': 'a763b234', 'batch_per_device': 64}",74.29367208480835,0,13,119.04310412055362,{'380757962a3b4ec9956943fe7f4543b3b5977a90': 1}
640,8960,0.1792,1,85.8578269481659,False,,,14,e17af41b7105487094f19b924d46fac0,2019-04-24_20-54-27,1556139267,4.835558652877808,79.12923073768616,17875,ip-172-31-24-132,172.31.24.132,"{'starting_lr': 0.1, 'momentum': 0.9, 'weight_decay': 0.0005, 'steps_per_iteration': None, 'pin': False, 'model_creator': None, 'target_batch_size': 64, 'model_string': 'resnet101', 'min_batch_size': 64, 'dataset': 'CIFAR', 'placement': [2, 2], 'use_nccl': False, 'devices_per_worker': 1, 'primary_resource': 'extra_gpu', 'gpu': False, 'verbose': False, 'trial_id': 'a763b234', 'batch_per_device': 64}",79.12923073768616,0,14,123.61597111857631,{'380757962a3b4ec9956943fe7f4543b3b5977a90': 1}
640,9600,0.192,1,90.75281476974487,False,,,15,e17af41b7105487094f19b924d46fac0,2019-04-24_20-54-31,1556139271,4.891997337341309,84.02122807502747,17875,ip-172-31-24-132,172.31.24.132,"{'starting_lr': 0.1, 'momentum': 0.9, 'weight_decay': 0.0005, 'steps_per_iteration': None, 'pin': False, 'model_creator': None, 'target_batch_size': 64, 'model_string': 'resnet101', 'min_batch_size': 64, 'dataset': 'CIFAR', 'placement': [2, 2], 'use_nccl': False, 'devices_per_worker': 1, 'primary_resource': 'extra_gpu', 'gpu': False, 'verbose': False, 'trial_id': 'a763b234', 'batch_per_device': 64}",84.02122807502747,0,15,131.5828408247625,{'380757962a3b4ec9956943fe7f4543b3b5977a90': 1}
640,10240,0.2048,1,95.72585940361023,False,,,16,e17af41b7105487094f19b924d46fac0,2019-04-24_20-54-36,1556139276,4.9681878089904785,88.98941588401794,17875,ip-172-31-24-132,172.31.24.132,"{'starting_lr': 0.1, 'momentum': 0.9, 'weight_decay': 0.0005, 'steps_per_iteration': None, 'pin': False, 'model_creator': None, 'target_batch_size': 64, 'model_string': 'resnet101', 'min_batch_size': 64, 'dataset': 'CIFAR', 'placement': [2, 2], 'use_nccl': False, 'devices_per_worker': 1, 'primary_resource': 'extra_gpu', 'gpu': False, 'verbose': False, 'trial_id': 'a763b234', 'batch_per_device': 64}",88.98941588401794,0,16,129.8130510991341,{'380757962a3b4ec9956943fe7f4543b3b5977a90': 1}
640,10880,0.2176,1,100.93183159828186,False,,,17,e17af41b7105487094f19b924d46fac0,2019-04-24_20-54-42,1556139282,5.203369140625,94.19278502464294,17875,ip-172-31-24-132,172.31.24.132,"{'starting_lr': 0.1, 'momentum': 0.9, 'weight_decay': 0.0005, 'steps_per_iteration': None, 'pin': False, 'model_creator': None, 'target_batch_size': 64, 'model_string': 'resnet101', 'min_batch_size': 64, 'dataset': 'CIFAR', 'placement': [2, 2], 'use_nccl': False, 'devices_per_worker': 1, 'primary_resource': 'extra_gpu', 'gpu': False, 'verbose': False, 'trial_id': 'a763b234', 'batch_per_device': 64}",94.19278502464294,0,17,125.8392323620631,{'380757962a3b4ec9956943fe7f4543b3b5977a90': 1}
640,11520,0.2304,1,106.00360584259033,False,,,18,e17af41b7105487094f19b924d46fac0,2019-04-24_20-54-47,1556139287,5.066915273666382,99.25970029830933,17875,ip-172-31-24-132,172.31.24.132,"{'starting_lr': 0.1, 'momentum': 0.9, 'weight_decay': 0.0005, 'steps_per_iteration': None, 'pin': False, 'model_creator': None, 'target_batch_size': 64, 'model_string': 'resnet101', 'min_batch_size': 64, 'dataset': 'CIFAR', 'placement': [2, 2], 'use_nccl': False, 'devices_per_worker': 1, 'primary_resource': 'extra_gpu', 'gpu': False, 'verbose': False, 'trial_id': 'a763b234', 'batch_per_device': 64}",99.25970029830933,0,18,124.62899438823429,{'380757962a3b4ec9956943fe7f4543b3b5977a90': 1}
640,12160,0.2432,1,110.87532997131348,False,,,19,e17af41b7105487094f19b924d46fac0,2019-04-24_20-54-52,1556139292,4.865536689758301,104.12523698806763,17875,ip-172-31-24-132,172.31.24.132,"{'starting_lr': 0.1, 'momentum': 0.9, 'weight_decay': 0.0005, 'steps_per_iteration': None, 'pin': False, 'model_creator': None, 'target_batch_size': 64, 'model_string': 'resnet101', 'min_batch_size': 64, 'dataset': 'CIFAR', 'placement': [2, 2], 'use_nccl': False, 'devices_per_worker': 1, 'primary_resource': 'extra_gpu', 'gpu': False, 'verbose': False, 'trial_id': 'a763b234', 'batch_per_device': 64}",104.12523698806763,0,19,128.86782224167894,{'380757962a3b4ec9956943fe7f4543b3b5977a90': 1}
640,12800,0.256,1,115.9258964061737,False,,,20,e17af41b7105487094f19b924d46fac0,2019-04-24_20-54-57,1556139297,5.04761266708374,109.17284965515137,17875,ip-172-31-24-132,172.31.24.132,"{'starting_lr': 0.1, 'momentum': 0.9, 'weight_decay': 0.0005, 'steps_per_iteration': None, 'pin': False, 'model_creator': None, 'target_batch_size': 64, 'model_string': 'resnet101', 'min_batch_size': 64, 'dataset': 'CIFAR', 'placement': [2, 2], 'use_nccl': False, 'devices_per_worker': 1, 'primary_resource': 'extra_gpu', 'gpu': False, 'verbose': False, 'trial_id': 'a763b234', 'batch_per_device': 64}",109.17284965515137,0,20,129.11925101100994,{'380757962a3b4ec9956943fe7f4543b3b5977a90': 1}
640,13440,0.2688,1,120.79697036743164,True,,,21,e17af41b7105487094f19b924d46fac0,2019-04-24_20-55-02,1556139302,4.8662989139556885,114.03914856910706,17875,ip-172-31-24-132,172.31.24.132,"{'starting_lr': 0.1, 'momentum': 0.9, 'weight_decay': 0.0005, 'steps_per_iteration': None, 'pin': False, 'model_creator': None, 'target_batch_size': 64, 'model_string': 'resnet101', 'min_batch_size': 64, 'dataset': 'CIFAR', 'placement': [2, 2], 'use_nccl': False, 'devices_per_worker': 1, 'primary_resource': 'extra_gpu', 'gpu': False, 'verbose': False, 'trial_id': 'a763b234', 'batch_per_device': 64}",114.03914856910706,0,21,129.10951333272843,{'380757962a3b4ec9956943fe7f4543b3b5977a90': 1}
