{"data_this_epoch": 640, "total_data_processed": 640, "epochs_processed": 0.0128, "num_workers": 1, "time_since_start": 14.41412353515625, "done": false, "timesteps_total": null, "episodes_total": null, "training_iteration": 1, "experiment_id": "e17af41b7105487094f19b924d46fac0", "date": "2019-04-24_20-53-15", "timestamp": 1556139195, "time_this_iter_s": 7.747018814086914, "time_total_s": 7.747018814086914, "pid": 17875, "hostname": "ip-172-31-24-132", "node_ip": "172.31.24.132", "config": {"starting_lr": 0.1, "momentum": 0.9, "weight_decay": 0.0005, "steps_per_iteration": null, "pin": false, "model_creator": null, "target_batch_size": 64, "model_string": "resnet101", "min_batch_size": 64, "dataset": "CIFAR", "placement": [2, 2], "use_nccl": false, "devices_per_worker": 1, "primary_resource": "extra_gpu", "gpu": false, "verbose": false, "trial_id": "a763b234", "batch_per_device": 64}, "time_since_restore": 7.747018814086914, "timesteps_since_restore": 0, "iterations_since_restore": 1, "train_throughput": 82.61146512300881, "locations": {"380757962a3b4ec9956943fe7f4543b3b5977a90": 1}}
{"data_this_epoch": 640, "total_data_processed": 1280, "epochs_processed": 0.0256, "num_workers": 1, "time_since_start": 20.68447518348694, "done": false, "timesteps_total": null, "episodes_total": null, "training_iteration": 2, "experiment_id": "e17af41b7105487094f19b924d46fac0", "date": "2019-04-24_20-53-21", "timestamp": 1556139201, "time_this_iter_s": 6.265197992324829, "time_total_s": 14.012216806411743, "pid": 17875, "hostname": "ip-172-31-24-132", "node_ip": "172.31.24.132", "config": {"starting_lr": 0.1, "momentum": 0.9, "weight_decay": 0.0005, "steps_per_iteration": null, "pin": false, "model_creator": null, "target_batch_size": 64, "model_string": "resnet101", "min_batch_size": 64, "dataset": "CIFAR", "placement": [2, 2], "use_nccl": false, "devices_per_worker": 1, "primary_resource": "extra_gpu", "gpu": false, "verbose": false, "trial_id": "a763b234", "batch_per_device": 64}, "time_since_restore": 14.012216806411743, "timesteps_since_restore": 0, "iterations_since_restore": 2, "train_throughput": 91.3477775339739, "locations": {"380757962a3b4ec9956943fe7f4543b3b5977a90": 1}}
{"data_this_epoch": 640, "total_data_processed": 1920, "epochs_processed": 0.0384, "num_workers": 1, "time_since_start": 26.854510068893433, "done": false, "timesteps_total": null, "episodes_total": null, "training_iteration": 3, "experiment_id": "e17af41b7105487094f19b924d46fac0", "date": "2019-04-24_20-53-28", "timestamp": 1556139208, "time_this_iter_s": 6.16516375541687, "time_total_s": 20.177380561828613, "pid": 17875, "hostname": "ip-172-31-24-132", "node_ip": "172.31.24.132", "config": {"starting_lr": 0.1, "momentum": 0.9, "weight_decay": 0.0005, "steps_per_iteration": null, "pin": false, "model_creator": null, "target_batch_size": 64, "model_string": "resnet101", "min_batch_size": 64, "dataset": "CIFAR", "placement": [2, 2], "use_nccl": false, "devices_per_worker": 1, "primary_resource": "extra_gpu", "gpu": false, "verbose": false, "trial_id": "a763b234", "batch_per_device": 64}, "time_since_restore": 20.177380561828613, "timesteps_since_restore": 0, "iterations_since_restore": 3, "train_throughput": 102.97239862217039, "locations": {"380757962a3b4ec9956943fe7f4543b3b5977a90": 1}}
{"data_this_epoch": 640, "total_data_processed": 2560, "epochs_processed": 0.0512, "num_workers": 1, "time_since_start": 32.63986945152283, "done": false, "timesteps_total": null, "episodes_total": null, "training_iteration": 4, "experiment_id": "e17af41b7105487094f19b924d46fac0", "date": "2019-04-24_20-53-33", "timestamp": 1556139213, "time_this_iter_s": 5.780389070510864, "time_total_s": 25.957769632339478, "pid": 17875, "hostname": "ip-172-31-24-132", "node_ip": "172.31.24.132", "config": {"starting_lr": 0.1, "momentum": 0.9, "weight_decay": 0.0005, "steps_per_iteration": null, "pin": false, "model_creator": null, "target_batch_size": 64, "model_string": "resnet101", "min_batch_size": 64, "dataset": "CIFAR", "placement": [2, 2], "use_nccl": false, "devices_per_worker": 1, "primary_resource": "extra_gpu", "gpu": false, "verbose": false, "trial_id": "a763b234", "batch_per_device": 64}, "time_since_restore": 25.957769632339478, "timesteps_since_restore": 0, "iterations_since_restore": 4, "train_throughput": 107.15142102477475, "locations": {"380757962a3b4ec9956943fe7f4543b3b5977a90": 1}}
{"data_this_epoch": 640, "total_data_processed": 3200, "epochs_processed": 0.064, "num_workers": 1, "time_since_start": 37.95923352241516, "done": false, "timesteps_total": null, "episodes_total": null, "training_iteration": 5, "experiment_id": "e17af41b7105487094f19b924d46fac0", "date": "2019-04-24_20-53-39", "timestamp": 1556139219, "time_this_iter_s": 5.314376592636108, "time_total_s": 31.272146224975586, "pid": 17875, "hostname": "ip-172-31-24-132", "node_ip": "172.31.24.132", "config": {"starting_lr": 0.1, "momentum": 0.9, "weight_decay": 0.0005, "steps_per_iteration": null, "pin": false, "model_creator": null, "target_batch_size": 64, "model_string": "resnet101", "min_batch_size": 64, "dataset": "CIFAR", "placement": [2, 2], "use_nccl": false, "devices_per_worker": 1, "primary_resource": "extra_gpu", "gpu": false, "verbose": false, "trial_id": "a763b234", "batch_per_device": 64}, "time_since_restore": 31.272146224975586, "timesteps_since_restore": 0, "iterations_since_restore": 5, "train_throughput": 115.36805079082325, "locations": {"380757962a3b4ec9956943fe7f4543b3b5977a90": 1}}
{"data_this_epoch": 640, "total_data_processed": 3840, "epochs_processed": 0.0768, "num_workers": 1, "time_since_start": 43.54542064666748, "done": false, "timesteps_total": null, "episodes_total": null, "training_iteration": 6, "experiment_id": "e17af41b7105487094f19b924d46fac0", "date": "2019-04-24_20-53-44", "timestamp": 1556139224, "time_this_iter_s": 5.581289052963257, "time_total_s": 36.85343527793884, "pid": 17875, "hostname": "ip-172-31-24-132", "node_ip": "172.31.24.132", "config": {"starting_lr": 0.1, "momentum": 0.9, "weight_decay": 0.0005, "steps_per_iteration": null, "pin": false, "model_creator": null, "target_batch_size": 64, "model_string": "resnet101", "min_batch_size": 64, "dataset": "CIFAR", "placement": [2, 2], "use_nccl": false, "devices_per_worker": 1, "primary_resource": "extra_gpu", "gpu": false, "verbose": false, "trial_id": "a763b234", "batch_per_device": 64}, "time_since_restore": 36.85343527793884, "timesteps_since_restore": 0, "iterations_since_restore": 6, "train_throughput": 117.47615169463333, "locations": {"380757962a3b4ec9956943fe7f4543b3b5977a90": 1}}
{"data_this_epoch": 640, "total_data_processed": 4480, "epochs_processed": 0.0896, "num_workers": 1, "time_since_start": 49.10507369041443, "done": false, "timesteps_total": null, "episodes_total": null, "training_iteration": 7, "experiment_id": "e17af41b7105487094f19b924d46fac0", "date": "2019-04-24_20-53-50", "timestamp": 1556139230, "time_this_iter_s": 5.554660320281982, "time_total_s": 42.408095598220825, "pid": 17875, "hostname": "ip-172-31-24-132", "node_ip": "172.31.24.132", "config": {"starting_lr": 0.1, "momentum": 0.9, "weight_decay": 0.0005, "steps_per_iteration": null, "pin": false, "model_creator": null, "target_batch_size": 64, "model_string": "resnet101", "min_batch_size": 64, "dataset": "CIFAR", "placement": [2, 2], "use_nccl": false, "devices_per_worker": 1, "primary_resource": "extra_gpu", "gpu": false, "verbose": false, "trial_id": "a763b234", "batch_per_device": 64}, "time_since_restore": 42.408095598220825, "timesteps_since_restore": 0, "iterations_since_restore": 7, "train_throughput": 114.94136313369783, "locations": {"380757962a3b4ec9956943fe7f4543b3b5977a90": 1}}
{"data_this_epoch": 640, "total_data_processed": 5120, "epochs_processed": 0.1024, "num_workers": 1, "time_since_start": 54.70110273361206, "done": false, "timesteps_total": null, "episodes_total": null, "training_iteration": 8, "experiment_id": "e17af41b7105487094f19b924d46fac0", "date": "2019-04-24_20-53-55", "timestamp": 1556139235, "time_this_iter_s": 5.591186046600342, "time_total_s": 47.99928164482117, "pid": 17875, "hostname": "ip-172-31-24-132", "node_ip": "172.31.24.132", "config": {"starting_lr": 0.1, "momentum": 0.9, "weight_decay": 0.0005, "steps_per_iteration": null, "pin": false, "model_creator": null, "target_batch_size": 64, "model_string": "resnet101", "min_batch_size": 64, "dataset": "CIFAR", "placement": [2, 2], "use_nccl": false, "devices_per_worker": 1, "primary_resource": "extra_gpu", "gpu": false, "verbose": false, "trial_id": "a763b234", "batch_per_device": 64}, "time_since_restore": 47.99928164482117, "timesteps_since_restore": 0, "iterations_since_restore": 8, "train_throughput": 114.8393364326732, "locations": {"380757962a3b4ec9956943fe7f4543b3b5977a90": 1}}
{"data_this_epoch": 640, "total_data_processed": 5760, "epochs_processed": 0.1152, "num_workers": 1, "time_since_start": 60.0262815952301, "done": false, "timesteps_total": null, "episodes_total": null, "training_iteration": 9, "experiment_id": "e17af41b7105487094f19b924d46fac0", "date": "2019-04-24_20-54-01", "timestamp": 1556139241, "time_this_iter_s": 5.320377349853516, "time_total_s": 53.31965899467468, "pid": 17875, "hostname": "ip-172-31-24-132", "node_ip": "172.31.24.132", "config": {"starting_lr": 0.1, "momentum": 0.9, "weight_decay": 0.0005, "steps_per_iteration": null, "pin": false, "model_creator": null, "target_batch_size": 64, "model_string": "resnet101", "min_batch_size": 64, "dataset": "CIFAR", "placement": [2, 2], "use_nccl": false, "devices_per_worker": 1, "primary_resource": "extra_gpu", "gpu": false, "verbose": false, "trial_id": "a763b234", "batch_per_device": 64}, "time_since_restore": 53.31965899467468, "timesteps_since_restore": 0, "iterations_since_restore": 9, "train_throughput": 117.30501371181782, "locations": {"380757962a3b4ec9956943fe7f4543b3b5977a90": 1}}
{"data_this_epoch": 640, "total_data_processed": 6400, "epochs_processed": 0.128, "num_workers": 1, "time_since_start": 65.25964021682739, "done": false, "timesteps_total": null, "episodes_total": null, "training_iteration": 10, "experiment_id": "e17af41b7105487094f19b924d46fac0", "date": "2019-04-24_20-54-06", "timestamp": 1556139246, "time_this_iter_s": 5.2284955978393555, "time_total_s": 58.54815459251404, "pid": 17875, "hostname": "ip-172-31-24-132", "node_ip": "172.31.24.132", "config": {"starting_lr": 0.1, "momentum": 0.9, "weight_decay": 0.0005, "steps_per_iteration": null, "pin": false, "model_creator": null, "target_batch_size": 64, "model_string": "resnet101", "min_batch_size": 64, "dataset": "CIFAR", "placement": [2, 2], "use_nccl": false, "devices_per_worker": 1, "primary_resource": "extra_gpu", "gpu": false, "verbose": false, "trial_id": "a763b234", "batch_per_device": 64}, "time_since_restore": 58.54815459251404, "timesteps_since_restore": 0, "iterations_since_restore": 10, "train_throughput": 121.33817515984612, "locations": {"380757962a3b4ec9956943fe7f4543b3b5977a90": 1}}
{"data_this_epoch": 640, "total_data_processed": 7040, "epochs_processed": 0.1408, "num_workers": 1, "time_since_start": 70.2577919960022, "done": false, "timesteps_total": null, "episodes_total": null, "training_iteration": 11, "experiment_id": "e17af41b7105487094f19b924d46fac0", "date": "2019-04-24_20-54-11", "timestamp": 1556139251, "time_this_iter_s": 4.993275880813599, "time_total_s": 63.54143047332764, "pid": 17875, "hostname": "ip-172-31-24-132", "node_ip": "172.31.24.132", "config": {"starting_lr": 0.1, "momentum": 0.9, "weight_decay": 0.0005, "steps_per_iteration": null, "pin": false, "model_creator": null, "target_batch_size": 64, "model_string": "resnet101", "min_batch_size": 64, "dataset": "CIFAR", "placement": [2, 2], "use_nccl": false, "devices_per_worker": 1, "primary_resource": "extra_gpu", "gpu": false, "verbose": false, "trial_id": "a763b234", "batch_per_device": 64}, "time_since_restore": 63.54143047332764, "timesteps_since_restore": 0, "iterations_since_restore": 11, "train_throughput": 125.22100862882237, "locations": {"380757962a3b4ec9956943fe7f4543b3b5977a90": 1}}
{"data_this_epoch": 640, "total_data_processed": 7680, "epochs_processed": 0.1536, "num_workers": 1, "time_since_start": 75.49385976791382, "done": false, "timesteps_total": null, "episodes_total": null, "training_iteration": 12, "experiment_id": "e17af41b7105487094f19b924d46fac0", "date": "2019-04-24_20-54-16", "timestamp": 1556139256, "time_this_iter_s": 5.2333197593688965, "time_total_s": 68.77475023269653, "pid": 17875, "hostname": "ip-172-31-24-132", "node_ip": "172.31.24.132", "config": {"starting_lr": 0.1, "momentum": 0.9, "weight_decay": 0.0005, "steps_per_iteration": null, "pin": false, "model_creator": null, "target_batch_size": 64, "model_string": "resnet101", "min_batch_size": 64, "dataset": "CIFAR", "placement": [2, 2], "use_nccl": false, "devices_per_worker": 1, "primary_resource": "extra_gpu", "gpu": false, "verbose": false, "trial_id": "a763b234", "batch_per_device": 64}, "time_since_restore": 68.77475023269653, "timesteps_since_restore": 0, "iterations_since_restore": 12, "train_throughput": 125.16193647499898, "locations": {"380757962a3b4ec9956943fe7f4543b3b5977a90": 1}}
{"data_this_epoch": 640, "total_data_processed": 8320, "epochs_processed": 0.1664, "num_workers": 1, "time_since_start": 81.01755404472351, "done": false, "timesteps_total": null, "episodes_total": null, "training_iteration": 13, "experiment_id": "e17af41b7105487094f19b924d46fac0", "date": "2019-04-24_20-54-22", "timestamp": 1556139262, "time_this_iter_s": 5.518921852111816, "time_total_s": 74.29367208480835, "pid": 17875, "hostname": "ip-172-31-24-132", "node_ip": "172.31.24.132", "config": {"starting_lr": 0.1, "momentum": 0.9, "weight_decay": 0.0005, "steps_per_iteration": null, "pin": false, "model_creator": null, "target_batch_size": 64, "model_string": "resnet101", "min_batch_size": 64, "dataset": "CIFAR", "placement": [2, 2], "use_nccl": false, "devices_per_worker": 1, "primary_resource": "extra_gpu", "gpu": false, "verbose": false, "trial_id": "a763b234", "batch_per_device": 64}, "time_since_restore": 74.29367208480835, "timesteps_since_restore": 0, "iterations_since_restore": 13, "train_throughput": 119.04310412055362, "locations": {"380757962a3b4ec9956943fe7f4543b3b5977a90": 1}}
{"data_this_epoch": 640, "total_data_processed": 8960, "epochs_processed": 0.1792, "num_workers": 1, "time_since_start": 85.8578269481659, "done": false, "timesteps_total": null, "episodes_total": null, "training_iteration": 14, "experiment_id": "e17af41b7105487094f19b924d46fac0", "date": "2019-04-24_20-54-27", "timestamp": 1556139267, "time_this_iter_s": 4.835558652877808, "time_total_s": 79.12923073768616, "pid": 17875, "hostname": "ip-172-31-24-132", "node_ip": "172.31.24.132", "config": {"starting_lr": 0.1, "momentum": 0.9, "weight_decay": 0.0005, "steps_per_iteration": null, "pin": false, "model_creator": null, "target_batch_size": 64, "model_string": "resnet101", "min_batch_size": 64, "dataset": "CIFAR", "placement": [2, 2], "use_nccl": false, "devices_per_worker": 1, "primary_resource": "extra_gpu", "gpu": false, "verbose": false, "trial_id": "a763b234", "batch_per_device": 64}, "time_since_restore": 79.12923073768616, "timesteps_since_restore": 0, "iterations_since_restore": 14, "train_throughput": 123.61597111857631, "locations": {"380757962a3b4ec9956943fe7f4543b3b5977a90": 1}}
{"data_this_epoch": 640, "total_data_processed": 9600, "epochs_processed": 0.192, "num_workers": 1, "time_since_start": 90.75281476974487, "done": false, "timesteps_total": null, "episodes_total": null, "training_iteration": 15, "experiment_id": "e17af41b7105487094f19b924d46fac0", "date": "2019-04-24_20-54-31", "timestamp": 1556139271, "time_this_iter_s": 4.891997337341309, "time_total_s": 84.02122807502747, "pid": 17875, "hostname": "ip-172-31-24-132", "node_ip": "172.31.24.132", "config": {"starting_lr": 0.1, "momentum": 0.9, "weight_decay": 0.0005, "steps_per_iteration": null, "pin": false, "model_creator": null, "target_batch_size": 64, "model_string": "resnet101", "min_batch_size": 64, "dataset": "CIFAR", "placement": [2, 2], "use_nccl": false, "devices_per_worker": 1, "primary_resource": "extra_gpu", "gpu": false, "verbose": false, "trial_id": "a763b234", "batch_per_device": 64}, "time_since_restore": 84.02122807502747, "timesteps_since_restore": 0, "iterations_since_restore": 15, "train_throughput": 131.5828408247625, "locations": {"380757962a3b4ec9956943fe7f4543b3b5977a90": 1}}
{"data_this_epoch": 640, "total_data_processed": 10240, "epochs_processed": 0.2048, "num_workers": 1, "time_since_start": 95.72585940361023, "done": false, "timesteps_total": null, "episodes_total": null, "training_iteration": 16, "experiment_id": "e17af41b7105487094f19b924d46fac0", "date": "2019-04-24_20-54-36", "timestamp": 1556139276, "time_this_iter_s": 4.9681878089904785, "time_total_s": 88.98941588401794, "pid": 17875, "hostname": "ip-172-31-24-132", "node_ip": "172.31.24.132", "config": {"starting_lr": 0.1, "momentum": 0.9, "weight_decay": 0.0005, "steps_per_iteration": null, "pin": false, "model_creator": null, "target_batch_size": 64, "model_string": "resnet101", "min_batch_size": 64, "dataset": "CIFAR", "placement": [2, 2], "use_nccl": false, "devices_per_worker": 1, "primary_resource": "extra_gpu", "gpu": false, "verbose": false, "trial_id": "a763b234", "batch_per_device": 64}, "time_since_restore": 88.98941588401794, "timesteps_since_restore": 0, "iterations_since_restore": 16, "train_throughput": 129.8130510991341, "locations": {"380757962a3b4ec9956943fe7f4543b3b5977a90": 1}}
{"data_this_epoch": 640, "total_data_processed": 10880, "epochs_processed": 0.2176, "num_workers": 1, "time_since_start": 100.93183159828186, "done": false, "timesteps_total": null, "episodes_total": null, "training_iteration": 17, "experiment_id": "e17af41b7105487094f19b924d46fac0", "date": "2019-04-24_20-54-42", "timestamp": 1556139282, "time_this_iter_s": 5.203369140625, "time_total_s": 94.19278502464294, "pid": 17875, "hostname": "ip-172-31-24-132", "node_ip": "172.31.24.132", "config": {"starting_lr": 0.1, "momentum": 0.9, "weight_decay": 0.0005, "steps_per_iteration": null, "pin": false, "model_creator": null, "target_batch_size": 64, "model_string": "resnet101", "min_batch_size": 64, "dataset": "CIFAR", "placement": [2, 2], "use_nccl": false, "devices_per_worker": 1, "primary_resource": "extra_gpu", "gpu": false, "verbose": false, "trial_id": "a763b234", "batch_per_device": 64}, "time_since_restore": 94.19278502464294, "timesteps_since_restore": 0, "iterations_since_restore": 17, "train_throughput": 125.8392323620631, "locations": {"380757962a3b4ec9956943fe7f4543b3b5977a90": 1}}
{"data_this_epoch": 640, "total_data_processed": 11520, "epochs_processed": 0.2304, "num_workers": 1, "time_since_start": 106.00360584259033, "done": false, "timesteps_total": null, "episodes_total": null, "training_iteration": 18, "experiment_id": "e17af41b7105487094f19b924d46fac0", "date": "2019-04-24_20-54-47", "timestamp": 1556139287, "time_this_iter_s": 5.066915273666382, "time_total_s": 99.25970029830933, "pid": 17875, "hostname": "ip-172-31-24-132", "node_ip": "172.31.24.132", "config": {"starting_lr": 0.1, "momentum": 0.9, "weight_decay": 0.0005, "steps_per_iteration": null, "pin": false, "model_creator": null, "target_batch_size": 64, "model_string": "resnet101", "min_batch_size": 64, "dataset": "CIFAR", "placement": [2, 2], "use_nccl": false, "devices_per_worker": 1, "primary_resource": "extra_gpu", "gpu": false, "verbose": false, "trial_id": "a763b234", "batch_per_device": 64}, "time_since_restore": 99.25970029830933, "timesteps_since_restore": 0, "iterations_since_restore": 18, "train_throughput": 124.62899438823429, "locations": {"380757962a3b4ec9956943fe7f4543b3b5977a90": 1}}
{"data_this_epoch": 640, "total_data_processed": 12160, "epochs_processed": 0.2432, "num_workers": 1, "time_since_start": 110.87532997131348, "done": false, "timesteps_total": null, "episodes_total": null, "training_iteration": 19, "experiment_id": "e17af41b7105487094f19b924d46fac0", "date": "2019-04-24_20-54-52", "timestamp": 1556139292, "time_this_iter_s": 4.865536689758301, "time_total_s": 104.12523698806763, "pid": 17875, "hostname": "ip-172-31-24-132", "node_ip": "172.31.24.132", "config": {"starting_lr": 0.1, "momentum": 0.9, "weight_decay": 0.0005, "steps_per_iteration": null, "pin": false, "model_creator": null, "target_batch_size": 64, "model_string": "resnet101", "min_batch_size": 64, "dataset": "CIFAR", "placement": [2, 2], "use_nccl": false, "devices_per_worker": 1, "primary_resource": "extra_gpu", "gpu": false, "verbose": false, "trial_id": "a763b234", "batch_per_device": 64}, "time_since_restore": 104.12523698806763, "timesteps_since_restore": 0, "iterations_since_restore": 19, "train_throughput": 128.86782224167894, "locations": {"380757962a3b4ec9956943fe7f4543b3b5977a90": 1}}
{"data_this_epoch": 640, "total_data_processed": 12800, "epochs_processed": 0.256, "num_workers": 1, "time_since_start": 115.9258964061737, "done": false, "timesteps_total": null, "episodes_total": null, "training_iteration": 20, "experiment_id": "e17af41b7105487094f19b924d46fac0", "date": "2019-04-24_20-54-57", "timestamp": 1556139297, "time_this_iter_s": 5.04761266708374, "time_total_s": 109.17284965515137, "pid": 17875, "hostname": "ip-172-31-24-132", "node_ip": "172.31.24.132", "config": {"starting_lr": 0.1, "momentum": 0.9, "weight_decay": 0.0005, "steps_per_iteration": null, "pin": false, "model_creator": null, "target_batch_size": 64, "model_string": "resnet101", "min_batch_size": 64, "dataset": "CIFAR", "placement": [2, 2], "use_nccl": false, "devices_per_worker": 1, "primary_resource": "extra_gpu", "gpu": false, "verbose": false, "trial_id": "a763b234", "batch_per_device": 64}, "time_since_restore": 109.17284965515137, "timesteps_since_restore": 0, "iterations_since_restore": 20, "train_throughput": 129.11925101100994, "locations": {"380757962a3b4ec9956943fe7f4543b3b5977a90": 1}}
{"data_this_epoch": 640, "total_data_processed": 13440, "epochs_processed": 0.2688, "num_workers": 1, "time_since_start": 120.79697036743164, "done": true, "timesteps_total": null, "episodes_total": null, "training_iteration": 21, "experiment_id": "e17af41b7105487094f19b924d46fac0", "date": "2019-04-24_20-55-02", "timestamp": 1556139302, "time_this_iter_s": 4.8662989139556885, "time_total_s": 114.03914856910706, "pid": 17875, "hostname": "ip-172-31-24-132", "node_ip": "172.31.24.132", "config": {"starting_lr": 0.1, "momentum": 0.9, "weight_decay": 0.0005, "steps_per_iteration": null, "pin": false, "model_creator": null, "target_batch_size": 64, "model_string": "resnet101", "min_batch_size": 64, "dataset": "CIFAR", "placement": [2, 2], "use_nccl": false, "devices_per_worker": 1, "primary_resource": "extra_gpu", "gpu": false, "verbose": false, "trial_id": "a763b234", "batch_per_device": 64}, "time_since_restore": 114.03914856910706, "timesteps_since_restore": 0, "iterations_since_restore": 21, "train_throughput": 129.10951333272843, "locations": {"380757962a3b4ec9956943fe7f4543b3b5977a90": 1}}
