data_this_epoch,total_data_processed,epochs_processed,num_workers,time_since_start,done,timesteps_total,episodes_total,training_iteration,experiment_id,date,timestamp,time_this_iter_s,time_total_s,pid,hostname,node_ip,config,time_since_restore,timesteps_since_restore,iterations_since_restore,train_throughput,locations
640,640,0.0128,1,14.122281312942505,False,,,1,693569a900164fe9a4f0a05ce4eb2b96,2019-04-24_20-53-15,1556139195,7.4418394565582275,7.4418394565582275,17878,ip-172-31-24-132,172.31.24.132,"{'starting_lr': 0.1, 'momentum': 0.9, 'weight_decay': 0.0005, 'steps_per_iteration': None, 'pin': False, 'model_creator': None, 'target_batch_size': 64, 'model_string': 'resnet101', 'min_batch_size': 64, 'dataset': 'CIFAR', 'placement': [2, 2], 'use_nccl': False, 'devices_per_worker': 1, 'primary_resource': 'extra_gpu', 'gpu': False, 'verbose': False, 'trial_id': '0442ed60', 'batch_per_device': 64}",7.4418394565582275,0,1,85.99926192648849,{'6beedb4ad814c7132062d14c8da41b0e2659689d': 1}
640,1280,0.0256,1,19.711059093475342,False,,,2,693569a900164fe9a4f0a05ce4eb2b96,2019-04-24_20-53-20,1556139200,5.583643198013306,13.025482654571533,17878,ip-172-31-24-132,172.31.24.132,"{'starting_lr': 0.1, 'momentum': 0.9, 'weight_decay': 0.0005, 'steps_per_iteration': None, 'pin': False, 'model_creator': None, 'target_batch_size': 64, 'model_string': 'resnet101', 'min_batch_size': 64, 'dataset': 'CIFAR', 'placement': [2, 2], 'use_nccl': False, 'devices_per_worker': 1, 'primary_resource': 'extra_gpu', 'gpu': False, 'verbose': False, 'trial_id': '0442ed60', 'batch_per_device': 64}",13.025482654571533,0,2,98.26768821789497,{'6beedb4ad814c7132062d14c8da41b0e2659689d': 1}
640,1920,0.0384,1,25.17385482788086,False,,,3,693569a900164fe9a4f0a05ce4eb2b96,2019-04-24_20-53-26,1556139206,5.457900524139404,18.483383178710938,17878,ip-172-31-24-132,172.31.24.132,"{'starting_lr': 0.1, 'momentum': 0.9, 'weight_decay': 0.0005, 'steps_per_iteration': None, 'pin': False, 'model_creator': None, 'target_batch_size': 64, 'model_string': 'resnet101', 'min_batch_size': 64, 'dataset': 'CIFAR', 'placement': [2, 2], 'use_nccl': False, 'devices_per_worker': 1, 'primary_resource': 'extra_gpu', 'gpu': False, 'verbose': False, 'trial_id': '0442ed60', 'batch_per_device': 64}",18.483383178710938,0,3,115.92423460380569,{'6beedb4ad814c7132062d14c8da41b0e2659689d': 1}
640,2560,0.0512,1,30.64168429374695,False,,,4,693569a900164fe9a4f0a05ce4eb2b96,2019-04-24_20-53-31,1556139211,5.462822198867798,23.946205377578735,17878,ip-172-31-24-132,172.31.24.132,"{'starting_lr': 0.1, 'momentum': 0.9, 'weight_decay': 0.0005, 'steps_per_iteration': None, 'pin': False, 'model_creator': None, 'target_batch_size': 64, 'model_string': 'resnet101', 'min_batch_size': 64, 'dataset': 'CIFAR', 'placement': [2, 2], 'use_nccl': False, 'devices_per_worker': 1, 'primary_resource': 'extra_gpu', 'gpu': False, 'verbose': False, 'trial_id': '0442ed60', 'batch_per_device': 64}",23.946205377578735,0,4,117.20675557921504,{'6beedb4ad814c7132062d14c8da41b0e2659689d': 1}
640,3200,0.064,1,36.148969888687134,False,,,5,693569a900164fe9a4f0a05ce4eb2b96,2019-04-24_20-53-37,1556139217,5.502106666564941,29.448312044143677,17878,ip-172-31-24-132,172.31.24.132,"{'starting_lr': 0.1, 'momentum': 0.9, 'weight_decay': 0.0005, 'steps_per_iteration': None, 'pin': False, 'model_creator': None, 'target_batch_size': 64, 'model_string': 'resnet101', 'min_batch_size': 64, 'dataset': 'CIFAR', 'placement': [2, 2], 'use_nccl': False, 'devices_per_worker': 1, 'primary_resource': 'extra_gpu', 'gpu': False, 'verbose': False, 'trial_id': '0442ed60', 'batch_per_device': 64}",29.448312044143677,0,5,116.73416342655098,{'6beedb4ad814c7132062d14c8da41b0e2659689d': 1}
640,3840,0.0768,1,41.72711944580078,False,,,6,693569a900164fe9a4f0a05ce4eb2b96,2019-04-24_20-53-42,1556139222,5.573413372039795,35.02172541618347,17878,ip-172-31-24-132,172.31.24.132,"{'starting_lr': 0.1, 'momentum': 0.9, 'weight_decay': 0.0005, 'steps_per_iteration': None, 'pin': False, 'model_creator': None, 'target_batch_size': 64, 'model_string': 'resnet101', 'min_batch_size': 64, 'dataset': 'CIFAR', 'placement': [2, 2], 'use_nccl': False, 'devices_per_worker': 1, 'primary_resource': 'extra_gpu', 'gpu': False, 'verbose': False, 'trial_id': '0442ed60', 'batch_per_device': 64}",35.02172541618347,0,6,115.56853716876056,{'6beedb4ad814c7132062d14c8da41b0e2659689d': 1}
640,4480,0.0896,1,47.119295597076416,False,,,7,693569a900164fe9a4f0a05ce4eb2b96,2019-04-24_20-53-48,1556139228,5.387282133102417,40.40900754928589,17878,ip-172-31-24-132,172.31.24.132,"{'starting_lr': 0.1, 'momentum': 0.9, 'weight_decay': 0.0005, 'steps_per_iteration': None, 'pin': False, 'model_creator': None, 'target_batch_size': 64, 'model_string': 'resnet101', 'min_batch_size': 64, 'dataset': 'CIFAR', 'placement': [2, 2], 'use_nccl': False, 'devices_per_worker': 1, 'primary_resource': 'extra_gpu', 'gpu': False, 'verbose': False, 'trial_id': '0442ed60', 'batch_per_device': 64}",40.40900754928589,0,7,116.77930248026227,{'6beedb4ad814c7132062d14c8da41b0e2659689d': 1}
640,5120,0.1024,1,52.37018942832947,False,,,8,693569a900164fe9a4f0a05ce4eb2b96,2019-04-24_20-53-53,1556139233,5.246221303939819,45.65522885322571,17878,ip-172-31-24-132,172.31.24.132,"{'starting_lr': 0.1, 'momentum': 0.9, 'weight_decay': 0.0005, 'steps_per_iteration': None, 'pin': False, 'model_creator': None, 'target_batch_size': 64, 'model_string': 'resnet101', 'min_batch_size': 64, 'dataset': 'CIFAR', 'placement': [2, 2], 'use_nccl': False, 'devices_per_worker': 1, 'primary_resource': 'extra_gpu', 'gpu': False, 'verbose': False, 'trial_id': '0442ed60', 'batch_per_device': 64}",45.65522885322571,0,8,120.37260354959005,{'6beedb4ad814c7132062d14c8da41b0e2659689d': 1}
640,5760,0.1152,1,57.524672985076904,False,,,9,693569a900164fe9a4f0a05ce4eb2b96,2019-04-24_20-53-58,1556139238,5.1494598388671875,50.804688692092896,17878,ip-172-31-24-132,172.31.24.132,"{'starting_lr': 0.1, 'momentum': 0.9, 'weight_decay': 0.0005, 'steps_per_iteration': None, 'pin': False, 'model_creator': None, 'target_batch_size': 64, 'model_string': 'resnet101', 'min_batch_size': 64, 'dataset': 'CIFAR', 'placement': [2, 2], 'use_nccl': False, 'devices_per_worker': 1, 'primary_resource': 'extra_gpu', 'gpu': False, 'verbose': False, 'trial_id': '0442ed60', 'batch_per_device': 64}",50.804688692092896,0,9,123.12632121712181,{'6beedb4ad814c7132062d14c8da41b0e2659689d': 1}
640,6400,0.128,1,62.79954934120178,False,,,10,693569a900164fe9a4f0a05ce4eb2b96,2019-04-24_20-54-04,1556139244,5.270057916641235,56.07474660873413,17878,ip-172-31-24-132,172.31.24.132,"{'starting_lr': 0.1, 'momentum': 0.9, 'weight_decay': 0.0005, 'steps_per_iteration': None, 'pin': False, 'model_creator': None, 'target_batch_size': 64, 'model_string': 'resnet101', 'min_batch_size': 64, 'dataset': 'CIFAR', 'placement': [2, 2], 'use_nccl': False, 'devices_per_worker': 1, 'primary_resource': 'extra_gpu', 'gpu': False, 'verbose': False, 'trial_id': '0442ed60', 'batch_per_device': 64}",56.07474660873413,0,10,122.84456615819745,{'6beedb4ad814c7132062d14c8da41b0e2659689d': 1}
640,7040,0.1408,1,68.04658627510071,False,,,11,693569a900164fe9a4f0a05ce4eb2b96,2019-04-24_20-54-09,1556139249,5.242015838623047,61.31676244735718,17878,ip-172-31-24-132,172.31.24.132,"{'starting_lr': 0.1, 'momentum': 0.9, 'weight_decay': 0.0005, 'steps_per_iteration': None, 'pin': False, 'model_creator': None, 'target_batch_size': 64, 'model_string': 'resnet101', 'min_batch_size': 64, 'dataset': 'CIFAR', 'placement': [2, 2], 'use_nccl': False, 'devices_per_worker': 1, 'primary_resource': 'extra_gpu', 'gpu': False, 'verbose': False, 'trial_id': '0442ed60', 'batch_per_device': 64}",61.31676244735718,0,11,121.76299600101761,{'6beedb4ad814c7132062d14c8da41b0e2659689d': 1}
640,7680,0.1536,1,73.18773055076599,False,,,12,693569a900164fe9a4f0a05ce4eb2b96,2019-04-24_20-54-14,1556139254,5.1363935470581055,66.45315599441528,17878,ip-172-31-24-132,172.31.24.132,"{'starting_lr': 0.1, 'momentum': 0.9, 'weight_decay': 0.0005, 'steps_per_iteration': None, 'pin': False, 'model_creator': None, 'target_batch_size': 64, 'model_string': 'resnet101', 'min_batch_size': 64, 'dataset': 'CIFAR', 'placement': [2, 2], 'use_nccl': False, 'devices_per_worker': 1, 'primary_resource': 'extra_gpu', 'gpu': False, 'verbose': False, 'trial_id': '0442ed60', 'batch_per_device': 64}",66.45315599441528,0,12,123.33123941425123,{'6beedb4ad814c7132062d14c8da41b0e2659689d': 1}
640,8320,0.1664,1,78.32758784294128,False,,,13,693569a900164fe9a4f0a05ce4eb2b96,2019-04-24_20-54-19,1556139259,5.134989500045776,71.58814549446106,17878,ip-172-31-24-132,172.31.24.132,"{'starting_lr': 0.1, 'momentum': 0.9, 'weight_decay': 0.0005, 'steps_per_iteration': None, 'pin': False, 'model_creator': None, 'target_batch_size': 64, 'model_string': 'resnet101', 'min_batch_size': 64, 'dataset': 'CIFAR', 'placement': [2, 2], 'use_nccl': False, 'devices_per_worker': 1, 'primary_resource': 'extra_gpu', 'gpu': False, 'verbose': False, 'trial_id': '0442ed60', 'batch_per_device': 64}",71.58814549446106,0,13,124.6161791296445,{'6beedb4ad814c7132062d14c8da41b0e2659689d': 1}
640,8960,0.1792,1,83.47682785987854,False,,,14,693569a900164fe9a4f0a05ce4eb2b96,2019-04-24_20-54-24,1556139264,5.1442413330078125,76.73238682746887,17878,ip-172-31-24-132,172.31.24.132,"{'starting_lr': 0.1, 'momentum': 0.9, 'weight_decay': 0.0005, 'steps_per_iteration': None, 'pin': False, 'model_creator': None, 'target_batch_size': 64, 'model_string': 'resnet101', 'min_batch_size': 64, 'dataset': 'CIFAR', 'placement': [2, 2], 'use_nccl': False, 'devices_per_worker': 1, 'primary_resource': 'extra_gpu', 'gpu': False, 'verbose': False, 'trial_id': '0442ed60', 'batch_per_device': 64}",76.73238682746887,0,14,124.52108437786879,{'6beedb4ad814c7132062d14c8da41b0e2659689d': 1}
640,9600,0.192,1,88.41777491569519,False,,,15,693569a900164fe9a4f0a05ce4eb2b96,2019-04-24_20-54-29,1556139269,4.936017274856567,81.66840410232544,17878,ip-172-31-24-132,172.31.24.132,"{'starting_lr': 0.1, 'momentum': 0.9, 'weight_decay': 0.0005, 'steps_per_iteration': None, 'pin': False, 'model_creator': None, 'target_batch_size': 64, 'model_string': 'resnet101', 'min_batch_size': 64, 'dataset': 'CIFAR', 'placement': [2, 2], 'use_nccl': False, 'devices_per_worker': 1, 'primary_resource': 'extra_gpu', 'gpu': False, 'verbose': False, 'trial_id': '0442ed60', 'batch_per_device': 64}",81.66840410232544,0,15,126.97904020404029,{'6beedb4ad814c7132062d14c8da41b0e2659689d': 1}
640,10240,0.2048,1,93.27489423751831,False,,,16,693569a900164fe9a4f0a05ce4eb2b96,2019-04-24_20-54-34,1556139274,4.854369640350342,86.52277374267578,17878,ip-172-31-24-132,172.31.24.132,"{'starting_lr': 0.1, 'momentum': 0.9, 'weight_decay': 0.0005, 'steps_per_iteration': None, 'pin': False, 'model_creator': None, 'target_batch_size': 64, 'model_string': 'resnet101', 'min_batch_size': 64, 'dataset': 'CIFAR', 'placement': [2, 2], 'use_nccl': False, 'devices_per_worker': 1, 'primary_resource': 'extra_gpu', 'gpu': False, 'verbose': False, 'trial_id': '0442ed60', 'batch_per_device': 64}",86.52277374267578,0,16,130.7385273831328,{'6beedb4ad814c7132062d14c8da41b0e2659689d': 1}
640,10880,0.2176,1,98.02244424819946,False,,,17,693569a900164fe9a4f0a05ce4eb2b96,2019-04-24_20-54-39,1556139279,4.74269437789917,91.26546812057495,17878,ip-172-31-24-132,172.31.24.132,"{'starting_lr': 0.1, 'momentum': 0.9, 'weight_decay': 0.0005, 'steps_per_iteration': None, 'pin': False, 'model_creator': None, 'target_batch_size': 64, 'model_string': 'resnet101', 'min_batch_size': 64, 'dataset': 'CIFAR', 'placement': [2, 2], 'use_nccl': False, 'devices_per_worker': 1, 'primary_resource': 'extra_gpu', 'gpu': False, 'verbose': False, 'trial_id': '0442ed60', 'batch_per_device': 64}",91.26546812057495,0,17,133.3720955652779,{'6beedb4ad814c7132062d14c8da41b0e2659689d': 1}
640,11520,0.2304,1,102.81363892555237,False,,,18,693569a900164fe9a4f0a05ce4eb2b96,2019-04-24_20-54-44,1556139284,4.788483619689941,96.05395174026489,17878,ip-172-31-24-132,172.31.24.132,"{'starting_lr': 0.1, 'momentum': 0.9, 'weight_decay': 0.0005, 'steps_per_iteration': None, 'pin': False, 'model_creator': None, 'target_batch_size': 64, 'model_string': 'resnet101', 'min_batch_size': 64, 'dataset': 'CIFAR', 'placement': [2, 2], 'use_nccl': False, 'devices_per_worker': 1, 'primary_resource': 'extra_gpu', 'gpu': False, 'verbose': False, 'trial_id': '0442ed60', 'batch_per_device': 64}",96.05395174026489,0,18,134.29405738486614,{'6beedb4ad814c7132062d14c8da41b0e2659689d': 1}
640,12160,0.2432,1,107.69414973258972,False,,,19,693569a900164fe9a4f0a05ce4eb2b96,2019-04-24_20-54-48,1556139288,4.8758344650268555,100.92978620529175,17878,ip-172-31-24-132,172.31.24.132,"{'starting_lr': 0.1, 'momentum': 0.9, 'weight_decay': 0.0005, 'steps_per_iteration': None, 'pin': False, 'model_creator': None, 'target_batch_size': 64, 'model_string': 'resnet101', 'min_batch_size': 64, 'dataset': 'CIFAR', 'placement': [2, 2], 'use_nccl': False, 'devices_per_worker': 1, 'primary_resource': 'extra_gpu', 'gpu': False, 'verbose': False, 'trial_id': '0442ed60', 'batch_per_device': 64}",100.92978620529175,0,19,132.44404398515303,{'6beedb4ad814c7132062d14c8da41b0e2659689d': 1}
640,12800,0.256,1,112.43772482872009,False,,,20,693569a900164fe9a4f0a05ce4eb2b96,2019-04-24_20-54-53,1556139293,4.740761995315552,105.6705482006073,17878,ip-172-31-24-132,172.31.24.132,"{'starting_lr': 0.1, 'momentum': 0.9, 'weight_decay': 0.0005, 'steps_per_iteration': None, 'pin': False, 'model_creator': None, 'target_batch_size': 64, 'model_string': 'resnet101', 'min_batch_size': 64, 'dataset': 'CIFAR', 'placement': [2, 2], 'use_nccl': False, 'devices_per_worker': 1, 'primary_resource': 'extra_gpu', 'gpu': False, 'verbose': False, 'trial_id': '0442ed60', 'batch_per_device': 64}",105.6705482006073,0,20,133.10123161134376,{'6beedb4ad814c7132062d14c8da41b0e2659689d': 1}
640,13440,0.2688,1,117.42640042304993,True,,,21,693569a900164fe9a4f0a05ce4eb2b96,2019-04-24_20-54-58,1556139298,4.983760118484497,110.6543083190918,17878,ip-172-31-24-132,172.31.24.132,"{'starting_lr': 0.1, 'momentum': 0.9, 'weight_decay': 0.0005, 'steps_per_iteration': None, 'pin': False, 'model_creator': None, 'target_batch_size': 64, 'model_string': 'resnet101', 'min_batch_size': 64, 'dataset': 'CIFAR', 'placement': [2, 2], 'use_nccl': False, 'devices_per_worker': 1, 'primary_resource': 'extra_gpu', 'gpu': False, 'verbose': False, 'trial_id': '0442ed60', 'batch_per_device': 64}",110.6543083190918,0,21,131.6240755904894,{'6beedb4ad814c7132062d14c8da41b0e2659689d': 1}
