{"data_this_epoch": 640, "total_data_processed": 640, "epochs_processed": 0.0128, "num_workers": 1, "time_since_start": 14.122281312942505, "done": false, "timesteps_total": null, "episodes_total": null, "training_iteration": 1, "experiment_id": "693569a900164fe9a4f0a05ce4eb2b96", "date": "2019-04-24_20-53-15", "timestamp": 1556139195, "time_this_iter_s": 7.4418394565582275, "time_total_s": 7.4418394565582275, "pid": 17878, "hostname": "ip-172-31-24-132", "node_ip": "172.31.24.132", "config": {"starting_lr": 0.1, "momentum": 0.9, "weight_decay": 0.0005, "steps_per_iteration": null, "pin": false, "model_creator": null, "target_batch_size": 64, "model_string": "resnet101", "min_batch_size": 64, "dataset": "CIFAR", "placement": [2, 2], "use_nccl": false, "devices_per_worker": 1, "primary_resource": "extra_gpu", "gpu": false, "verbose": false, "trial_id": "0442ed60", "batch_per_device": 64}, "time_since_restore": 7.4418394565582275, "timesteps_since_restore": 0, "iterations_since_restore": 1, "train_throughput": 85.99926192648849, "locations": {"6beedb4ad814c7132062d14c8da41b0e2659689d": 1}}
{"data_this_epoch": 640, "total_data_processed": 1280, "epochs_processed": 0.0256, "num_workers": 1, "time_since_start": 19.711059093475342, "done": false, "timesteps_total": null, "episodes_total": null, "training_iteration": 2, "experiment_id": "693569a900164fe9a4f0a05ce4eb2b96", "date": "2019-04-24_20-53-20", "timestamp": 1556139200, "time_this_iter_s": 5.583643198013306, "time_total_s": 13.025482654571533, "pid": 17878, "hostname": "ip-172-31-24-132", "node_ip": "172.31.24.132", "config": {"starting_lr": 0.1, "momentum": 0.9, "weight_decay": 0.0005, "steps_per_iteration": null, "pin": false, "model_creator": null, "target_batch_size": 64, "model_string": "resnet101", "min_batch_size": 64, "dataset": "CIFAR", "placement": [2, 2], "use_nccl": false, "devices_per_worker": 1, "primary_resource": "extra_gpu", "gpu": false, "verbose": false, "trial_id": "0442ed60", "batch_per_device": 64}, "time_since_restore": 13.025482654571533, "timesteps_since_restore": 0, "iterations_since_restore": 2, "train_throughput": 98.26768821789497, "locations": {"6beedb4ad814c7132062d14c8da41b0e2659689d": 1}}
{"data_this_epoch": 640, "total_data_processed": 1920, "epochs_processed": 0.0384, "num_workers": 1, "time_since_start": 25.17385482788086, "done": false, "timesteps_total": null, "episodes_total": null, "training_iteration": 3, "experiment_id": "693569a900164fe9a4f0a05ce4eb2b96", "date": "2019-04-24_20-53-26", "timestamp": 1556139206, "time_this_iter_s": 5.457900524139404, "time_total_s": 18.483383178710938, "pid": 17878, "hostname": "ip-172-31-24-132", "node_ip": "172.31.24.132", "config": {"starting_lr": 0.1, "momentum": 0.9, "weight_decay": 0.0005, "steps_per_iteration": null, "pin": false, "model_creator": null, "target_batch_size": 64, "model_string": "resnet101", "min_batch_size": 64, "dataset": "CIFAR", "placement": [2, 2], "use_nccl": false, "devices_per_worker": 1, "primary_resource": "extra_gpu", "gpu": false, "verbose": false, "trial_id": "0442ed60", "batch_per_device": 64}, "time_since_restore": 18.483383178710938, "timesteps_since_restore": 0, "iterations_since_restore": 3, "train_throughput": 115.92423460380569, "locations": {"6beedb4ad814c7132062d14c8da41b0e2659689d": 1}}
{"data_this_epoch": 640, "total_data_processed": 2560, "epochs_processed": 0.0512, "num_workers": 1, "time_since_start": 30.64168429374695, "done": false, "timesteps_total": null, "episodes_total": null, "training_iteration": 4, "experiment_id": "693569a900164fe9a4f0a05ce4eb2b96", "date": "2019-04-24_20-53-31", "timestamp": 1556139211, "time_this_iter_s": 5.462822198867798, "time_total_s": 23.946205377578735, "pid": 17878, "hostname": "ip-172-31-24-132", "node_ip": "172.31.24.132", "config": {"starting_lr": 0.1, "momentum": 0.9, "weight_decay": 0.0005, "steps_per_iteration": null, "pin": false, "model_creator": null, "target_batch_size": 64, "model_string": "resnet101", "min_batch_size": 64, "dataset": "CIFAR", "placement": [2, 2], "use_nccl": false, "devices_per_worker": 1, "primary_resource": "extra_gpu", "gpu": false, "verbose": false, "trial_id": "0442ed60", "batch_per_device": 64}, "time_since_restore": 23.946205377578735, "timesteps_since_restore": 0, "iterations_since_restore": 4, "train_throughput": 117.20675557921504, "locations": {"6beedb4ad814c7132062d14c8da41b0e2659689d": 1}}
{"data_this_epoch": 640, "total_data_processed": 3200, "epochs_processed": 0.064, "num_workers": 1, "time_since_start": 36.148969888687134, "done": false, "timesteps_total": null, "episodes_total": null, "training_iteration": 5, "experiment_id": "693569a900164fe9a4f0a05ce4eb2b96", "date": "2019-04-24_20-53-37", "timestamp": 1556139217, "time_this_iter_s": 5.502106666564941, "time_total_s": 29.448312044143677, "pid": 17878, "hostname": "ip-172-31-24-132", "node_ip": "172.31.24.132", "config": {"starting_lr": 0.1, "momentum": 0.9, "weight_decay": 0.0005, "steps_per_iteration": null, "pin": false, "model_creator": null, "target_batch_size": 64, "model_string": "resnet101", "min_batch_size": 64, "dataset": "CIFAR", "placement": [2, 2], "use_nccl": false, "devices_per_worker": 1, "primary_resource": "extra_gpu", "gpu": false, "verbose": false, "trial_id": "0442ed60", "batch_per_device": 64}, "time_since_restore": 29.448312044143677, "timesteps_since_restore": 0, "iterations_since_restore": 5, "train_throughput": 116.73416342655098, "locations": {"6beedb4ad814c7132062d14c8da41b0e2659689d": 1}}
{"data_this_epoch": 640, "total_data_processed": 3840, "epochs_processed": 0.0768, "num_workers": 1, "time_since_start": 41.72711944580078, "done": false, "timesteps_total": null, "episodes_total": null, "training_iteration": 6, "experiment_id": "693569a900164fe9a4f0a05ce4eb2b96", "date": "2019-04-24_20-53-42", "timestamp": 1556139222, "time_this_iter_s": 5.573413372039795, "time_total_s": 35.02172541618347, "pid": 17878, "hostname": "ip-172-31-24-132", "node_ip": "172.31.24.132", "config": {"starting_lr": 0.1, "momentum": 0.9, "weight_decay": 0.0005, "steps_per_iteration": null, "pin": false, "model_creator": null, "target_batch_size": 64, "model_string": "resnet101", "min_batch_size": 64, "dataset": "CIFAR", "placement": [2, 2], "use_nccl": false, "devices_per_worker": 1, "primary_resource": "extra_gpu", "gpu": false, "verbose": false, "trial_id": "0442ed60", "batch_per_device": 64}, "time_since_restore": 35.02172541618347, "timesteps_since_restore": 0, "iterations_since_restore": 6, "train_throughput": 115.56853716876056, "locations": {"6beedb4ad814c7132062d14c8da41b0e2659689d": 1}}
{"data_this_epoch": 640, "total_data_processed": 4480, "epochs_processed": 0.0896, "num_workers": 1, "time_since_start": 47.119295597076416, "done": false, "timesteps_total": null, "episodes_total": null, "training_iteration": 7, "experiment_id": "693569a900164fe9a4f0a05ce4eb2b96", "date": "2019-04-24_20-53-48", "timestamp": 1556139228, "time_this_iter_s": 5.387282133102417, "time_total_s": 40.40900754928589, "pid": 17878, "hostname": "ip-172-31-24-132", "node_ip": "172.31.24.132", "config": {"starting_lr": 0.1, "momentum": 0.9, "weight_decay": 0.0005, "steps_per_iteration": null, "pin": false, "model_creator": null, "target_batch_size": 64, "model_string": "resnet101", "min_batch_size": 64, "dataset": "CIFAR", "placement": [2, 2], "use_nccl": false, "devices_per_worker": 1, "primary_resource": "extra_gpu", "gpu": false, "verbose": false, "trial_id": "0442ed60", "batch_per_device": 64}, "time_since_restore": 40.40900754928589, "timesteps_since_restore": 0, "iterations_since_restore": 7, "train_throughput": 116.77930248026227, "locations": {"6beedb4ad814c7132062d14c8da41b0e2659689d": 1}}
{"data_this_epoch": 640, "total_data_processed": 5120, "epochs_processed": 0.1024, "num_workers": 1, "time_since_start": 52.37018942832947, "done": false, "timesteps_total": null, "episodes_total": null, "training_iteration": 8, "experiment_id": "693569a900164fe9a4f0a05ce4eb2b96", "date": "2019-04-24_20-53-53", "timestamp": 1556139233, "time_this_iter_s": 5.246221303939819, "time_total_s": 45.65522885322571, "pid": 17878, "hostname": "ip-172-31-24-132", "node_ip": "172.31.24.132", "config": {"starting_lr": 0.1, "momentum": 0.9, "weight_decay": 0.0005, "steps_per_iteration": null, "pin": false, "model_creator": null, "target_batch_size": 64, "model_string": "resnet101", "min_batch_size": 64, "dataset": "CIFAR", "placement": [2, 2], "use_nccl": false, "devices_per_worker": 1, "primary_resource": "extra_gpu", "gpu": false, "verbose": false, "trial_id": "0442ed60", "batch_per_device": 64}, "time_since_restore": 45.65522885322571, "timesteps_since_restore": 0, "iterations_since_restore": 8, "train_throughput": 120.37260354959005, "locations": {"6beedb4ad814c7132062d14c8da41b0e2659689d": 1}}
{"data_this_epoch": 640, "total_data_processed": 5760, "epochs_processed": 0.1152, "num_workers": 1, "time_since_start": 57.524672985076904, "done": false, "timesteps_total": null, "episodes_total": null, "training_iteration": 9, "experiment_id": "693569a900164fe9a4f0a05ce4eb2b96", "date": "2019-04-24_20-53-58", "timestamp": 1556139238, "time_this_iter_s": 5.1494598388671875, "time_total_s": 50.804688692092896, "pid": 17878, "hostname": "ip-172-31-24-132", "node_ip": "172.31.24.132", "config": {"starting_lr": 0.1, "momentum": 0.9, "weight_decay": 0.0005, "steps_per_iteration": null, "pin": false, "model_creator": null, "target_batch_size": 64, "model_string": "resnet101", "min_batch_size": 64, "dataset": "CIFAR", "placement": [2, 2], "use_nccl": false, "devices_per_worker": 1, "primary_resource": "extra_gpu", "gpu": false, "verbose": false, "trial_id": "0442ed60", "batch_per_device": 64}, "time_since_restore": 50.804688692092896, "timesteps_since_restore": 0, "iterations_since_restore": 9, "train_throughput": 123.12632121712181, "locations": {"6beedb4ad814c7132062d14c8da41b0e2659689d": 1}}
{"data_this_epoch": 640, "total_data_processed": 6400, "epochs_processed": 0.128, "num_workers": 1, "time_since_start": 62.79954934120178, "done": false, "timesteps_total": null, "episodes_total": null, "training_iteration": 10, "experiment_id": "693569a900164fe9a4f0a05ce4eb2b96", "date": "2019-04-24_20-54-04", "timestamp": 1556139244, "time_this_iter_s": 5.270057916641235, "time_total_s": 56.07474660873413, "pid": 17878, "hostname": "ip-172-31-24-132", "node_ip": "172.31.24.132", "config": {"starting_lr": 0.1, "momentum": 0.9, "weight_decay": 0.0005, "steps_per_iteration": null, "pin": false, "model_creator": null, "target_batch_size": 64, "model_string": "resnet101", "min_batch_size": 64, "dataset": "CIFAR", "placement": [2, 2], "use_nccl": false, "devices_per_worker": 1, "primary_resource": "extra_gpu", "gpu": false, "verbose": false, "trial_id": "0442ed60", "batch_per_device": 64}, "time_since_restore": 56.07474660873413, "timesteps_since_restore": 0, "iterations_since_restore": 10, "train_throughput": 122.84456615819745, "locations": {"6beedb4ad814c7132062d14c8da41b0e2659689d": 1}}
{"data_this_epoch": 640, "total_data_processed": 7040, "epochs_processed": 0.1408, "num_workers": 1, "time_since_start": 68.04658627510071, "done": false, "timesteps_total": null, "episodes_total": null, "training_iteration": 11, "experiment_id": "693569a900164fe9a4f0a05ce4eb2b96", "date": "2019-04-24_20-54-09", "timestamp": 1556139249, "time_this_iter_s": 5.242015838623047, "time_total_s": 61.31676244735718, "pid": 17878, "hostname": "ip-172-31-24-132", "node_ip": "172.31.24.132", "config": {"starting_lr": 0.1, "momentum": 0.9, "weight_decay": 0.0005, "steps_per_iteration": null, "pin": false, "model_creator": null, "target_batch_size": 64, "model_string": "resnet101", "min_batch_size": 64, "dataset": "CIFAR", "placement": [2, 2], "use_nccl": false, "devices_per_worker": 1, "primary_resource": "extra_gpu", "gpu": false, "verbose": false, "trial_id": "0442ed60", "batch_per_device": 64}, "time_since_restore": 61.31676244735718, "timesteps_since_restore": 0, "iterations_since_restore": 11, "train_throughput": 121.76299600101761, "locations": {"6beedb4ad814c7132062d14c8da41b0e2659689d": 1}}
{"data_this_epoch": 640, "total_data_processed": 7680, "epochs_processed": 0.1536, "num_workers": 1, "time_since_start": 73.18773055076599, "done": false, "timesteps_total": null, "episodes_total": null, "training_iteration": 12, "experiment_id": "693569a900164fe9a4f0a05ce4eb2b96", "date": "2019-04-24_20-54-14", "timestamp": 1556139254, "time_this_iter_s": 5.1363935470581055, "time_total_s": 66.45315599441528, "pid": 17878, "hostname": "ip-172-31-24-132", "node_ip": "172.31.24.132", "config": {"starting_lr": 0.1, "momentum": 0.9, "weight_decay": 0.0005, "steps_per_iteration": null, "pin": false, "model_creator": null, "target_batch_size": 64, "model_string": "resnet101", "min_batch_size": 64, "dataset": "CIFAR", "placement": [2, 2], "use_nccl": false, "devices_per_worker": 1, "primary_resource": "extra_gpu", "gpu": false, "verbose": false, "trial_id": "0442ed60", "batch_per_device": 64}, "time_since_restore": 66.45315599441528, "timesteps_since_restore": 0, "iterations_since_restore": 12, "train_throughput": 123.33123941425123, "locations": {"6beedb4ad814c7132062d14c8da41b0e2659689d": 1}}
{"data_this_epoch": 640, "total_data_processed": 8320, "epochs_processed": 0.1664, "num_workers": 1, "time_since_start": 78.32758784294128, "done": false, "timesteps_total": null, "episodes_total": null, "training_iteration": 13, "experiment_id": "693569a900164fe9a4f0a05ce4eb2b96", "date": "2019-04-24_20-54-19", "timestamp": 1556139259, "time_this_iter_s": 5.134989500045776, "time_total_s": 71.58814549446106, "pid": 17878, "hostname": "ip-172-31-24-132", "node_ip": "172.31.24.132", "config": {"starting_lr": 0.1, "momentum": 0.9, "weight_decay": 0.0005, "steps_per_iteration": null, "pin": false, "model_creator": null, "target_batch_size": 64, "model_string": "resnet101", "min_batch_size": 64, "dataset": "CIFAR", "placement": [2, 2], "use_nccl": false, "devices_per_worker": 1, "primary_resource": "extra_gpu", "gpu": false, "verbose": false, "trial_id": "0442ed60", "batch_per_device": 64}, "time_since_restore": 71.58814549446106, "timesteps_since_restore": 0, "iterations_since_restore": 13, "train_throughput": 124.6161791296445, "locations": {"6beedb4ad814c7132062d14c8da41b0e2659689d": 1}}
{"data_this_epoch": 640, "total_data_processed": 8960, "epochs_processed": 0.1792, "num_workers": 1, "time_since_start": 83.47682785987854, "done": false, "timesteps_total": null, "episodes_total": null, "training_iteration": 14, "experiment_id": "693569a900164fe9a4f0a05ce4eb2b96", "date": "2019-04-24_20-54-24", "timestamp": 1556139264, "time_this_iter_s": 5.1442413330078125, "time_total_s": 76.73238682746887, "pid": 17878, "hostname": "ip-172-31-24-132", "node_ip": "172.31.24.132", "config": {"starting_lr": 0.1, "momentum": 0.9, "weight_decay": 0.0005, "steps_per_iteration": null, "pin": false, "model_creator": null, "target_batch_size": 64, "model_string": "resnet101", "min_batch_size": 64, "dataset": "CIFAR", "placement": [2, 2], "use_nccl": false, "devices_per_worker": 1, "primary_resource": "extra_gpu", "gpu": false, "verbose": false, "trial_id": "0442ed60", "batch_per_device": 64}, "time_since_restore": 76.73238682746887, "timesteps_since_restore": 0, "iterations_since_restore": 14, "train_throughput": 124.52108437786879, "locations": {"6beedb4ad814c7132062d14c8da41b0e2659689d": 1}}
{"data_this_epoch": 640, "total_data_processed": 9600, "epochs_processed": 0.192, "num_workers": 1, "time_since_start": 88.41777491569519, "done": false, "timesteps_total": null, "episodes_total": null, "training_iteration": 15, "experiment_id": "693569a900164fe9a4f0a05ce4eb2b96", "date": "2019-04-24_20-54-29", "timestamp": 1556139269, "time_this_iter_s": 4.936017274856567, "time_total_s": 81.66840410232544, "pid": 17878, "hostname": "ip-172-31-24-132", "node_ip": "172.31.24.132", "config": {"starting_lr": 0.1, "momentum": 0.9, "weight_decay": 0.0005, "steps_per_iteration": null, "pin": false, "model_creator": null, "target_batch_size": 64, "model_string": "resnet101", "min_batch_size": 64, "dataset": "CIFAR", "placement": [2, 2], "use_nccl": false, "devices_per_worker": 1, "primary_resource": "extra_gpu", "gpu": false, "verbose": false, "trial_id": "0442ed60", "batch_per_device": 64}, "time_since_restore": 81.66840410232544, "timesteps_since_restore": 0, "iterations_since_restore": 15, "train_throughput": 126.97904020404029, "locations": {"6beedb4ad814c7132062d14c8da41b0e2659689d": 1}}
{"data_this_epoch": 640, "total_data_processed": 10240, "epochs_processed": 0.2048, "num_workers": 1, "time_since_start": 93.27489423751831, "done": false, "timesteps_total": null, "episodes_total": null, "training_iteration": 16, "experiment_id": "693569a900164fe9a4f0a05ce4eb2b96", "date": "2019-04-24_20-54-34", "timestamp": 1556139274, "time_this_iter_s": 4.854369640350342, "time_total_s": 86.52277374267578, "pid": 17878, "hostname": "ip-172-31-24-132", "node_ip": "172.31.24.132", "config": {"starting_lr": 0.1, "momentum": 0.9, "weight_decay": 0.0005, "steps_per_iteration": null, "pin": false, "model_creator": null, "target_batch_size": 64, "model_string": "resnet101", "min_batch_size": 64, "dataset": "CIFAR", "placement": [2, 2], "use_nccl": false, "devices_per_worker": 1, "primary_resource": "extra_gpu", "gpu": false, "verbose": false, "trial_id": "0442ed60", "batch_per_device": 64}, "time_since_restore": 86.52277374267578, "timesteps_since_restore": 0, "iterations_since_restore": 16, "train_throughput": 130.7385273831328, "locations": {"6beedb4ad814c7132062d14c8da41b0e2659689d": 1}}
{"data_this_epoch": 640, "total_data_processed": 10880, "epochs_processed": 0.2176, "num_workers": 1, "time_since_start": 98.02244424819946, "done": false, "timesteps_total": null, "episodes_total": null, "training_iteration": 17, "experiment_id": "693569a900164fe9a4f0a05ce4eb2b96", "date": "2019-04-24_20-54-39", "timestamp": 1556139279, "time_this_iter_s": 4.74269437789917, "time_total_s": 91.26546812057495, "pid": 17878, "hostname": "ip-172-31-24-132", "node_ip": "172.31.24.132", "config": {"starting_lr": 0.1, "momentum": 0.9, "weight_decay": 0.0005, "steps_per_iteration": null, "pin": false, "model_creator": null, "target_batch_size": 64, "model_string": "resnet101", "min_batch_size": 64, "dataset": "CIFAR", "placement": [2, 2], "use_nccl": false, "devices_per_worker": 1, "primary_resource": "extra_gpu", "gpu": false, "verbose": false, "trial_id": "0442ed60", "batch_per_device": 64}, "time_since_restore": 91.26546812057495, "timesteps_since_restore": 0, "iterations_since_restore": 17, "train_throughput": 133.3720955652779, "locations": {"6beedb4ad814c7132062d14c8da41b0e2659689d": 1}}
{"data_this_epoch": 640, "total_data_processed": 11520, "epochs_processed": 0.2304, "num_workers": 1, "time_since_start": 102.81363892555237, "done": false, "timesteps_total": null, "episodes_total": null, "training_iteration": 18, "experiment_id": "693569a900164fe9a4f0a05ce4eb2b96", "date": "2019-04-24_20-54-44", "timestamp": 1556139284, "time_this_iter_s": 4.788483619689941, "time_total_s": 96.05395174026489, "pid": 17878, "hostname": "ip-172-31-24-132", "node_ip": "172.31.24.132", "config": {"starting_lr": 0.1, "momentum": 0.9, "weight_decay": 0.0005, "steps_per_iteration": null, "pin": false, "model_creator": null, "target_batch_size": 64, "model_string": "resnet101", "min_batch_size": 64, "dataset": "CIFAR", "placement": [2, 2], "use_nccl": false, "devices_per_worker": 1, "primary_resource": "extra_gpu", "gpu": false, "verbose": false, "trial_id": "0442ed60", "batch_per_device": 64}, "time_since_restore": 96.05395174026489, "timesteps_since_restore": 0, "iterations_since_restore": 18, "train_throughput": 134.29405738486614, "locations": {"6beedb4ad814c7132062d14c8da41b0e2659689d": 1}}
{"data_this_epoch": 640, "total_data_processed": 12160, "epochs_processed": 0.2432, "num_workers": 1, "time_since_start": 107.69414973258972, "done": false, "timesteps_total": null, "episodes_total": null, "training_iteration": 19, "experiment_id": "693569a900164fe9a4f0a05ce4eb2b96", "date": "2019-04-24_20-54-48", "timestamp": 1556139288, "time_this_iter_s": 4.8758344650268555, "time_total_s": 100.92978620529175, "pid": 17878, "hostname": "ip-172-31-24-132", "node_ip": "172.31.24.132", "config": {"starting_lr": 0.1, "momentum": 0.9, "weight_decay": 0.0005, "steps_per_iteration": null, "pin": false, "model_creator": null, "target_batch_size": 64, "model_string": "resnet101", "min_batch_size": 64, "dataset": "CIFAR", "placement": [2, 2], "use_nccl": false, "devices_per_worker": 1, "primary_resource": "extra_gpu", "gpu": false, "verbose": false, "trial_id": "0442ed60", "batch_per_device": 64}, "time_since_restore": 100.92978620529175, "timesteps_since_restore": 0, "iterations_since_restore": 19, "train_throughput": 132.44404398515303, "locations": {"6beedb4ad814c7132062d14c8da41b0e2659689d": 1}}
{"data_this_epoch": 640, "total_data_processed": 12800, "epochs_processed": 0.256, "num_workers": 1, "time_since_start": 112.43772482872009, "done": false, "timesteps_total": null, "episodes_total": null, "training_iteration": 20, "experiment_id": "693569a900164fe9a4f0a05ce4eb2b96", "date": "2019-04-24_20-54-53", "timestamp": 1556139293, "time_this_iter_s": 4.740761995315552, "time_total_s": 105.6705482006073, "pid": 17878, "hostname": "ip-172-31-24-132", "node_ip": "172.31.24.132", "config": {"starting_lr": 0.1, "momentum": 0.9, "weight_decay": 0.0005, "steps_per_iteration": null, "pin": false, "model_creator": null, "target_batch_size": 64, "model_string": "resnet101", "min_batch_size": 64, "dataset": "CIFAR", "placement": [2, 2], "use_nccl": false, "devices_per_worker": 1, "primary_resource": "extra_gpu", "gpu": false, "verbose": false, "trial_id": "0442ed60", "batch_per_device": 64}, "time_since_restore": 105.6705482006073, "timesteps_since_restore": 0, "iterations_since_restore": 20, "train_throughput": 133.10123161134376, "locations": {"6beedb4ad814c7132062d14c8da41b0e2659689d": 1}}
{"data_this_epoch": 640, "total_data_processed": 13440, "epochs_processed": 0.2688, "num_workers": 1, "time_since_start": 117.42640042304993, "done": true, "timesteps_total": null, "episodes_total": null, "training_iteration": 21, "experiment_id": "693569a900164fe9a4f0a05ce4eb2b96", "date": "2019-04-24_20-54-58", "timestamp": 1556139298, "time_this_iter_s": 4.983760118484497, "time_total_s": 110.6543083190918, "pid": 17878, "hostname": "ip-172-31-24-132", "node_ip": "172.31.24.132", "config": {"starting_lr": 0.1, "momentum": 0.9, "weight_decay": 0.0005, "steps_per_iteration": null, "pin": false, "model_creator": null, "target_batch_size": 64, "model_string": "resnet101", "min_batch_size": 64, "dataset": "CIFAR", "placement": [2, 2], "use_nccl": false, "devices_per_worker": 1, "primary_resource": "extra_gpu", "gpu": false, "verbose": false, "trial_id": "0442ed60", "batch_per_device": 64}, "time_since_restore": 110.6543083190918, "timesteps_since_restore": 0, "iterations_since_restore": 21, "train_throughput": 131.6240755904894, "locations": {"6beedb4ad814c7132062d14c8da41b0e2659689d": 1}}
