data_this_epoch,total_data_processed,epochs_processed,num_workers,time_since_start,done,timesteps_total,episodes_total,training_iteration,experiment_id,date,timestamp,time_this_iter_s,time_total_s,pid,hostname,node_ip,config,time_since_restore,timesteps_since_restore,iterations_since_restore,train_throughput,locations
2560,2560,0.0512,4,24.382457494735718,False,,,1,670a8396693a4a6fb8f96daa33e165d6,2019-04-24_20-42-42,1556138562,14.77817177772522,14.77817177772522,11735,ip-172-31-95-70,172.31.95.70,"{'starting_lr': 0.1, 'momentum': 0.9, 'weight_decay': 0.0005, 'steps_per_iteration': None, 'pin': False, 'model_creator': None, 'target_batch_size': 64, 'model_string': 'resnet101', 'min_batch_size': 64, 'dataset': 'CIFAR', 'placement': [2, 2], 'use_nccl': False, 'devices_per_worker': 1, 'primary_resource': 'extra_gpu', 'gpu': False, 'verbose': False, 'trial_id': 'bc654a40', 'batch_per_device': 64}",14.77817177772522,0,1,173.22730993742022,"{'3653373259e149641d3dd8fe1501fac10cd71007': 2, '12c29e099e962cda4b88394b8824c087a2a68318': 2}"
2560,5120,0.1024,4,36.707945823669434,False,,,2,670a8396693a4a6fb8f96daa33e165d6,2019-04-24_20-42-54,1556138574,12.317076683044434,27.095248460769653,11735,ip-172-31-95-70,172.31.95.70,"{'starting_lr': 0.1, 'momentum': 0.9, 'weight_decay': 0.0005, 'steps_per_iteration': None, 'pin': False, 'model_creator': None, 'target_batch_size': 64, 'model_string': 'resnet101', 'min_batch_size': 64, 'dataset': 'CIFAR', 'placement': [2, 2], 'use_nccl': False, 'devices_per_worker': 1, 'primary_resource': 'extra_gpu', 'gpu': False, 'verbose': False, 'trial_id': 'bc654a40', 'batch_per_device': 64}",27.095248460769653,0,2,188.96176716032068,"{'3653373259e149641d3dd8fe1501fac10cd71007': 2, '12c29e099e962cda4b88394b8824c087a2a68318': 2}"
2560,7680,0.1536,4,48.60318183898926,False,,,3,670a8396693a4a6fb8f96daa33e165d6,2019-04-24_20-43-06,1556138586,11.888106107711792,38.983354568481445,11735,ip-172-31-95-70,172.31.95.70,"{'starting_lr': 0.1, 'momentum': 0.9, 'weight_decay': 0.0005, 'steps_per_iteration': None, 'pin': False, 'model_creator': None, 'target_batch_size': 64, 'model_string': 'resnet101', 'min_batch_size': 64, 'dataset': 'CIFAR', 'placement': [2, 2], 'use_nccl': False, 'devices_per_worker': 1, 'primary_resource': 'extra_gpu', 'gpu': False, 'verbose': False, 'trial_id': 'bc654a40', 'batch_per_device': 64}",38.983354568481445,0,3,211.52356327891067,"{'3653373259e149641d3dd8fe1501fac10cd71007': 2, '12c29e099e962cda4b88394b8824c087a2a68318': 2}"
2560,10240,0.2048,4,59.6882438659668,False,,,4,670a8396693a4a6fb8f96daa33e165d6,2019-04-24_20-43-17,1556138597,11.077841997146606,50.06119656562805,11735,ip-172-31-95-70,172.31.95.70,"{'starting_lr': 0.1, 'momentum': 0.9, 'weight_decay': 0.0005, 'steps_per_iteration': None, 'pin': False, 'model_creator': None, 'target_batch_size': 64, 'model_string': 'resnet101', 'min_batch_size': 64, 'dataset': 'CIFAR', 'placement': [2, 2], 'use_nccl': False, 'devices_per_worker': 1, 'primary_resource': 'extra_gpu', 'gpu': False, 'verbose': False, 'trial_id': 'bc654a40', 'batch_per_device': 64}",50.06119656562805,0,4,222.93722355573783,"{'3653373259e149641d3dd8fe1501fac10cd71007': 2, '12c29e099e962cda4b88394b8824c087a2a68318': 2}"
2560,12800,0.256,4,70.73472952842712,False,,,5,670a8396693a4a6fb8f96daa33e165d6,2019-04-24_20-43-28,1556138608,11.03928256034851,61.10047912597656,11735,ip-172-31-95-70,172.31.95.70,"{'starting_lr': 0.1, 'momentum': 0.9, 'weight_decay': 0.0005, 'steps_per_iteration': None, 'pin': False, 'model_creator': None, 'target_batch_size': 64, 'model_string': 'resnet101', 'min_batch_size': 64, 'dataset': 'CIFAR', 'placement': [2, 2], 'use_nccl': False, 'devices_per_worker': 1, 'primary_resource': 'extra_gpu', 'gpu': False, 'verbose': False, 'trial_id': 'bc654a40', 'batch_per_device': 64}",61.10047912597656,0,5,231.49309363797158,"{'3653373259e149641d3dd8fe1501fac10cd71007': 2, '12c29e099e962cda4b88394b8824c087a2a68318': 2}"
2560,15360,0.3072,4,81.82668614387512,False,,,6,670a8396693a4a6fb8f96daa33e165d6,2019-04-24_20-43-39,1556138619,11.08478307723999,72.18526220321655,11735,ip-172-31-95-70,172.31.95.70,"{'starting_lr': 0.1, 'momentum': 0.9, 'weight_decay': 0.0005, 'steps_per_iteration': None, 'pin': False, 'model_creator': None, 'target_batch_size': 64, 'model_string': 'resnet101', 'min_batch_size': 64, 'dataset': 'CIFAR', 'placement': [2, 2], 'use_nccl': False, 'devices_per_worker': 1, 'primary_resource': 'extra_gpu', 'gpu': False, 'verbose': False, 'trial_id': 'bc654a40', 'batch_per_device': 64}",72.18526220321655,0,6,231.42045437033877,"{'3653373259e149641d3dd8fe1501fac10cd71007': 2, '12c29e099e962cda4b88394b8824c087a2a68318': 2}"
2560,17920,0.3584,4,92.97546195983887,False,,,7,670a8396693a4a6fb8f96daa33e165d6,2019-04-24_20-43-50,1556138630,11.14137578010559,83.32663798332214,11735,ip-172-31-95-70,172.31.95.70,"{'starting_lr': 0.1, 'momentum': 0.9, 'weight_decay': 0.0005, 'steps_per_iteration': None, 'pin': False, 'model_creator': None, 'target_batch_size': 64, 'model_string': 'resnet101', 'min_batch_size': 64, 'dataset': 'CIFAR', 'placement': [2, 2], 'use_nccl': False, 'devices_per_worker': 1, 'primary_resource': 'extra_gpu', 'gpu': False, 'verbose': False, 'trial_id': 'bc654a40', 'batch_per_device': 64}",83.32663798332214,0,7,230.35701769413885,"{'3653373259e149641d3dd8fe1501fac10cd71007': 2, '12c29e099e962cda4b88394b8824c087a2a68318': 2}"
2560,20480,0.4096,4,104.05116152763367,False,,,8,670a8396693a4a6fb8f96daa33e165d6,2019-04-24_20-44-01,1556138641,11.068305492401123,94.39494347572327,11735,ip-172-31-95-70,172.31.95.70,"{'starting_lr': 0.1, 'momentum': 0.9, 'weight_decay': 0.0005, 'steps_per_iteration': None, 'pin': False, 'model_creator': None, 'target_batch_size': 64, 'model_string': 'resnet101', 'min_batch_size': 64, 'dataset': 'CIFAR', 'placement': [2, 2], 'use_nccl': False, 'devices_per_worker': 1, 'primary_resource': 'extra_gpu', 'gpu': False, 'verbose': False, 'trial_id': 'bc654a40', 'batch_per_device': 64}",94.39494347572327,0,8,230.52793757949382,"{'3653373259e149641d3dd8fe1501fac10cd71007': 2, '12c29e099e962cda4b88394b8824c087a2a68318': 2}"
2560,23040,0.4608,4,114.64780330657959,False,,,9,670a8396693a4a6fb8f96daa33e165d6,2019-04-24_20-44-12,1556138652,10.58958649635315,104.98452997207642,11735,ip-172-31-95-70,172.31.95.70,"{'starting_lr': 0.1, 'momentum': 0.9, 'weight_decay': 0.0005, 'steps_per_iteration': None, 'pin': False, 'model_creator': None, 'target_batch_size': 64, 'model_string': 'resnet101', 'min_batch_size': 64, 'dataset': 'CIFAR', 'placement': [2, 2], 'use_nccl': False, 'devices_per_worker': 1, 'primary_resource': 'extra_gpu', 'gpu': False, 'verbose': False, 'trial_id': 'bc654a40', 'batch_per_device': 64}",104.98452997207642,0,9,236.40166254987054,"{'3653373259e149641d3dd8fe1501fac10cd71007': 2, '12c29e099e962cda4b88394b8824c087a2a68318': 2}"
2560,25600,0.512,4,125.19134306907654,False,,,10,670a8396693a4a6fb8f96daa33e165d6,2019-04-24_20-44-22,1556138662,10.536414623260498,115.52094459533691,11735,ip-172-31-95-70,172.31.95.70,"{'starting_lr': 0.1, 'momentum': 0.9, 'weight_decay': 0.0005, 'steps_per_iteration': None, 'pin': False, 'model_creator': None, 'target_batch_size': 64, 'model_string': 'resnet101', 'min_batch_size': 64, 'dataset': 'CIFAR', 'placement': [2, 2], 'use_nccl': False, 'devices_per_worker': 1, 'primary_resource': 'extra_gpu', 'gpu': False, 'verbose': False, 'trial_id': 'bc654a40', 'batch_per_device': 64}",115.52094459533691,0,10,242.3535570443168,"{'3653373259e149641d3dd8fe1501fac10cd71007': 2, '12c29e099e962cda4b88394b8824c087a2a68318': 2}"
2560,28160,0.5632,4,135.34355306625366,False,,,11,670a8396693a4a6fb8f96daa33e165d6,2019-04-24_20-44-33,1556138673,10.144988536834717,125.66593313217163,11735,ip-172-31-95-70,172.31.95.70,"{'starting_lr': 0.1, 'momentum': 0.9, 'weight_decay': 0.0005, 'steps_per_iteration': None, 'pin': False, 'model_creator': None, 'target_batch_size': 64, 'model_string': 'resnet101', 'min_batch_size': 64, 'dataset': 'CIFAR', 'placement': [2, 2], 'use_nccl': False, 'devices_per_worker': 1, 'primary_resource': 'extra_gpu', 'gpu': False, 'verbose': False, 'trial_id': 'bc654a40', 'batch_per_device': 64}",125.66593313217163,0,11,247.56356094402452,"{'3653373259e149641d3dd8fe1501fac10cd71007': 2, '12c29e099e962cda4b88394b8824c087a2a68318': 2}"
2560,30720,0.6144,4,145.62612342834473,False,,,12,670a8396693a4a6fb8f96daa33e165d6,2019-04-24_20-44-43,1556138683,10.275307416915894,135.94124054908752,11735,ip-172-31-95-70,172.31.95.70,"{'starting_lr': 0.1, 'momentum': 0.9, 'weight_decay': 0.0005, 'steps_per_iteration': None, 'pin': False, 'model_creator': None, 'target_batch_size': 64, 'model_string': 'resnet101', 'min_batch_size': 64, 'dataset': 'CIFAR', 'placement': [2, 2], 'use_nccl': False, 'devices_per_worker': 1, 'primary_resource': 'extra_gpu', 'gpu': False, 'verbose': False, 'trial_id': 'bc654a40', 'batch_per_device': 64}",135.94124054908752,0,12,250.72908990158163,"{'3653373259e149641d3dd8fe1501fac10cd71007': 2, '12c29e099e962cda4b88394b8824c087a2a68318': 2}"
2560,33280,0.6656,4,155.94060826301575,False,,,13,670a8396693a4a6fb8f96daa33e165d6,2019-04-24_20-44-53,1556138693,10.307526111602783,146.2487666606903,11735,ip-172-31-95-70,172.31.95.70,"{'starting_lr': 0.1, 'momentum': 0.9, 'weight_decay': 0.0005, 'steps_per_iteration': None, 'pin': False, 'model_creator': None, 'target_batch_size': 64, 'model_string': 'resnet101', 'min_batch_size': 64, 'dataset': 'CIFAR', 'placement': [2, 2], 'use_nccl': False, 'devices_per_worker': 1, 'primary_resource': 'extra_gpu', 'gpu': False, 'verbose': False, 'trial_id': 'bc654a40', 'batch_per_device': 64}",146.2487666606903,0,13,248.74917860021222,"{'3653373259e149641d3dd8fe1501fac10cd71007': 2, '12c29e099e962cda4b88394b8824c087a2a68318': 2}"
2560,35840,0.7168,4,166.08666515350342,False,,,14,670a8396693a4a6fb8f96daa33e165d6,2019-04-24_20-45-03,1556138703,10.139106035232544,156.38787269592285,11735,ip-172-31-95-70,172.31.95.70,"{'starting_lr': 0.1, 'momentum': 0.9, 'weight_decay': 0.0005, 'steps_per_iteration': None, 'pin': False, 'model_creator': None, 'target_batch_size': 64, 'model_string': 'resnet101', 'min_batch_size': 64, 'dataset': 'CIFAR', 'placement': [2, 2], 'use_nccl': False, 'devices_per_worker': 1, 'primary_resource': 'extra_gpu', 'gpu': False, 'verbose': False, 'trial_id': 'bc654a40', 'batch_per_device': 64}",156.38787269592285,0,14,250.40613887887903,"{'3653373259e149641d3dd8fe1501fac10cd71007': 2, '12c29e099e962cda4b88394b8824c087a2a68318': 2}"
2560,38400,0.768,4,176.3189263343811,False,,,15,670a8396693a4a6fb8f96daa33e165d6,2019-04-24_20-45-14,1556138714,10.225072622299194,166.61294531822205,11735,ip-172-31-95-70,172.31.95.70,"{'starting_lr': 0.1, 'momentum': 0.9, 'weight_decay': 0.0005, 'steps_per_iteration': None, 'pin': False, 'model_creator': None, 'target_batch_size': 64, 'model_string': 'resnet101', 'min_batch_size': 64, 'dataset': 'CIFAR', 'placement': [2, 2], 'use_nccl': False, 'devices_per_worker': 1, 'primary_resource': 'extra_gpu', 'gpu': False, 'verbose': False, 'trial_id': 'bc654a40', 'batch_per_device': 64}",166.61294531822205,0,15,251.41998322784715,"{'3653373259e149641d3dd8fe1501fac10cd71007': 2, '12c29e099e962cda4b88394b8824c087a2a68318': 2}"
2560,40960,0.8192,4,186.39275002479553,False,,,16,670a8396693a4a6fb8f96daa33e165d6,2019-04-24_20-45-24,1556138724,10.066951274871826,176.67989659309387,11735,ip-172-31-95-70,172.31.95.70,"{'starting_lr': 0.1, 'momentum': 0.9, 'weight_decay': 0.0005, 'steps_per_iteration': None, 'pin': False, 'model_creator': None, 'target_batch_size': 64, 'model_string': 'resnet101', 'min_batch_size': 64, 'dataset': 'CIFAR', 'placement': [2, 2], 'use_nccl': False, 'devices_per_worker': 1, 'primary_resource': 'extra_gpu', 'gpu': False, 'verbose': False, 'trial_id': 'bc654a40', 'batch_per_device': 64}",176.67989659309387,0,16,252.31400113213772,"{'3653373259e149641d3dd8fe1501fac10cd71007': 2, '12c29e099e962cda4b88394b8824c087a2a68318': 2}"
2560,43520,0.8704,4,196.48864126205444,False,,,17,670a8396693a4a6fb8f96daa33e165d6,2019-04-24_20-45-34,1556138734,10.089000463485718,186.7688970565796,11735,ip-172-31-95-70,172.31.95.70,"{'starting_lr': 0.1, 'momentum': 0.9, 'weight_decay': 0.0005, 'steps_per_iteration': None, 'pin': False, 'model_creator': None, 'target_batch_size': 64, 'model_string': 'resnet101', 'min_batch_size': 64, 'dataset': 'CIFAR', 'placement': [2, 2], 'use_nccl': False, 'devices_per_worker': 1, 'primary_resource': 'extra_gpu', 'gpu': False, 'verbose': False, 'trial_id': 'bc654a40', 'batch_per_device': 64}",186.7688970565796,0,17,254.0174058191803,"{'3653373259e149641d3dd8fe1501fac10cd71007': 2, '12c29e099e962cda4b88394b8824c087a2a68318': 2}"
2560,46080,0.9216,4,206.69326281547546,False,,,18,670a8396693a4a6fb8f96daa33e165d6,2019-04-24_20-45-44,1556138744,10.196497917175293,196.96539497375488,11735,ip-172-31-95-70,172.31.95.70,"{'starting_lr': 0.1, 'momentum': 0.9, 'weight_decay': 0.0005, 'steps_per_iteration': None, 'pin': False, 'model_creator': None, 'target_batch_size': 64, 'model_string': 'resnet101', 'min_batch_size': 64, 'dataset': 'CIFAR', 'placement': [2, 2], 'use_nccl': False, 'devices_per_worker': 1, 'primary_resource': 'extra_gpu', 'gpu': False, 'verbose': False, 'trial_id': 'bc654a40', 'batch_per_device': 64}",196.96539497375488,0,18,252.39523111710534,"{'3653373259e149641d3dd8fe1501fac10cd71007': 2, '12c29e099e962cda4b88394b8824c087a2a68318': 2}"
2560,48640,0.9728,4,216.95570063591003,False,,,19,670a8396693a4a6fb8f96daa33e165d6,2019-04-24_20-45-54,1556138754,10.254374980926514,207.2197699546814,11735,ip-172-31-95-70,172.31.95.70,"{'starting_lr': 0.1, 'momentum': 0.9, 'weight_decay': 0.0005, 'steps_per_iteration': None, 'pin': False, 'model_creator': None, 'target_batch_size': 64, 'model_string': 'resnet101', 'min_batch_size': 64, 'dataset': 'CIFAR', 'placement': [2, 2], 'use_nccl': False, 'devices_per_worker': 1, 'primary_resource': 'extra_gpu', 'gpu': False, 'verbose': False, 'trial_id': 'bc654a40', 'batch_per_device': 64}",207.2197699546814,0,19,250.35423184354042,"{'3653373259e149641d3dd8fe1501fac10cd71007': 2, '12c29e099e962cda4b88394b8824c087a2a68318': 2}"
2560,51200,1.024,4,227.3494770526886,False,,,20,670a8396693a4a6fb8f96daa33e165d6,2019-04-24_20-46-05,1556138765,10.386555433273315,217.6063253879547,11735,ip-172-31-95-70,172.31.95.70,"{'starting_lr': 0.1, 'momentum': 0.9, 'weight_decay': 0.0005, 'steps_per_iteration': None, 'pin': False, 'model_creator': None, 'target_batch_size': 64, 'model_string': 'resnet101', 'min_batch_size': 64, 'dataset': 'CIFAR', 'placement': [2, 2], 'use_nccl': False, 'devices_per_worker': 1, 'primary_resource': 'extra_gpu', 'gpu': False, 'verbose': False, 'trial_id': 'bc654a40', 'batch_per_device': 64}",217.6063253879547,0,20,248.04900871237916,"{'3653373259e149641d3dd8fe1501fac10cd71007': 2, '12c29e099e962cda4b88394b8824c087a2a68318': 2}"
2560,53760,1.0752,4,237.62157487869263,False,,,21,670a8396693a4a6fb8f96daa33e165d6,2019-04-24_20-46-15,1556138775,10.264745712280273,227.87107110023499,11735,ip-172-31-95-70,172.31.95.70,"{'starting_lr': 0.1, 'momentum': 0.9, 'weight_decay': 0.0005, 'steps_per_iteration': None, 'pin': False, 'model_creator': None, 'target_batch_size': 64, 'model_string': 'resnet101', 'min_batch_size': 64, 'dataset': 'CIFAR', 'placement': [2, 2], 'use_nccl': False, 'devices_per_worker': 1, 'primary_resource': 'extra_gpu', 'gpu': False, 'verbose': False, 'trial_id': 'bc654a40', 'batch_per_device': 64}",227.87107110023499,0,21,247.9244293339399,"{'3653373259e149641d3dd8fe1501fac10cd71007': 2, '12c29e099e962cda4b88394b8824c087a2a68318': 2}"
2560,56320,1.1264,4,247.6972734928131,False,,,22,670a8396693a4a6fb8f96daa33e165d6,2019-04-24_20-46-25,1556138785,10.068803548812866,237.93987464904785,11735,ip-172-31-95-70,172.31.95.70,"{'starting_lr': 0.1, 'momentum': 0.9, 'weight_decay': 0.0005, 'steps_per_iteration': None, 'pin': False, 'model_creator': None, 'target_batch_size': 64, 'model_string': 'resnet101', 'min_batch_size': 64, 'dataset': 'CIFAR', 'placement': [2, 2], 'use_nccl': False, 'devices_per_worker': 1, 'primary_resource': 'extra_gpu', 'gpu': False, 'verbose': False, 'trial_id': 'bc654a40', 'batch_per_device': 64}",237.93987464904785,0,22,251.79869449209406,"{'3653373259e149641d3dd8fe1501fac10cd71007': 2, '12c29e099e962cda4b88394b8824c087a2a68318': 2}"
2560,58880,1.1776,4,257.7365689277649,True,,,23,670a8396693a4a6fb8f96daa33e165d6,2019-04-24_20-46-35,1556138795,10.032471895217896,247.97234654426575,11735,ip-172-31-95-70,172.31.95.70,"{'starting_lr': 0.1, 'momentum': 0.9, 'weight_decay': 0.0005, 'steps_per_iteration': None, 'pin': False, 'model_creator': None, 'target_batch_size': 64, 'model_string': 'resnet101', 'min_batch_size': 64, 'dataset': 'CIFAR', 'placement': [2, 2], 'use_nccl': False, 'devices_per_worker': 1, 'primary_resource': 'extra_gpu', 'gpu': False, 'verbose': False, 'trial_id': 'bc654a40', 'batch_per_device': 64}",247.97234654426575,0,23,254.70827206253003,"{'3653373259e149641d3dd8fe1501fac10cd71007': 2, '12c29e099e962cda4b88394b8824c087a2a68318': 2}"
