{"data_this_epoch": 2560, "total_data_processed": 2560, "epochs_processed": 0.0512, "num_workers": 4, "time_since_start": 24.382457494735718, "done": false, "timesteps_total": null, "episodes_total": null, "training_iteration": 1, "experiment_id": "670a8396693a4a6fb8f96daa33e165d6", "date": "2019-04-24_20-42-42", "timestamp": 1556138562, "time_this_iter_s": 14.77817177772522, "time_total_s": 14.77817177772522, "pid": 11735, "hostname": "ip-172-31-95-70", "node_ip": "172.31.95.70", "config": {"starting_lr": 0.1, "momentum": 0.9, "weight_decay": 0.0005, "steps_per_iteration": null, "pin": false, "model_creator": null, "target_batch_size": 64, "model_string": "resnet101", "min_batch_size": 64, "dataset": "CIFAR", "placement": [2, 2], "use_nccl": false, "devices_per_worker": 1, "primary_resource": "extra_gpu", "gpu": false, "verbose": false, "trial_id": "bc654a40", "batch_per_device": 64}, "time_since_restore": 14.77817177772522, "timesteps_since_restore": 0, "iterations_since_restore": 1, "train_throughput": 173.22730993742022, "locations": {"3653373259e149641d3dd8fe1501fac10cd71007": 2, "12c29e099e962cda4b88394b8824c087a2a68318": 2}}
{"data_this_epoch": 2560, "total_data_processed": 5120, "epochs_processed": 0.1024, "num_workers": 4, "time_since_start": 36.707945823669434, "done": false, "timesteps_total": null, "episodes_total": null, "training_iteration": 2, "experiment_id": "670a8396693a4a6fb8f96daa33e165d6", "date": "2019-04-24_20-42-54", "timestamp": 1556138574, "time_this_iter_s": 12.317076683044434, "time_total_s": 27.095248460769653, "pid": 11735, "hostname": "ip-172-31-95-70", "node_ip": "172.31.95.70", "config": {"starting_lr": 0.1, "momentum": 0.9, "weight_decay": 0.0005, "steps_per_iteration": null, "pin": false, "model_creator": null, "target_batch_size": 64, "model_string": "resnet101", "min_batch_size": 64, "dataset": "CIFAR", "placement": [2, 2], "use_nccl": false, "devices_per_worker": 1, "primary_resource": "extra_gpu", "gpu": false, "verbose": false, "trial_id": "bc654a40", "batch_per_device": 64}, "time_since_restore": 27.095248460769653, "timesteps_since_restore": 0, "iterations_since_restore": 2, "train_throughput": 188.96176716032068, "locations": {"3653373259e149641d3dd8fe1501fac10cd71007": 2, "12c29e099e962cda4b88394b8824c087a2a68318": 2}}
{"data_this_epoch": 2560, "total_data_processed": 7680, "epochs_processed": 0.1536, "num_workers": 4, "time_since_start": 48.60318183898926, "done": false, "timesteps_total": null, "episodes_total": null, "training_iteration": 3, "experiment_id": "670a8396693a4a6fb8f96daa33e165d6", "date": "2019-04-24_20-43-06", "timestamp": 1556138586, "time_this_iter_s": 11.888106107711792, "time_total_s": 38.983354568481445, "pid": 11735, "hostname": "ip-172-31-95-70", "node_ip": "172.31.95.70", "config": {"starting_lr": 0.1, "momentum": 0.9, "weight_decay": 0.0005, "steps_per_iteration": null, "pin": false, "model_creator": null, "target_batch_size": 64, "model_string": "resnet101", "min_batch_size": 64, "dataset": "CIFAR", "placement": [2, 2], "use_nccl": false, "devices_per_worker": 1, "primary_resource": "extra_gpu", "gpu": false, "verbose": false, "trial_id": "bc654a40", "batch_per_device": 64}, "time_since_restore": 38.983354568481445, "timesteps_since_restore": 0, "iterations_since_restore": 3, "train_throughput": 211.52356327891067, "locations": {"3653373259e149641d3dd8fe1501fac10cd71007": 2, "12c29e099e962cda4b88394b8824c087a2a68318": 2}}
{"data_this_epoch": 2560, "total_data_processed": 10240, "epochs_processed": 0.2048, "num_workers": 4, "time_since_start": 59.6882438659668, "done": false, "timesteps_total": null, "episodes_total": null, "training_iteration": 4, "experiment_id": "670a8396693a4a6fb8f96daa33e165d6", "date": "2019-04-24_20-43-17", "timestamp": 1556138597, "time_this_iter_s": 11.077841997146606, "time_total_s": 50.06119656562805, "pid": 11735, "hostname": "ip-172-31-95-70", "node_ip": "172.31.95.70", "config": {"starting_lr": 0.1, "momentum": 0.9, "weight_decay": 0.0005, "steps_per_iteration": null, "pin": false, "model_creator": null, "target_batch_size": 64, "model_string": "resnet101", "min_batch_size": 64, "dataset": "CIFAR", "placement": [2, 2], "use_nccl": false, "devices_per_worker": 1, "primary_resource": "extra_gpu", "gpu": false, "verbose": false, "trial_id": "bc654a40", "batch_per_device": 64}, "time_since_restore": 50.06119656562805, "timesteps_since_restore": 0, "iterations_since_restore": 4, "train_throughput": 222.93722355573783, "locations": {"3653373259e149641d3dd8fe1501fac10cd71007": 2, "12c29e099e962cda4b88394b8824c087a2a68318": 2}}
{"data_this_epoch": 2560, "total_data_processed": 12800, "epochs_processed": 0.256, "num_workers": 4, "time_since_start": 70.73472952842712, "done": false, "timesteps_total": null, "episodes_total": null, "training_iteration": 5, "experiment_id": "670a8396693a4a6fb8f96daa33e165d6", "date": "2019-04-24_20-43-28", "timestamp": 1556138608, "time_this_iter_s": 11.03928256034851, "time_total_s": 61.10047912597656, "pid": 11735, "hostname": "ip-172-31-95-70", "node_ip": "172.31.95.70", "config": {"starting_lr": 0.1, "momentum": 0.9, "weight_decay": 0.0005, "steps_per_iteration": null, "pin": false, "model_creator": null, "target_batch_size": 64, "model_string": "resnet101", "min_batch_size": 64, "dataset": "CIFAR", "placement": [2, 2], "use_nccl": false, "devices_per_worker": 1, "primary_resource": "extra_gpu", "gpu": false, "verbose": false, "trial_id": "bc654a40", "batch_per_device": 64}, "time_since_restore": 61.10047912597656, "timesteps_since_restore": 0, "iterations_since_restore": 5, "train_throughput": 231.49309363797158, "locations": {"3653373259e149641d3dd8fe1501fac10cd71007": 2, "12c29e099e962cda4b88394b8824c087a2a68318": 2}}
{"data_this_epoch": 2560, "total_data_processed": 15360, "epochs_processed": 0.3072, "num_workers": 4, "time_since_start": 81.82668614387512, "done": false, "timesteps_total": null, "episodes_total": null, "training_iteration": 6, "experiment_id": "670a8396693a4a6fb8f96daa33e165d6", "date": "2019-04-24_20-43-39", "timestamp": 1556138619, "time_this_iter_s": 11.08478307723999, "time_total_s": 72.18526220321655, "pid": 11735, "hostname": "ip-172-31-95-70", "node_ip": "172.31.95.70", "config": {"starting_lr": 0.1, "momentum": 0.9, "weight_decay": 0.0005, "steps_per_iteration": null, "pin": false, "model_creator": null, "target_batch_size": 64, "model_string": "resnet101", "min_batch_size": 64, "dataset": "CIFAR", "placement": [2, 2], "use_nccl": false, "devices_per_worker": 1, "primary_resource": "extra_gpu", "gpu": false, "verbose": false, "trial_id": "bc654a40", "batch_per_device": 64}, "time_since_restore": 72.18526220321655, "timesteps_since_restore": 0, "iterations_since_restore": 6, "train_throughput": 231.42045437033877, "locations": {"3653373259e149641d3dd8fe1501fac10cd71007": 2, "12c29e099e962cda4b88394b8824c087a2a68318": 2}}
{"data_this_epoch": 2560, "total_data_processed": 17920, "epochs_processed": 0.3584, "num_workers": 4, "time_since_start": 92.97546195983887, "done": false, "timesteps_total": null, "episodes_total": null, "training_iteration": 7, "experiment_id": "670a8396693a4a6fb8f96daa33e165d6", "date": "2019-04-24_20-43-50", "timestamp": 1556138630, "time_this_iter_s": 11.14137578010559, "time_total_s": 83.32663798332214, "pid": 11735, "hostname": "ip-172-31-95-70", "node_ip": "172.31.95.70", "config": {"starting_lr": 0.1, "momentum": 0.9, "weight_decay": 0.0005, "steps_per_iteration": null, "pin": false, "model_creator": null, "target_batch_size": 64, "model_string": "resnet101", "min_batch_size": 64, "dataset": "CIFAR", "placement": [2, 2], "use_nccl": false, "devices_per_worker": 1, "primary_resource": "extra_gpu", "gpu": false, "verbose": false, "trial_id": "bc654a40", "batch_per_device": 64}, "time_since_restore": 83.32663798332214, "timesteps_since_restore": 0, "iterations_since_restore": 7, "train_throughput": 230.35701769413885, "locations": {"3653373259e149641d3dd8fe1501fac10cd71007": 2, "12c29e099e962cda4b88394b8824c087a2a68318": 2}}
{"data_this_epoch": 2560, "total_data_processed": 20480, "epochs_processed": 0.4096, "num_workers": 4, "time_since_start": 104.05116152763367, "done": false, "timesteps_total": null, "episodes_total": null, "training_iteration": 8, "experiment_id": "670a8396693a4a6fb8f96daa33e165d6", "date": "2019-04-24_20-44-01", "timestamp": 1556138641, "time_this_iter_s": 11.068305492401123, "time_total_s": 94.39494347572327, "pid": 11735, "hostname": "ip-172-31-95-70", "node_ip": "172.31.95.70", "config": {"starting_lr": 0.1, "momentum": 0.9, "weight_decay": 0.0005, "steps_per_iteration": null, "pin": false, "model_creator": null, "target_batch_size": 64, "model_string": "resnet101", "min_batch_size": 64, "dataset": "CIFAR", "placement": [2, 2], "use_nccl": false, "devices_per_worker": 1, "primary_resource": "extra_gpu", "gpu": false, "verbose": false, "trial_id": "bc654a40", "batch_per_device": 64}, "time_since_restore": 94.39494347572327, "timesteps_since_restore": 0, "iterations_since_restore": 8, "train_throughput": 230.52793757949382, "locations": {"3653373259e149641d3dd8fe1501fac10cd71007": 2, "12c29e099e962cda4b88394b8824c087a2a68318": 2}}
{"data_this_epoch": 2560, "total_data_processed": 23040, "epochs_processed": 0.4608, "num_workers": 4, "time_since_start": 114.64780330657959, "done": false, "timesteps_total": null, "episodes_total": null, "training_iteration": 9, "experiment_id": "670a8396693a4a6fb8f96daa33e165d6", "date": "2019-04-24_20-44-12", "timestamp": 1556138652, "time_this_iter_s": 10.58958649635315, "time_total_s": 104.98452997207642, "pid": 11735, "hostname": "ip-172-31-95-70", "node_ip": "172.31.95.70", "config": {"starting_lr": 0.1, "momentum": 0.9, "weight_decay": 0.0005, "steps_per_iteration": null, "pin": false, "model_creator": null, "target_batch_size": 64, "model_string": "resnet101", "min_batch_size": 64, "dataset": "CIFAR", "placement": [2, 2], "use_nccl": false, "devices_per_worker": 1, "primary_resource": "extra_gpu", "gpu": false, "verbose": false, "trial_id": "bc654a40", "batch_per_device": 64}, "time_since_restore": 104.98452997207642, "timesteps_since_restore": 0, "iterations_since_restore": 9, "train_throughput": 236.40166254987054, "locations": {"3653373259e149641d3dd8fe1501fac10cd71007": 2, "12c29e099e962cda4b88394b8824c087a2a68318": 2}}
{"data_this_epoch": 2560, "total_data_processed": 25600, "epochs_processed": 0.512, "num_workers": 4, "time_since_start": 125.19134306907654, "done": false, "timesteps_total": null, "episodes_total": null, "training_iteration": 10, "experiment_id": "670a8396693a4a6fb8f96daa33e165d6", "date": "2019-04-24_20-44-22", "timestamp": 1556138662, "time_this_iter_s": 10.536414623260498, "time_total_s": 115.52094459533691, "pid": 11735, "hostname": "ip-172-31-95-70", "node_ip": "172.31.95.70", "config": {"starting_lr": 0.1, "momentum": 0.9, "weight_decay": 0.0005, "steps_per_iteration": null, "pin": false, "model_creator": null, "target_batch_size": 64, "model_string": "resnet101", "min_batch_size": 64, "dataset": "CIFAR", "placement": [2, 2], "use_nccl": false, "devices_per_worker": 1, "primary_resource": "extra_gpu", "gpu": false, "verbose": false, "trial_id": "bc654a40", "batch_per_device": 64}, "time_since_restore": 115.52094459533691, "timesteps_since_restore": 0, "iterations_since_restore": 10, "train_throughput": 242.3535570443168, "locations": {"3653373259e149641d3dd8fe1501fac10cd71007": 2, "12c29e099e962cda4b88394b8824c087a2a68318": 2}}
{"data_this_epoch": 2560, "total_data_processed": 28160, "epochs_processed": 0.5632, "num_workers": 4, "time_since_start": 135.34355306625366, "done": false, "timesteps_total": null, "episodes_total": null, "training_iteration": 11, "experiment_id": "670a8396693a4a6fb8f96daa33e165d6", "date": "2019-04-24_20-44-33", "timestamp": 1556138673, "time_this_iter_s": 10.144988536834717, "time_total_s": 125.66593313217163, "pid": 11735, "hostname": "ip-172-31-95-70", "node_ip": "172.31.95.70", "config": {"starting_lr": 0.1, "momentum": 0.9, "weight_decay": 0.0005, "steps_per_iteration": null, "pin": false, "model_creator": null, "target_batch_size": 64, "model_string": "resnet101", "min_batch_size": 64, "dataset": "CIFAR", "placement": [2, 2], "use_nccl": false, "devices_per_worker": 1, "primary_resource": "extra_gpu", "gpu": false, "verbose": false, "trial_id": "bc654a40", "batch_per_device": 64}, "time_since_restore": 125.66593313217163, "timesteps_since_restore": 0, "iterations_since_restore": 11, "train_throughput": 247.56356094402452, "locations": {"3653373259e149641d3dd8fe1501fac10cd71007": 2, "12c29e099e962cda4b88394b8824c087a2a68318": 2}}
{"data_this_epoch": 2560, "total_data_processed": 30720, "epochs_processed": 0.6144, "num_workers": 4, "time_since_start": 145.62612342834473, "done": false, "timesteps_total": null, "episodes_total": null, "training_iteration": 12, "experiment_id": "670a8396693a4a6fb8f96daa33e165d6", "date": "2019-04-24_20-44-43", "timestamp": 1556138683, "time_this_iter_s": 10.275307416915894, "time_total_s": 135.94124054908752, "pid": 11735, "hostname": "ip-172-31-95-70", "node_ip": "172.31.95.70", "config": {"starting_lr": 0.1, "momentum": 0.9, "weight_decay": 0.0005, "steps_per_iteration": null, "pin": false, "model_creator": null, "target_batch_size": 64, "model_string": "resnet101", "min_batch_size": 64, "dataset": "CIFAR", "placement": [2, 2], "use_nccl": false, "devices_per_worker": 1, "primary_resource": "extra_gpu", "gpu": false, "verbose": false, "trial_id": "bc654a40", "batch_per_device": 64}, "time_since_restore": 135.94124054908752, "timesteps_since_restore": 0, "iterations_since_restore": 12, "train_throughput": 250.72908990158163, "locations": {"3653373259e149641d3dd8fe1501fac10cd71007": 2, "12c29e099e962cda4b88394b8824c087a2a68318": 2}}
{"data_this_epoch": 2560, "total_data_processed": 33280, "epochs_processed": 0.6656, "num_workers": 4, "time_since_start": 155.94060826301575, "done": false, "timesteps_total": null, "episodes_total": null, "training_iteration": 13, "experiment_id": "670a8396693a4a6fb8f96daa33e165d6", "date": "2019-04-24_20-44-53", "timestamp": 1556138693, "time_this_iter_s": 10.307526111602783, "time_total_s": 146.2487666606903, "pid": 11735, "hostname": "ip-172-31-95-70", "node_ip": "172.31.95.70", "config": {"starting_lr": 0.1, "momentum": 0.9, "weight_decay": 0.0005, "steps_per_iteration": null, "pin": false, "model_creator": null, "target_batch_size": 64, "model_string": "resnet101", "min_batch_size": 64, "dataset": "CIFAR", "placement": [2, 2], "use_nccl": false, "devices_per_worker": 1, "primary_resource": "extra_gpu", "gpu": false, "verbose": false, "trial_id": "bc654a40", "batch_per_device": 64}, "time_since_restore": 146.2487666606903, "timesteps_since_restore": 0, "iterations_since_restore": 13, "train_throughput": 248.74917860021222, "locations": {"3653373259e149641d3dd8fe1501fac10cd71007": 2, "12c29e099e962cda4b88394b8824c087a2a68318": 2}}
{"data_this_epoch": 2560, "total_data_processed": 35840, "epochs_processed": 0.7168, "num_workers": 4, "time_since_start": 166.08666515350342, "done": false, "timesteps_total": null, "episodes_total": null, "training_iteration": 14, "experiment_id": "670a8396693a4a6fb8f96daa33e165d6", "date": "2019-04-24_20-45-03", "timestamp": 1556138703, "time_this_iter_s": 10.139106035232544, "time_total_s": 156.38787269592285, "pid": 11735, "hostname": "ip-172-31-95-70", "node_ip": "172.31.95.70", "config": {"starting_lr": 0.1, "momentum": 0.9, "weight_decay": 0.0005, "steps_per_iteration": null, "pin": false, "model_creator": null, "target_batch_size": 64, "model_string": "resnet101", "min_batch_size": 64, "dataset": "CIFAR", "placement": [2, 2], "use_nccl": false, "devices_per_worker": 1, "primary_resource": "extra_gpu", "gpu": false, "verbose": false, "trial_id": "bc654a40", "batch_per_device": 64}, "time_since_restore": 156.38787269592285, "timesteps_since_restore": 0, "iterations_since_restore": 14, "train_throughput": 250.40613887887903, "locations": {"3653373259e149641d3dd8fe1501fac10cd71007": 2, "12c29e099e962cda4b88394b8824c087a2a68318": 2}}
{"data_this_epoch": 2560, "total_data_processed": 38400, "epochs_processed": 0.768, "num_workers": 4, "time_since_start": 176.3189263343811, "done": false, "timesteps_total": null, "episodes_total": null, "training_iteration": 15, "experiment_id": "670a8396693a4a6fb8f96daa33e165d6", "date": "2019-04-24_20-45-14", "timestamp": 1556138714, "time_this_iter_s": 10.225072622299194, "time_total_s": 166.61294531822205, "pid": 11735, "hostname": "ip-172-31-95-70", "node_ip": "172.31.95.70", "config": {"starting_lr": 0.1, "momentum": 0.9, "weight_decay": 0.0005, "steps_per_iteration": null, "pin": false, "model_creator": null, "target_batch_size": 64, "model_string": "resnet101", "min_batch_size": 64, "dataset": "CIFAR", "placement": [2, 2], "use_nccl": false, "devices_per_worker": 1, "primary_resource": "extra_gpu", "gpu": false, "verbose": false, "trial_id": "bc654a40", "batch_per_device": 64}, "time_since_restore": 166.61294531822205, "timesteps_since_restore": 0, "iterations_since_restore": 15, "train_throughput": 251.41998322784715, "locations": {"3653373259e149641d3dd8fe1501fac10cd71007": 2, "12c29e099e962cda4b88394b8824c087a2a68318": 2}}
{"data_this_epoch": 2560, "total_data_processed": 40960, "epochs_processed": 0.8192, "num_workers": 4, "time_since_start": 186.39275002479553, "done": false, "timesteps_total": null, "episodes_total": null, "training_iteration": 16, "experiment_id": "670a8396693a4a6fb8f96daa33e165d6", "date": "2019-04-24_20-45-24", "timestamp": 1556138724, "time_this_iter_s": 10.066951274871826, "time_total_s": 176.67989659309387, "pid": 11735, "hostname": "ip-172-31-95-70", "node_ip": "172.31.95.70", "config": {"starting_lr": 0.1, "momentum": 0.9, "weight_decay": 0.0005, "steps_per_iteration": null, "pin": false, "model_creator": null, "target_batch_size": 64, "model_string": "resnet101", "min_batch_size": 64, "dataset": "CIFAR", "placement": [2, 2], "use_nccl": false, "devices_per_worker": 1, "primary_resource": "extra_gpu", "gpu": false, "verbose": false, "trial_id": "bc654a40", "batch_per_device": 64}, "time_since_restore": 176.67989659309387, "timesteps_since_restore": 0, "iterations_since_restore": 16, "train_throughput": 252.31400113213772, "locations": {"3653373259e149641d3dd8fe1501fac10cd71007": 2, "12c29e099e962cda4b88394b8824c087a2a68318": 2}}
{"data_this_epoch": 2560, "total_data_processed": 43520, "epochs_processed": 0.8704, "num_workers": 4, "time_since_start": 196.48864126205444, "done": false, "timesteps_total": null, "episodes_total": null, "training_iteration": 17, "experiment_id": "670a8396693a4a6fb8f96daa33e165d6", "date": "2019-04-24_20-45-34", "timestamp": 1556138734, "time_this_iter_s": 10.089000463485718, "time_total_s": 186.7688970565796, "pid": 11735, "hostname": "ip-172-31-95-70", "node_ip": "172.31.95.70", "config": {"starting_lr": 0.1, "momentum": 0.9, "weight_decay": 0.0005, "steps_per_iteration": null, "pin": false, "model_creator": null, "target_batch_size": 64, "model_string": "resnet101", "min_batch_size": 64, "dataset": "CIFAR", "placement": [2, 2], "use_nccl": false, "devices_per_worker": 1, "primary_resource": "extra_gpu", "gpu": false, "verbose": false, "trial_id": "bc654a40", "batch_per_device": 64}, "time_since_restore": 186.7688970565796, "timesteps_since_restore": 0, "iterations_since_restore": 17, "train_throughput": 254.0174058191803, "locations": {"3653373259e149641d3dd8fe1501fac10cd71007": 2, "12c29e099e962cda4b88394b8824c087a2a68318": 2}}
{"data_this_epoch": 2560, "total_data_processed": 46080, "epochs_processed": 0.9216, "num_workers": 4, "time_since_start": 206.69326281547546, "done": false, "timesteps_total": null, "episodes_total": null, "training_iteration": 18, "experiment_id": "670a8396693a4a6fb8f96daa33e165d6", "date": "2019-04-24_20-45-44", "timestamp": 1556138744, "time_this_iter_s": 10.196497917175293, "time_total_s": 196.96539497375488, "pid": 11735, "hostname": "ip-172-31-95-70", "node_ip": "172.31.95.70", "config": {"starting_lr": 0.1, "momentum": 0.9, "weight_decay": 0.0005, "steps_per_iteration": null, "pin": false, "model_creator": null, "target_batch_size": 64, "model_string": "resnet101", "min_batch_size": 64, "dataset": "CIFAR", "placement": [2, 2], "use_nccl": false, "devices_per_worker": 1, "primary_resource": "extra_gpu", "gpu": false, "verbose": false, "trial_id": "bc654a40", "batch_per_device": 64}, "time_since_restore": 196.96539497375488, "timesteps_since_restore": 0, "iterations_since_restore": 18, "train_throughput": 252.39523111710534, "locations": {"3653373259e149641d3dd8fe1501fac10cd71007": 2, "12c29e099e962cda4b88394b8824c087a2a68318": 2}}
{"data_this_epoch": 2560, "total_data_processed": 48640, "epochs_processed": 0.9728, "num_workers": 4, "time_since_start": 216.95570063591003, "done": false, "timesteps_total": null, "episodes_total": null, "training_iteration": 19, "experiment_id": "670a8396693a4a6fb8f96daa33e165d6", "date": "2019-04-24_20-45-54", "timestamp": 1556138754, "time_this_iter_s": 10.254374980926514, "time_total_s": 207.2197699546814, "pid": 11735, "hostname": "ip-172-31-95-70", "node_ip": "172.31.95.70", "config": {"starting_lr": 0.1, "momentum": 0.9, "weight_decay": 0.0005, "steps_per_iteration": null, "pin": false, "model_creator": null, "target_batch_size": 64, "model_string": "resnet101", "min_batch_size": 64, "dataset": "CIFAR", "placement": [2, 2], "use_nccl": false, "devices_per_worker": 1, "primary_resource": "extra_gpu", "gpu": false, "verbose": false, "trial_id": "bc654a40", "batch_per_device": 64}, "time_since_restore": 207.2197699546814, "timesteps_since_restore": 0, "iterations_since_restore": 19, "train_throughput": 250.35423184354042, "locations": {"3653373259e149641d3dd8fe1501fac10cd71007": 2, "12c29e099e962cda4b88394b8824c087a2a68318": 2}}
{"data_this_epoch": 2560, "total_data_processed": 51200, "epochs_processed": 1.024, "num_workers": 4, "time_since_start": 227.3494770526886, "done": false, "timesteps_total": null, "episodes_total": null, "training_iteration": 20, "experiment_id": "670a8396693a4a6fb8f96daa33e165d6", "date": "2019-04-24_20-46-05", "timestamp": 1556138765, "time_this_iter_s": 10.386555433273315, "time_total_s": 217.6063253879547, "pid": 11735, "hostname": "ip-172-31-95-70", "node_ip": "172.31.95.70", "config": {"starting_lr": 0.1, "momentum": 0.9, "weight_decay": 0.0005, "steps_per_iteration": null, "pin": false, "model_creator": null, "target_batch_size": 64, "model_string": "resnet101", "min_batch_size": 64, "dataset": "CIFAR", "placement": [2, 2], "use_nccl": false, "devices_per_worker": 1, "primary_resource": "extra_gpu", "gpu": false, "verbose": false, "trial_id": "bc654a40", "batch_per_device": 64}, "time_since_restore": 217.6063253879547, "timesteps_since_restore": 0, "iterations_since_restore": 20, "train_throughput": 248.04900871237916, "locations": {"3653373259e149641d3dd8fe1501fac10cd71007": 2, "12c29e099e962cda4b88394b8824c087a2a68318": 2}}
{"data_this_epoch": 2560, "total_data_processed": 53760, "epochs_processed": 1.0752, "num_workers": 4, "time_since_start": 237.62157487869263, "done": false, "timesteps_total": null, "episodes_total": null, "training_iteration": 21, "experiment_id": "670a8396693a4a6fb8f96daa33e165d6", "date": "2019-04-24_20-46-15", "timestamp": 1556138775, "time_this_iter_s": 10.264745712280273, "time_total_s": 227.87107110023499, "pid": 11735, "hostname": "ip-172-31-95-70", "node_ip": "172.31.95.70", "config": {"starting_lr": 0.1, "momentum": 0.9, "weight_decay": 0.0005, "steps_per_iteration": null, "pin": false, "model_creator": null, "target_batch_size": 64, "model_string": "resnet101", "min_batch_size": 64, "dataset": "CIFAR", "placement": [2, 2], "use_nccl": false, "devices_per_worker": 1, "primary_resource": "extra_gpu", "gpu": false, "verbose": false, "trial_id": "bc654a40", "batch_per_device": 64}, "time_since_restore": 227.87107110023499, "timesteps_since_restore": 0, "iterations_since_restore": 21, "train_throughput": 247.9244293339399, "locations": {"3653373259e149641d3dd8fe1501fac10cd71007": 2, "12c29e099e962cda4b88394b8824c087a2a68318": 2}}
{"data_this_epoch": 2560, "total_data_processed": 56320, "epochs_processed": 1.1264, "num_workers": 4, "time_since_start": 247.6972734928131, "done": false, "timesteps_total": null, "episodes_total": null, "training_iteration": 22, "experiment_id": "670a8396693a4a6fb8f96daa33e165d6", "date": "2019-04-24_20-46-25", "timestamp": 1556138785, "time_this_iter_s": 10.068803548812866, "time_total_s": 237.93987464904785, "pid": 11735, "hostname": "ip-172-31-95-70", "node_ip": "172.31.95.70", "config": {"starting_lr": 0.1, "momentum": 0.9, "weight_decay": 0.0005, "steps_per_iteration": null, "pin": false, "model_creator": null, "target_batch_size": 64, "model_string": "resnet101", "min_batch_size": 64, "dataset": "CIFAR", "placement": [2, 2], "use_nccl": false, "devices_per_worker": 1, "primary_resource": "extra_gpu", "gpu": false, "verbose": false, "trial_id": "bc654a40", "batch_per_device": 64}, "time_since_restore": 237.93987464904785, "timesteps_since_restore": 0, "iterations_since_restore": 22, "train_throughput": 251.79869449209406, "locations": {"3653373259e149641d3dd8fe1501fac10cd71007": 2, "12c29e099e962cda4b88394b8824c087a2a68318": 2}}
{"data_this_epoch": 2560, "total_data_processed": 58880, "epochs_processed": 1.1776, "num_workers": 4, "time_since_start": 257.7365689277649, "done": true, "timesteps_total": null, "episodes_total": null, "training_iteration": 23, "experiment_id": "670a8396693a4a6fb8f96daa33e165d6", "date": "2019-04-24_20-46-35", "timestamp": 1556138795, "time_this_iter_s": 10.032471895217896, "time_total_s": 247.97234654426575, "pid": 11735, "hostname": "ip-172-31-95-70", "node_ip": "172.31.95.70", "config": {"starting_lr": 0.1, "momentum": 0.9, "weight_decay": 0.0005, "steps_per_iteration": null, "pin": false, "model_creator": null, "target_batch_size": 64, "model_string": "resnet101", "min_batch_size": 64, "dataset": "CIFAR", "placement": [2, 2], "use_nccl": false, "devices_per_worker": 1, "primary_resource": "extra_gpu", "gpu": false, "verbose": false, "trial_id": "bc654a40", "batch_per_device": 64}, "time_since_restore": 247.97234654426575, "timesteps_since_restore": 0, "iterations_since_restore": 23, "train_throughput": 254.70827206253003, "locations": {"3653373259e149641d3dd8fe1501fac10cd71007": 2, "12c29e099e962cda4b88394b8824c087a2a68318": 2}}
