data_this_epoch,total_data_processed,epochs_processed,num_workers,time_since_start,done,timesteps_total,episodes_total,training_iteration,experiment_id,date,timestamp,time_this_iter_s,time_total_s,pid,hostname,node_ip,config,time_since_restore,timesteps_since_restore,iterations_since_restore,train_throughput,locations
640,640,0.0128,1,14.743853569030762,False,,,1,be70b16d50b94d5baadfa0c44ab054c8,2019-04-24_20-42-32,1556138552,7.975989103317261,7.975989103317261,11740,ip-172-31-95-70,172.31.95.70,"{'starting_lr': 0.1, 'momentum': 0.9, 'weight_decay': 0.0005, 'steps_per_iteration': None, 'pin': False, 'model_creator': None, 'target_batch_size': 64, 'model_string': 'resnet101', 'min_batch_size': 64, 'dataset': 'CIFAR', 'placement': [2, 2], 'use_nccl': False, 'devices_per_worker': 1, 'primary_resource': 'extra_gpu', 'gpu': False, 'verbose': False, 'trial_id': '8e6f3c95', 'batch_per_device': 64}",7.975989103317261,0,1,80.23955097851972,{'12c29e099e962cda4b88394b8824c087a2a68318': 1}
640,1280,0.0256,1,21.40434765815735,False,,,2,be70b16d50b94d5baadfa0c44ab054c8,2019-04-24_20-42-39,1556138559,6.651618480682373,14.627607583999634,11740,ip-172-31-95-70,172.31.95.70,"{'starting_lr': 0.1, 'momentum': 0.9, 'weight_decay': 0.0005, 'steps_per_iteration': None, 'pin': False, 'model_creator': None, 'target_batch_size': 64, 'model_string': 'resnet101', 'min_batch_size': 64, 'dataset': 'CIFAR', 'placement': [2, 2], 'use_nccl': False, 'devices_per_worker': 1, 'primary_resource': 'extra_gpu', 'gpu': False, 'verbose': False, 'trial_id': '8e6f3c95', 'batch_per_device': 64}",14.627607583999634,0,2,87.50449762280965,{'12c29e099e962cda4b88394b8824c087a2a68318': 1}
640,1920,0.0384,1,28.09169626235962,False,,,3,be70b16d50b94d5baadfa0c44ab054c8,2019-04-24_20-42-45,1556138565,6.6803297996521,21.307937383651733,11740,ip-172-31-95-70,172.31.95.70,"{'starting_lr': 0.1, 'momentum': 0.9, 'weight_decay': 0.0005, 'steps_per_iteration': None, 'pin': False, 'model_creator': None, 'target_batch_size': 64, 'model_string': 'resnet101', 'min_batch_size': 64, 'dataset': 'CIFAR', 'placement': [2, 2], 'use_nccl': False, 'devices_per_worker': 1, 'primary_resource': 'extra_gpu', 'gpu': False, 'verbose': False, 'trial_id': '8e6f3c95', 'batch_per_device': 64}",21.307937383651733,0,3,96.00883679662832,{'12c29e099e962cda4b88394b8824c087a2a68318': 1}
640,2560,0.0512,1,34.56932020187378,False,,,4,be70b16d50b94d5baadfa0c44ab054c8,2019-04-24_20-42-52,1556138572,6.471004247665405,27.77894163131714,11740,ip-172-31-95-70,172.31.95.70,"{'starting_lr': 0.1, 'momentum': 0.9, 'weight_decay': 0.0005, 'steps_per_iteration': None, 'pin': False, 'model_creator': None, 'target_batch_size': 64, 'model_string': 'resnet101', 'min_batch_size': 64, 'dataset': 'CIFAR', 'placement': [2, 2], 'use_nccl': False, 'devices_per_worker': 1, 'primary_resource': 'extra_gpu', 'gpu': False, 'verbose': False, 'trial_id': '8e6f3c95', 'batch_per_device': 64}",27.77894163131714,0,4,97.32740703183565,{'12c29e099e962cda4b88394b8824c087a2a68318': 1}
640,3200,0.064,1,40.998207092285156,False,,,5,be70b16d50b94d5baadfa0c44ab054c8,2019-04-24_20-42-58,1556138578,6.4216835498809814,34.20062518119812,11740,ip-172-31-95-70,172.31.95.70,"{'starting_lr': 0.1, 'momentum': 0.9, 'weight_decay': 0.0005, 'steps_per_iteration': None, 'pin': False, 'model_creator': None, 'target_batch_size': 64, 'model_string': 'resnet101', 'min_batch_size': 64, 'dataset': 'CIFAR', 'placement': [2, 2], 'use_nccl': False, 'devices_per_worker': 1, 'primary_resource': 'extra_gpu', 'gpu': False, 'verbose': False, 'trial_id': '8e6f3c95', 'batch_per_device': 64}",34.20062518119812,0,5,99.27980645657719,{'12c29e099e962cda4b88394b8824c087a2a68318': 1}
640,3840,0.0768,1,46.89081811904907,False,,,6,be70b16d50b94d5baadfa0c44ab054c8,2019-04-24_20-43-04,1556138584,5.885530948638916,40.086156129837036,11740,ip-172-31-95-70,172.31.95.70,"{'starting_lr': 0.1, 'momentum': 0.9, 'weight_decay': 0.0005, 'steps_per_iteration': None, 'pin': False, 'model_creator': None, 'target_batch_size': 64, 'model_string': 'resnet101', 'min_batch_size': 64, 'dataset': 'CIFAR', 'placement': [2, 2], 'use_nccl': False, 'devices_per_worker': 1, 'primary_resource': 'extra_gpu', 'gpu': False, 'verbose': False, 'trial_id': '8e6f3c95', 'batch_per_device': 64}",40.086156129837036,0,6,104.00263335219908,{'12c29e099e962cda4b88394b8824c087a2a68318': 1}
640,4480,0.0896,1,52.561965227127075,False,,,7,be70b16d50b94d5baadfa0c44ab054c8,2019-04-24_20-43-10,1556138590,5.663502931594849,45.749659061431885,11740,ip-172-31-95-70,172.31.95.70,"{'starting_lr': 0.1, 'momentum': 0.9, 'weight_decay': 0.0005, 'steps_per_iteration': None, 'pin': False, 'model_creator': None, 'target_batch_size': 64, 'model_string': 'resnet101', 'min_batch_size': 64, 'dataset': 'CIFAR', 'placement': [2, 2], 'use_nccl': False, 'devices_per_worker': 1, 'primary_resource': 'extra_gpu', 'gpu': False, 'verbose': False, 'trial_id': '8e6f3c95', 'batch_per_device': 64}",45.749659061431885,0,7,110.83025316640445,{'12c29e099e962cda4b88394b8824c087a2a68318': 1}
640,5120,0.1024,1,58.06495642662048,False,,,8,be70b16d50b94d5baadfa0c44ab054c8,2019-04-24_20-43-15,1556138595,5.4753923416137695,51.225051403045654,11740,ip-172-31-95-70,172.31.95.70,"{'starting_lr': 0.1, 'momentum': 0.9, 'weight_decay': 0.0005, 'steps_per_iteration': None, 'pin': False, 'model_creator': None, 'target_batch_size': 64, 'model_string': 'resnet101', 'min_batch_size': 64, 'dataset': 'CIFAR', 'placement': [2, 2], 'use_nccl': False, 'devices_per_worker': 1, 'primary_resource': 'extra_gpu', 'gpu': False, 'verbose': False, 'trial_id': '8e6f3c95', 'batch_per_device': 64}",51.225051403045654,0,8,114.9109650755976,{'12c29e099e962cda4b88394b8824c087a2a68318': 1}
640,5760,0.1152,1,63.66402077674866,False,,,9,be70b16d50b94d5baadfa0c44ab054c8,2019-04-24_20-43-21,1556138601,5.592090606689453,56.81714200973511,11740,ip-172-31-95-70,172.31.95.70,"{'starting_lr': 0.1, 'momentum': 0.9, 'weight_decay': 0.0005, 'steps_per_iteration': None, 'pin': False, 'model_creator': None, 'target_batch_size': 64, 'model_string': 'resnet101', 'min_batch_size': 64, 'dataset': 'CIFAR', 'placement': [2, 2], 'use_nccl': False, 'devices_per_worker': 1, 'primary_resource': 'extra_gpu', 'gpu': False, 'verbose': False, 'trial_id': '8e6f3c95', 'batch_per_device': 64}",56.81714200973511,0,9,115.65233605818595,{'12c29e099e962cda4b88394b8824c087a2a68318': 1}
640,6400,0.128,1,69.22243452072144,False,,,10,be70b16d50b94d5baadfa0c44ab054c8,2019-04-24_20-43-26,1556138606,5.5511791706085205,62.36832118034363,11740,ip-172-31-95-70,172.31.95.70,"{'starting_lr': 0.1, 'momentum': 0.9, 'weight_decay': 0.0005, 'steps_per_iteration': None, 'pin': False, 'model_creator': None, 'target_batch_size': 64, 'model_string': 'resnet101', 'min_batch_size': 64, 'dataset': 'CIFAR', 'placement': [2, 2], 'use_nccl': False, 'devices_per_worker': 1, 'primary_resource': 'extra_gpu', 'gpu': False, 'verbose': False, 'trial_id': '8e6f3c95', 'batch_per_device': 64}",62.36832118034363,0,10,114.86584294829717,{'12c29e099e962cda4b88394b8824c087a2a68318': 1}
640,7040,0.1408,1,74.67160391807556,False,,,11,be70b16d50b94d5baadfa0c44ab054c8,2019-04-24_20-43-32,1556138612,5.44189190864563,67.81021308898926,11740,ip-172-31-95-70,172.31.95.70,"{'starting_lr': 0.1, 'momentum': 0.9, 'weight_decay': 0.0005, 'steps_per_iteration': None, 'pin': False, 'model_creator': None, 'target_batch_size': 64, 'model_string': 'resnet101', 'min_batch_size': 64, 'dataset': 'CIFAR', 'placement': [2, 2], 'use_nccl': False, 'devices_per_worker': 1, 'primary_resource': 'extra_gpu', 'gpu': False, 'verbose': False, 'trial_id': '8e6f3c95', 'batch_per_device': 64}",67.81021308898926,0,11,116.43529336495409,{'12c29e099e962cda4b88394b8824c087a2a68318': 1}
640,7680,0.1536,1,79.82109689712524,False,,,12,be70b16d50b94d5baadfa0c44ab054c8,2019-04-24_20-43-37,1556138617,5.121236085891724,72.93144917488098,11740,ip-172-31-95-70,172.31.95.70,"{'starting_lr': 0.1, 'momentum': 0.9, 'weight_decay': 0.0005, 'steps_per_iteration': None, 'pin': False, 'model_creator': None, 'target_batch_size': 64, 'model_string': 'resnet101', 'min_batch_size': 64, 'dataset': 'CIFAR', 'placement': [2, 2], 'use_nccl': False, 'devices_per_worker': 1, 'primary_resource': 'extra_gpu', 'gpu': False, 'verbose': False, 'trial_id': '8e6f3c95', 'batch_per_device': 64}",72.93144917488098,0,12,121.17431837389293,{'12c29e099e962cda4b88394b8824c087a2a68318': 1}
640,8320,0.1664,1,84.99983525276184,False,,,13,be70b16d50b94d5baadfa0c44ab054c8,2019-04-24_20-43-42,1556138622,5.1716272830963135,78.1030764579773,11740,ip-172-31-95-70,172.31.95.70,"{'starting_lr': 0.1, 'momentum': 0.9, 'weight_decay': 0.0005, 'steps_per_iteration': None, 'pin': False, 'model_creator': None, 'target_batch_size': 64, 'model_string': 'resnet101', 'min_batch_size': 64, 'dataset': 'CIFAR', 'placement': [2, 2], 'use_nccl': False, 'devices_per_worker': 1, 'primary_resource': 'extra_gpu', 'gpu': False, 'verbose': False, 'trial_id': '8e6f3c95', 'batch_per_device': 64}",78.1030764579773,0,13,124.35600459871138,{'12c29e099e962cda4b88394b8824c087a2a68318': 1}
640,8960,0.1792,1,90.2638328075409,False,,,14,be70b16d50b94d5baadfa0c44ab054c8,2019-04-24_20-43-47,1556138627,5.257236003875732,83.36031246185303,11740,ip-172-31-95-70,172.31.95.70,"{'starting_lr': 0.1, 'momentum': 0.9, 'weight_decay': 0.0005, 'steps_per_iteration': None, 'pin': False, 'model_creator': None, 'target_batch_size': 64, 'model_string': 'resnet101', 'min_batch_size': 64, 'dataset': 'CIFAR', 'placement': [2, 2], 'use_nccl': False, 'devices_per_worker': 1, 'primary_resource': 'extra_gpu', 'gpu': False, 'verbose': False, 'trial_id': '8e6f3c95', 'batch_per_device': 64}",83.36031246185303,0,14,122.73435221395826,{'12c29e099e962cda4b88394b8824c087a2a68318': 1}
640,9600,0.192,1,95.7648572921753,False,,,15,be70b16d50b94d5baadfa0c44ab054c8,2019-04-24_20-43-53,1556138633,5.493899822235107,88.85421228408813,11740,ip-172-31-95-70,172.31.95.70,"{'starting_lr': 0.1, 'momentum': 0.9, 'weight_decay': 0.0005, 'steps_per_iteration': None, 'pin': False, 'model_creator': None, 'target_batch_size': 64, 'model_string': 'resnet101', 'min_batch_size': 64, 'dataset': 'CIFAR', 'placement': [2, 2], 'use_nccl': False, 'devices_per_worker': 1, 'primary_resource': 'extra_gpu', 'gpu': False, 'verbose': False, 'trial_id': '8e6f3c95', 'batch_per_device': 64}",88.85421228408813,0,15,119.05535841895498,{'12c29e099e962cda4b88394b8824c087a2a68318': 1}
640,10240,0.2048,1,100.98521113395691,False,,,16,be70b16d50b94d5baadfa0c44ab054c8,2019-04-24_20-43-58,1556138638,5.190061330795288,94.04427361488342,11740,ip-172-31-95-70,172.31.95.70,"{'starting_lr': 0.1, 'momentum': 0.9, 'weight_decay': 0.0005, 'steps_per_iteration': None, 'pin': False, 'model_creator': None, 'target_batch_size': 64, 'model_string': 'resnet101', 'min_batch_size': 64, 'dataset': 'CIFAR', 'placement': [2, 2], 'use_nccl': False, 'devices_per_worker': 1, 'primary_resource': 'extra_gpu', 'gpu': False, 'verbose': False, 'trial_id': '8e6f3c95', 'batch_per_device': 64}",94.04427361488342,0,16,119.80395271368089,{'12c29e099e962cda4b88394b8824c087a2a68318': 1}
640,10880,0.2176,1,106.11171078681946,False,,,17,be70b16d50b94d5baadfa0c44ab054c8,2019-04-24_20-44-03,1556138643,5.119117736816406,99.16339135169983,11740,ip-172-31-95-70,172.31.95.70,"{'starting_lr': 0.1, 'momentum': 0.9, 'weight_decay': 0.0005, 'steps_per_iteration': None, 'pin': False, 'model_creator': None, 'target_batch_size': 64, 'model_string': 'resnet101', 'min_batch_size': 64, 'dataset': 'CIFAR', 'placement': [2, 2], 'use_nccl': False, 'devices_per_worker': 1, 'primary_resource': 'extra_gpu', 'gpu': False, 'verbose': False, 'trial_id': '8e6f3c95', 'batch_per_device': 64}",99.16339135169983,0,17,124.15906514467326,{'12c29e099e962cda4b88394b8824c087a2a68318': 1}
640,11520,0.2304,1,111.44569730758667,False,,,18,be70b16d50b94d5baadfa0c44ab054c8,2019-04-24_20-44-09,1556138649,5.237395763397217,104.40078711509705,11740,ip-172-31-95-70,172.31.95.70,"{'starting_lr': 0.1, 'momentum': 0.9, 'weight_decay': 0.0005, 'steps_per_iteration': None, 'pin': False, 'model_creator': None, 'target_batch_size': 64, 'model_string': 'resnet101', 'min_batch_size': 64, 'dataset': 'CIFAR', 'placement': [2, 2], 'use_nccl': False, 'devices_per_worker': 1, 'primary_resource': 'extra_gpu', 'gpu': False, 'verbose': False, 'trial_id': '8e6f3c95', 'batch_per_device': 64}",104.40078711509705,0,18,123.59147225584844,{'12c29e099e962cda4b88394b8824c087a2a68318': 1}
640,12160,0.2432,1,116.40830206871033,False,,,19,be70b16d50b94d5baadfa0c44ab054c8,2019-04-24_20-44-14,1556138654,4.955424070358276,109.35621118545532,11740,ip-172-31-95-70,172.31.95.70,"{'starting_lr': 0.1, 'momentum': 0.9, 'weight_decay': 0.0005, 'steps_per_iteration': None, 'pin': False, 'model_creator': None, 'target_batch_size': 64, 'model_string': 'resnet101', 'min_batch_size': 64, 'dataset': 'CIFAR', 'placement': [2, 2], 'use_nccl': False, 'devices_per_worker': 1, 'primary_resource': 'extra_gpu', 'gpu': False, 'verbose': False, 'trial_id': '8e6f3c95', 'batch_per_device': 64}",109.35621118545532,0,19,125.57655709274776,{'12c29e099e962cda4b88394b8824c087a2a68318': 1}
640,12800,0.256,1,121.6233983039856,False,,,20,be70b16d50b94d5baadfa0c44ab054c8,2019-04-24_20-44-19,1556138659,5.210216283798218,114.56642746925354,11740,ip-172-31-95-70,172.31.95.70,"{'starting_lr': 0.1, 'momentum': 0.9, 'weight_decay': 0.0005, 'steps_per_iteration': None, 'pin': False, 'model_creator': None, 'target_batch_size': 64, 'model_string': 'resnet101', 'min_batch_size': 64, 'dataset': 'CIFAR', 'placement': [2, 2], 'use_nccl': False, 'devices_per_worker': 1, 'primary_resource': 'extra_gpu', 'gpu': False, 'verbose': False, 'trial_id': '8e6f3c95', 'batch_per_device': 64}",114.56642746925354,0,20,125.91228014258573,{'12c29e099e962cda4b88394b8824c087a2a68318': 1}
640,13440,0.2688,1,126.63374900817871,True,,,21,be70b16d50b94d5baadfa0c44ab054c8,2019-04-24_20-44-24,1556138664,5.003194332122803,119.56962180137634,11740,ip-172-31-95-70,172.31.95.70,"{'starting_lr': 0.1, 'momentum': 0.9, 'weight_decay': 0.0005, 'steps_per_iteration': None, 'pin': False, 'model_creator': None, 'target_batch_size': 64, 'model_string': 'resnet101', 'min_batch_size': 64, 'dataset': 'CIFAR', 'placement': [2, 2], 'use_nccl': False, 'devices_per_worker': 1, 'primary_resource': 'extra_gpu', 'gpu': False, 'verbose': False, 'trial_id': '8e6f3c95', 'batch_per_device': 64}",119.56962180137634,0,21,125.32332192632452,{'12c29e099e962cda4b88394b8824c087a2a68318': 1}
