{"data_this_epoch": 640, "total_data_processed": 640, "epochs_processed": 0.0128, "num_workers": 1, "time_since_start": 14.743853569030762, "done": false, "timesteps_total": null, "episodes_total": null, "training_iteration": 1, "experiment_id": "be70b16d50b94d5baadfa0c44ab054c8", "date": "2019-04-24_20-42-32", "timestamp": 1556138552, "time_this_iter_s": 7.975989103317261, "time_total_s": 7.975989103317261, "pid": 11740, "hostname": "ip-172-31-95-70", "node_ip": "172.31.95.70", "config": {"starting_lr": 0.1, "momentum": 0.9, "weight_decay": 0.0005, "steps_per_iteration": null, "pin": false, "model_creator": null, "target_batch_size": 64, "model_string": "resnet101", "min_batch_size": 64, "dataset": "CIFAR", "placement": [2, 2], "use_nccl": false, "devices_per_worker": 1, "primary_resource": "extra_gpu", "gpu": false, "verbose": false, "trial_id": "8e6f3c95", "batch_per_device": 64}, "time_since_restore": 7.975989103317261, "timesteps_since_restore": 0, "iterations_since_restore": 1, "train_throughput": 80.23955097851972, "locations": {"12c29e099e962cda4b88394b8824c087a2a68318": 1}}
{"data_this_epoch": 640, "total_data_processed": 1280, "epochs_processed": 0.0256, "num_workers": 1, "time_since_start": 21.40434765815735, "done": false, "timesteps_total": null, "episodes_total": null, "training_iteration": 2, "experiment_id": "be70b16d50b94d5baadfa0c44ab054c8", "date": "2019-04-24_20-42-39", "timestamp": 1556138559, "time_this_iter_s": 6.651618480682373, "time_total_s": 14.627607583999634, "pid": 11740, "hostname": "ip-172-31-95-70", "node_ip": "172.31.95.70", "config": {"starting_lr": 0.1, "momentum": 0.9, "weight_decay": 0.0005, "steps_per_iteration": null, "pin": false, "model_creator": null, "target_batch_size": 64, "model_string": "resnet101", "min_batch_size": 64, "dataset": "CIFAR", "placement": [2, 2], "use_nccl": false, "devices_per_worker": 1, "primary_resource": "extra_gpu", "gpu": false, "verbose": false, "trial_id": "8e6f3c95", "batch_per_device": 64}, "time_since_restore": 14.627607583999634, "timesteps_since_restore": 0, "iterations_since_restore": 2, "train_throughput": 87.50449762280965, "locations": {"12c29e099e962cda4b88394b8824c087a2a68318": 1}}
{"data_this_epoch": 640, "total_data_processed": 1920, "epochs_processed": 0.0384, "num_workers": 1, "time_since_start": 28.09169626235962, "done": false, "timesteps_total": null, "episodes_total": null, "training_iteration": 3, "experiment_id": "be70b16d50b94d5baadfa0c44ab054c8", "date": "2019-04-24_20-42-45", "timestamp": 1556138565, "time_this_iter_s": 6.6803297996521, "time_total_s": 21.307937383651733, "pid": 11740, "hostname": "ip-172-31-95-70", "node_ip": "172.31.95.70", "config": {"starting_lr": 0.1, "momentum": 0.9, "weight_decay": 0.0005, "steps_per_iteration": null, "pin": false, "model_creator": null, "target_batch_size": 64, "model_string": "resnet101", "min_batch_size": 64, "dataset": "CIFAR", "placement": [2, 2], "use_nccl": false, "devices_per_worker": 1, "primary_resource": "extra_gpu", "gpu": false, "verbose": false, "trial_id": "8e6f3c95", "batch_per_device": 64}, "time_since_restore": 21.307937383651733, "timesteps_since_restore": 0, "iterations_since_restore": 3, "train_throughput": 96.00883679662832, "locations": {"12c29e099e962cda4b88394b8824c087a2a68318": 1}}
{"data_this_epoch": 640, "total_data_processed": 2560, "epochs_processed": 0.0512, "num_workers": 1, "time_since_start": 34.56932020187378, "done": false, "timesteps_total": null, "episodes_total": null, "training_iteration": 4, "experiment_id": "be70b16d50b94d5baadfa0c44ab054c8", "date": "2019-04-24_20-42-52", "timestamp": 1556138572, "time_this_iter_s": 6.471004247665405, "time_total_s": 27.77894163131714, "pid": 11740, "hostname": "ip-172-31-95-70", "node_ip": "172.31.95.70", "config": {"starting_lr": 0.1, "momentum": 0.9, "weight_decay": 0.0005, "steps_per_iteration": null, "pin": false, "model_creator": null, "target_batch_size": 64, "model_string": "resnet101", "min_batch_size": 64, "dataset": "CIFAR", "placement": [2, 2], "use_nccl": false, "devices_per_worker": 1, "primary_resource": "extra_gpu", "gpu": false, "verbose": false, "trial_id": "8e6f3c95", "batch_per_device": 64}, "time_since_restore": 27.77894163131714, "timesteps_since_restore": 0, "iterations_since_restore": 4, "train_throughput": 97.32740703183565, "locations": {"12c29e099e962cda4b88394b8824c087a2a68318": 1}}
{"data_this_epoch": 640, "total_data_processed": 3200, "epochs_processed": 0.064, "num_workers": 1, "time_since_start": 40.998207092285156, "done": false, "timesteps_total": null, "episodes_total": null, "training_iteration": 5, "experiment_id": "be70b16d50b94d5baadfa0c44ab054c8", "date": "2019-04-24_20-42-58", "timestamp": 1556138578, "time_this_iter_s": 6.4216835498809814, "time_total_s": 34.20062518119812, "pid": 11740, "hostname": "ip-172-31-95-70", "node_ip": "172.31.95.70", "config": {"starting_lr": 0.1, "momentum": 0.9, "weight_decay": 0.0005, "steps_per_iteration": null, "pin": false, "model_creator": null, "target_batch_size": 64, "model_string": "resnet101", "min_batch_size": 64, "dataset": "CIFAR", "placement": [2, 2], "use_nccl": false, "devices_per_worker": 1, "primary_resource": "extra_gpu", "gpu": false, "verbose": false, "trial_id": "8e6f3c95", "batch_per_device": 64}, "time_since_restore": 34.20062518119812, "timesteps_since_restore": 0, "iterations_since_restore": 5, "train_throughput": 99.27980645657719, "locations": {"12c29e099e962cda4b88394b8824c087a2a68318": 1}}
{"data_this_epoch": 640, "total_data_processed": 3840, "epochs_processed": 0.0768, "num_workers": 1, "time_since_start": 46.89081811904907, "done": false, "timesteps_total": null, "episodes_total": null, "training_iteration": 6, "experiment_id": "be70b16d50b94d5baadfa0c44ab054c8", "date": "2019-04-24_20-43-04", "timestamp": 1556138584, "time_this_iter_s": 5.885530948638916, "time_total_s": 40.086156129837036, "pid": 11740, "hostname": "ip-172-31-95-70", "node_ip": "172.31.95.70", "config": {"starting_lr": 0.1, "momentum": 0.9, "weight_decay": 0.0005, "steps_per_iteration": null, "pin": false, "model_creator": null, "target_batch_size": 64, "model_string": "resnet101", "min_batch_size": 64, "dataset": "CIFAR", "placement": [2, 2], "use_nccl": false, "devices_per_worker": 1, "primary_resource": "extra_gpu", "gpu": false, "verbose": false, "trial_id": "8e6f3c95", "batch_per_device": 64}, "time_since_restore": 40.086156129837036, "timesteps_since_restore": 0, "iterations_since_restore": 6, "train_throughput": 104.00263335219908, "locations": {"12c29e099e962cda4b88394b8824c087a2a68318": 1}}
{"data_this_epoch": 640, "total_data_processed": 4480, "epochs_processed": 0.0896, "num_workers": 1, "time_since_start": 52.561965227127075, "done": false, "timesteps_total": null, "episodes_total": null, "training_iteration": 7, "experiment_id": "be70b16d50b94d5baadfa0c44ab054c8", "date": "2019-04-24_20-43-10", "timestamp": 1556138590, "time_this_iter_s": 5.663502931594849, "time_total_s": 45.749659061431885, "pid": 11740, "hostname": "ip-172-31-95-70", "node_ip": "172.31.95.70", "config": {"starting_lr": 0.1, "momentum": 0.9, "weight_decay": 0.0005, "steps_per_iteration": null, "pin": false, "model_creator": null, "target_batch_size": 64, "model_string": "resnet101", "min_batch_size": 64, "dataset": "CIFAR", "placement": [2, 2], "use_nccl": false, "devices_per_worker": 1, "primary_resource": "extra_gpu", "gpu": false, "verbose": false, "trial_id": "8e6f3c95", "batch_per_device": 64}, "time_since_restore": 45.749659061431885, "timesteps_since_restore": 0, "iterations_since_restore": 7, "train_throughput": 110.83025316640445, "locations": {"12c29e099e962cda4b88394b8824c087a2a68318": 1}}
{"data_this_epoch": 640, "total_data_processed": 5120, "epochs_processed": 0.1024, "num_workers": 1, "time_since_start": 58.06495642662048, "done": false, "timesteps_total": null, "episodes_total": null, "training_iteration": 8, "experiment_id": "be70b16d50b94d5baadfa0c44ab054c8", "date": "2019-04-24_20-43-15", "timestamp": 1556138595, "time_this_iter_s": 5.4753923416137695, "time_total_s": 51.225051403045654, "pid": 11740, "hostname": "ip-172-31-95-70", "node_ip": "172.31.95.70", "config": {"starting_lr": 0.1, "momentum": 0.9, "weight_decay": 0.0005, "steps_per_iteration": null, "pin": false, "model_creator": null, "target_batch_size": 64, "model_string": "resnet101", "min_batch_size": 64, "dataset": "CIFAR", "placement": [2, 2], "use_nccl": false, "devices_per_worker": 1, "primary_resource": "extra_gpu", "gpu": false, "verbose": false, "trial_id": "8e6f3c95", "batch_per_device": 64}, "time_since_restore": 51.225051403045654, "timesteps_since_restore": 0, "iterations_since_restore": 8, "train_throughput": 114.9109650755976, "locations": {"12c29e099e962cda4b88394b8824c087a2a68318": 1}}
{"data_this_epoch": 640, "total_data_processed": 5760, "epochs_processed": 0.1152, "num_workers": 1, "time_since_start": 63.66402077674866, "done": false, "timesteps_total": null, "episodes_total": null, "training_iteration": 9, "experiment_id": "be70b16d50b94d5baadfa0c44ab054c8", "date": "2019-04-24_20-43-21", "timestamp": 1556138601, "time_this_iter_s": 5.592090606689453, "time_total_s": 56.81714200973511, "pid": 11740, "hostname": "ip-172-31-95-70", "node_ip": "172.31.95.70", "config": {"starting_lr": 0.1, "momentum": 0.9, "weight_decay": 0.0005, "steps_per_iteration": null, "pin": false, "model_creator": null, "target_batch_size": 64, "model_string": "resnet101", "min_batch_size": 64, "dataset": "CIFAR", "placement": [2, 2], "use_nccl": false, "devices_per_worker": 1, "primary_resource": "extra_gpu", "gpu": false, "verbose": false, "trial_id": "8e6f3c95", "batch_per_device": 64}, "time_since_restore": 56.81714200973511, "timesteps_since_restore": 0, "iterations_since_restore": 9, "train_throughput": 115.65233605818595, "locations": {"12c29e099e962cda4b88394b8824c087a2a68318": 1}}
{"data_this_epoch": 640, "total_data_processed": 6400, "epochs_processed": 0.128, "num_workers": 1, "time_since_start": 69.22243452072144, "done": false, "timesteps_total": null, "episodes_total": null, "training_iteration": 10, "experiment_id": "be70b16d50b94d5baadfa0c44ab054c8", "date": "2019-04-24_20-43-26", "timestamp": 1556138606, "time_this_iter_s": 5.5511791706085205, "time_total_s": 62.36832118034363, "pid": 11740, "hostname": "ip-172-31-95-70", "node_ip": "172.31.95.70", "config": {"starting_lr": 0.1, "momentum": 0.9, "weight_decay": 0.0005, "steps_per_iteration": null, "pin": false, "model_creator": null, "target_batch_size": 64, "model_string": "resnet101", "min_batch_size": 64, "dataset": "CIFAR", "placement": [2, 2], "use_nccl": false, "devices_per_worker": 1, "primary_resource": "extra_gpu", "gpu": false, "verbose": false, "trial_id": "8e6f3c95", "batch_per_device": 64}, "time_since_restore": 62.36832118034363, "timesteps_since_restore": 0, "iterations_since_restore": 10, "train_throughput": 114.86584294829717, "locations": {"12c29e099e962cda4b88394b8824c087a2a68318": 1}}
{"data_this_epoch": 640, "total_data_processed": 7040, "epochs_processed": 0.1408, "num_workers": 1, "time_since_start": 74.67160391807556, "done": false, "timesteps_total": null, "episodes_total": null, "training_iteration": 11, "experiment_id": "be70b16d50b94d5baadfa0c44ab054c8", "date": "2019-04-24_20-43-32", "timestamp": 1556138612, "time_this_iter_s": 5.44189190864563, "time_total_s": 67.81021308898926, "pid": 11740, "hostname": "ip-172-31-95-70", "node_ip": "172.31.95.70", "config": {"starting_lr": 0.1, "momentum": 0.9, "weight_decay": 0.0005, "steps_per_iteration": null, "pin": false, "model_creator": null, "target_batch_size": 64, "model_string": "resnet101", "min_batch_size": 64, "dataset": "CIFAR", "placement": [2, 2], "use_nccl": false, "devices_per_worker": 1, "primary_resource": "extra_gpu", "gpu": false, "verbose": false, "trial_id": "8e6f3c95", "batch_per_device": 64}, "time_since_restore": 67.81021308898926, "timesteps_since_restore": 0, "iterations_since_restore": 11, "train_throughput": 116.43529336495409, "locations": {"12c29e099e962cda4b88394b8824c087a2a68318": 1}}
{"data_this_epoch": 640, "total_data_processed": 7680, "epochs_processed": 0.1536, "num_workers": 1, "time_since_start": 79.82109689712524, "done": false, "timesteps_total": null, "episodes_total": null, "training_iteration": 12, "experiment_id": "be70b16d50b94d5baadfa0c44ab054c8", "date": "2019-04-24_20-43-37", "timestamp": 1556138617, "time_this_iter_s": 5.121236085891724, "time_total_s": 72.93144917488098, "pid": 11740, "hostname": "ip-172-31-95-70", "node_ip": "172.31.95.70", "config": {"starting_lr": 0.1, "momentum": 0.9, "weight_decay": 0.0005, "steps_per_iteration": null, "pin": false, "model_creator": null, "target_batch_size": 64, "model_string": "resnet101", "min_batch_size": 64, "dataset": "CIFAR", "placement": [2, 2], "use_nccl": false, "devices_per_worker": 1, "primary_resource": "extra_gpu", "gpu": false, "verbose": false, "trial_id": "8e6f3c95", "batch_per_device": 64}, "time_since_restore": 72.93144917488098, "timesteps_since_restore": 0, "iterations_since_restore": 12, "train_throughput": 121.17431837389293, "locations": {"12c29e099e962cda4b88394b8824c087a2a68318": 1}}
{"data_this_epoch": 640, "total_data_processed": 8320, "epochs_processed": 0.1664, "num_workers": 1, "time_since_start": 84.99983525276184, "done": false, "timesteps_total": null, "episodes_total": null, "training_iteration": 13, "experiment_id": "be70b16d50b94d5baadfa0c44ab054c8", "date": "2019-04-24_20-43-42", "timestamp": 1556138622, "time_this_iter_s": 5.1716272830963135, "time_total_s": 78.1030764579773, "pid": 11740, "hostname": "ip-172-31-95-70", "node_ip": "172.31.95.70", "config": {"starting_lr": 0.1, "momentum": 0.9, "weight_decay": 0.0005, "steps_per_iteration": null, "pin": false, "model_creator": null, "target_batch_size": 64, "model_string": "resnet101", "min_batch_size": 64, "dataset": "CIFAR", "placement": [2, 2], "use_nccl": false, "devices_per_worker": 1, "primary_resource": "extra_gpu", "gpu": false, "verbose": false, "trial_id": "8e6f3c95", "batch_per_device": 64}, "time_since_restore": 78.1030764579773, "timesteps_since_restore": 0, "iterations_since_restore": 13, "train_throughput": 124.35600459871138, "locations": {"12c29e099e962cda4b88394b8824c087a2a68318": 1}}
{"data_this_epoch": 640, "total_data_processed": 8960, "epochs_processed": 0.1792, "num_workers": 1, "time_since_start": 90.2638328075409, "done": false, "timesteps_total": null, "episodes_total": null, "training_iteration": 14, "experiment_id": "be70b16d50b94d5baadfa0c44ab054c8", "date": "2019-04-24_20-43-47", "timestamp": 1556138627, "time_this_iter_s": 5.257236003875732, "time_total_s": 83.36031246185303, "pid": 11740, "hostname": "ip-172-31-95-70", "node_ip": "172.31.95.70", "config": {"starting_lr": 0.1, "momentum": 0.9, "weight_decay": 0.0005, "steps_per_iteration": null, "pin": false, "model_creator": null, "target_batch_size": 64, "model_string": "resnet101", "min_batch_size": 64, "dataset": "CIFAR", "placement": [2, 2], "use_nccl": false, "devices_per_worker": 1, "primary_resource": "extra_gpu", "gpu": false, "verbose": false, "trial_id": "8e6f3c95", "batch_per_device": 64}, "time_since_restore": 83.36031246185303, "timesteps_since_restore": 0, "iterations_since_restore": 14, "train_throughput": 122.73435221395826, "locations": {"12c29e099e962cda4b88394b8824c087a2a68318": 1}}
{"data_this_epoch": 640, "total_data_processed": 9600, "epochs_processed": 0.192, "num_workers": 1, "time_since_start": 95.7648572921753, "done": false, "timesteps_total": null, "episodes_total": null, "training_iteration": 15, "experiment_id": "be70b16d50b94d5baadfa0c44ab054c8", "date": "2019-04-24_20-43-53", "timestamp": 1556138633, "time_this_iter_s": 5.493899822235107, "time_total_s": 88.85421228408813, "pid": 11740, "hostname": "ip-172-31-95-70", "node_ip": "172.31.95.70", "config": {"starting_lr": 0.1, "momentum": 0.9, "weight_decay": 0.0005, "steps_per_iteration": null, "pin": false, "model_creator": null, "target_batch_size": 64, "model_string": "resnet101", "min_batch_size": 64, "dataset": "CIFAR", "placement": [2, 2], "use_nccl": false, "devices_per_worker": 1, "primary_resource": "extra_gpu", "gpu": false, "verbose": false, "trial_id": "8e6f3c95", "batch_per_device": 64}, "time_since_restore": 88.85421228408813, "timesteps_since_restore": 0, "iterations_since_restore": 15, "train_throughput": 119.05535841895498, "locations": {"12c29e099e962cda4b88394b8824c087a2a68318": 1}}
{"data_this_epoch": 640, "total_data_processed": 10240, "epochs_processed": 0.2048, "num_workers": 1, "time_since_start": 100.98521113395691, "done": false, "timesteps_total": null, "episodes_total": null, "training_iteration": 16, "experiment_id": "be70b16d50b94d5baadfa0c44ab054c8", "date": "2019-04-24_20-43-58", "timestamp": 1556138638, "time_this_iter_s": 5.190061330795288, "time_total_s": 94.04427361488342, "pid": 11740, "hostname": "ip-172-31-95-70", "node_ip": "172.31.95.70", "config": {"starting_lr": 0.1, "momentum": 0.9, "weight_decay": 0.0005, "steps_per_iteration": null, "pin": false, "model_creator": null, "target_batch_size": 64, "model_string": "resnet101", "min_batch_size": 64, "dataset": "CIFAR", "placement": [2, 2], "use_nccl": false, "devices_per_worker": 1, "primary_resource": "extra_gpu", "gpu": false, "verbose": false, "trial_id": "8e6f3c95", "batch_per_device": 64}, "time_since_restore": 94.04427361488342, "timesteps_since_restore": 0, "iterations_since_restore": 16, "train_throughput": 119.80395271368089, "locations": {"12c29e099e962cda4b88394b8824c087a2a68318": 1}}
{"data_this_epoch": 640, "total_data_processed": 10880, "epochs_processed": 0.2176, "num_workers": 1, "time_since_start": 106.11171078681946, "done": false, "timesteps_total": null, "episodes_total": null, "training_iteration": 17, "experiment_id": "be70b16d50b94d5baadfa0c44ab054c8", "date": "2019-04-24_20-44-03", "timestamp": 1556138643, "time_this_iter_s": 5.119117736816406, "time_total_s": 99.16339135169983, "pid": 11740, "hostname": "ip-172-31-95-70", "node_ip": "172.31.95.70", "config": {"starting_lr": 0.1, "momentum": 0.9, "weight_decay": 0.0005, "steps_per_iteration": null, "pin": false, "model_creator": null, "target_batch_size": 64, "model_string": "resnet101", "min_batch_size": 64, "dataset": "CIFAR", "placement": [2, 2], "use_nccl": false, "devices_per_worker": 1, "primary_resource": "extra_gpu", "gpu": false, "verbose": false, "trial_id": "8e6f3c95", "batch_per_device": 64}, "time_since_restore": 99.16339135169983, "timesteps_since_restore": 0, "iterations_since_restore": 17, "train_throughput": 124.15906514467326, "locations": {"12c29e099e962cda4b88394b8824c087a2a68318": 1}}
{"data_this_epoch": 640, "total_data_processed": 11520, "epochs_processed": 0.2304, "num_workers": 1, "time_since_start": 111.44569730758667, "done": false, "timesteps_total": null, "episodes_total": null, "training_iteration": 18, "experiment_id": "be70b16d50b94d5baadfa0c44ab054c8", "date": "2019-04-24_20-44-09", "timestamp": 1556138649, "time_this_iter_s": 5.237395763397217, "time_total_s": 104.40078711509705, "pid": 11740, "hostname": "ip-172-31-95-70", "node_ip": "172.31.95.70", "config": {"starting_lr": 0.1, "momentum": 0.9, "weight_decay": 0.0005, "steps_per_iteration": null, "pin": false, "model_creator": null, "target_batch_size": 64, "model_string": "resnet101", "min_batch_size": 64, "dataset": "CIFAR", "placement": [2, 2], "use_nccl": false, "devices_per_worker": 1, "primary_resource": "extra_gpu", "gpu": false, "verbose": false, "trial_id": "8e6f3c95", "batch_per_device": 64}, "time_since_restore": 104.40078711509705, "timesteps_since_restore": 0, "iterations_since_restore": 18, "train_throughput": 123.59147225584844, "locations": {"12c29e099e962cda4b88394b8824c087a2a68318": 1}}
{"data_this_epoch": 640, "total_data_processed": 12160, "epochs_processed": 0.2432, "num_workers": 1, "time_since_start": 116.40830206871033, "done": false, "timesteps_total": null, "episodes_total": null, "training_iteration": 19, "experiment_id": "be70b16d50b94d5baadfa0c44ab054c8", "date": "2019-04-24_20-44-14", "timestamp": 1556138654, "time_this_iter_s": 4.955424070358276, "time_total_s": 109.35621118545532, "pid": 11740, "hostname": "ip-172-31-95-70", "node_ip": "172.31.95.70", "config": {"starting_lr": 0.1, "momentum": 0.9, "weight_decay": 0.0005, "steps_per_iteration": null, "pin": false, "model_creator": null, "target_batch_size": 64, "model_string": "resnet101", "min_batch_size": 64, "dataset": "CIFAR", "placement": [2, 2], "use_nccl": false, "devices_per_worker": 1, "primary_resource": "extra_gpu", "gpu": false, "verbose": false, "trial_id": "8e6f3c95", "batch_per_device": 64}, "time_since_restore": 109.35621118545532, "timesteps_since_restore": 0, "iterations_since_restore": 19, "train_throughput": 125.57655709274776, "locations": {"12c29e099e962cda4b88394b8824c087a2a68318": 1}}
{"data_this_epoch": 640, "total_data_processed": 12800, "epochs_processed": 0.256, "num_workers": 1, "time_since_start": 121.6233983039856, "done": false, "timesteps_total": null, "episodes_total": null, "training_iteration": 20, "experiment_id": "be70b16d50b94d5baadfa0c44ab054c8", "date": "2019-04-24_20-44-19", "timestamp": 1556138659, "time_this_iter_s": 5.210216283798218, "time_total_s": 114.56642746925354, "pid": 11740, "hostname": "ip-172-31-95-70", "node_ip": "172.31.95.70", "config": {"starting_lr": 0.1, "momentum": 0.9, "weight_decay": 0.0005, "steps_per_iteration": null, "pin": false, "model_creator": null, "target_batch_size": 64, "model_string": "resnet101", "min_batch_size": 64, "dataset": "CIFAR", "placement": [2, 2], "use_nccl": false, "devices_per_worker": 1, "primary_resource": "extra_gpu", "gpu": false, "verbose": false, "trial_id": "8e6f3c95", "batch_per_device": 64}, "time_since_restore": 114.56642746925354, "timesteps_since_restore": 0, "iterations_since_restore": 20, "train_throughput": 125.91228014258573, "locations": {"12c29e099e962cda4b88394b8824c087a2a68318": 1}}
{"data_this_epoch": 640, "total_data_processed": 13440, "epochs_processed": 0.2688, "num_workers": 1, "time_since_start": 126.63374900817871, "done": true, "timesteps_total": null, "episodes_total": null, "training_iteration": 21, "experiment_id": "be70b16d50b94d5baadfa0c44ab054c8", "date": "2019-04-24_20-44-24", "timestamp": 1556138664, "time_this_iter_s": 5.003194332122803, "time_total_s": 119.56962180137634, "pid": 11740, "hostname": "ip-172-31-95-70", "node_ip": "172.31.95.70", "config": {"starting_lr": 0.1, "momentum": 0.9, "weight_decay": 0.0005, "steps_per_iteration": null, "pin": false, "model_creator": null, "target_batch_size": 64, "model_string": "resnet101", "min_batch_size": 64, "dataset": "CIFAR", "placement": [2, 2], "use_nccl": false, "devices_per_worker": 1, "primary_resource": "extra_gpu", "gpu": false, "verbose": false, "trial_id": "8e6f3c95", "batch_per_device": 64}, "time_since_restore": 119.56962180137634, "timesteps_since_restore": 0, "iterations_since_restore": 21, "train_throughput": 125.32332192632452, "locations": {"12c29e099e962cda4b88394b8824c087a2a68318": 1}}
