data_this_epoch,total_data_processed,epochs_processed,num_workers,time_since_start,done,timesteps_total,episodes_total,training_iteration,experiment_id,date,timestamp,time_this_iter_s,time_total_s,pid,hostname,node_ip,config,time_since_restore,timesteps_since_restore,iterations_since_restore,train_throughput,locations
640,640,0.0128,1,19.392797708511353,False,,,1,33930da23fc94aefb5cb374975850e3f,2019-04-24_20-53-20,1556139200,8.1774582862854,8.1774582862854,12782,ip-172-31-95-70,172.31.95.70,"{'starting_lr': 0.1, 'momentum': 0.9, 'weight_decay': 0.0005, 'steps_per_iteration': None, 'pin': False, 'model_creator': None, 'target_batch_size': 64, 'model_string': 'resnet101', 'min_batch_size': 64, 'dataset': 'CIFAR', 'placement': [2, 2], 'use_nccl': False, 'devices_per_worker': 1, 'primary_resource': 'extra_gpu', 'gpu': False, 'verbose': False, 'trial_id': 'd9187f8e', 'batch_per_device': 64}",8.1774582862854,0,1,78.26302132388555,{'380757962a3b4ec9956943fe7f4543b3b5977a90': 1}
640,1280,0.0256,1,25.66650676727295,False,,,2,33930da23fc94aefb5cb374975850e3f,2019-04-24_20-53-26,1556139206,6.242296934127808,14.419755220413208,12782,ip-172-31-95-70,172.31.95.70,"{'starting_lr': 0.1, 'momentum': 0.9, 'weight_decay': 0.0005, 'steps_per_iteration': None, 'pin': False, 'model_creator': None, 'target_batch_size': 64, 'model_string': 'resnet101', 'min_batch_size': 64, 'dataset': 'CIFAR', 'placement': [2, 2], 'use_nccl': False, 'devices_per_worker': 1, 'primary_resource': 'extra_gpu', 'gpu': False, 'verbose': False, 'trial_id': 'd9187f8e', 'batch_per_device': 64}",14.419755220413208,0,2,88.7660372826313,{'380757962a3b4ec9956943fe7f4543b3b5977a90': 1}
640,1920,0.0384,1,31.384664297103882,False,,,3,33930da23fc94aefb5cb374975850e3f,2019-04-24_20-53-32,1556139212,5.710905075073242,20.13066029548645,12782,ip-172-31-95-70,172.31.95.70,"{'starting_lr': 0.1, 'momentum': 0.9, 'weight_decay': 0.0005, 'steps_per_iteration': None, 'pin': False, 'model_creator': None, 'target_batch_size': 64, 'model_string': 'resnet101', 'min_batch_size': 64, 'dataset': 'CIFAR', 'placement': [2, 2], 'use_nccl': False, 'devices_per_worker': 1, 'primary_resource': 'extra_gpu', 'gpu': False, 'verbose': False, 'trial_id': 'd9187f8e', 'batch_per_device': 64}",20.13066029548645,0,3,107.08270541750765,{'380757962a3b4ec9956943fe7f4543b3b5977a90': 1}
640,2560,0.0512,1,37.30302429199219,False,,,4,33930da23fc94aefb5cb374975850e3f,2019-04-24_20-53-38,1556139218,5.769611597061157,25.900271892547607,12782,ip-172-31-95-70,172.31.95.70,"{'starting_lr': 0.1, 'momentum': 0.9, 'weight_decay': 0.0005, 'steps_per_iteration': None, 'pin': False, 'model_creator': None, 'target_batch_size': 64, 'model_string': 'resnet101', 'min_batch_size': 64, 'dataset': 'CIFAR', 'placement': [2, 2], 'use_nccl': False, 'devices_per_worker': 1, 'primary_resource': 'extra_gpu', 'gpu': False, 'verbose': False, 'trial_id': 'd9187f8e', 'batch_per_device': 64}",25.900271892547607,0,4,111.49150573106526,{'380757962a3b4ec9956943fe7f4543b3b5977a90': 1}
640,3200,0.064,1,43.199479818344116,False,,,5,33930da23fc94aefb5cb374975850e3f,2019-04-24_20-53-44,1556139224,5.889239311218262,31.78951120376587,12782,ip-172-31-95-70,172.31.95.70,"{'starting_lr': 0.1, 'momentum': 0.9, 'weight_decay': 0.0005, 'steps_per_iteration': None, 'pin': False, 'model_creator': None, 'target_batch_size': 64, 'model_string': 'resnet101', 'min_batch_size': 64, 'dataset': 'CIFAR', 'placement': [2, 2], 'use_nccl': False, 'devices_per_worker': 1, 'primary_resource': 'extra_gpu', 'gpu': False, 'verbose': False, 'trial_id': 'd9187f8e', 'batch_per_device': 64}",31.78951120376587,0,5,109.78629264423478,{'380757962a3b4ec9956943fe7f4543b3b5977a90': 1}
640,3840,0.0768,1,48.93823170661926,False,,,6,33930da23fc94aefb5cb374975850e3f,2019-04-24_20-53-50,1556139230,5.731667757034302,37.52117896080017,12782,ip-172-31-95-70,172.31.95.70,"{'starting_lr': 0.1, 'momentum': 0.9, 'weight_decay': 0.0005, 'steps_per_iteration': None, 'pin': False, 'model_creator': None, 'target_batch_size': 64, 'model_string': 'resnet101', 'min_batch_size': 64, 'dataset': 'CIFAR', 'placement': [2, 2], 'use_nccl': False, 'devices_per_worker': 1, 'primary_resource': 'extra_gpu', 'gpu': False, 'verbose': False, 'trial_id': 'd9187f8e', 'batch_per_device': 64}",37.52117896080017,0,6,110.1447140741469,{'380757962a3b4ec9956943fe7f4543b3b5977a90': 1}
640,4480,0.0896,1,54.43792533874512,False,,,7,33930da23fc94aefb5cb374975850e3f,2019-04-24_20-53-55,1556139235,5.492314338684082,43.01349329948425,12782,ip-172-31-95-70,172.31.95.70,"{'starting_lr': 0.1, 'momentum': 0.9, 'weight_decay': 0.0005, 'steps_per_iteration': None, 'pin': False, 'model_creator': None, 'target_batch_size': 64, 'model_string': 'resnet101', 'min_batch_size': 64, 'dataset': 'CIFAR', 'placement': [2, 2], 'use_nccl': False, 'devices_per_worker': 1, 'primary_resource': 'extra_gpu', 'gpu': False, 'verbose': False, 'trial_id': 'd9187f8e', 'batch_per_device': 64}",43.01349329948425,0,7,114.0397947163981,{'380757962a3b4ec9956943fe7f4543b3b5977a90': 1}
640,5120,0.1024,1,59.84855651855469,False,,,8,33930da23fc94aefb5cb374975850e3f,2019-04-24_20-54-01,1556139241,5.403379440307617,48.41687273979187,12782,ip-172-31-95-70,172.31.95.70,"{'starting_lr': 0.1, 'momentum': 0.9, 'weight_decay': 0.0005, 'steps_per_iteration': None, 'pin': False, 'model_creator': None, 'target_batch_size': 64, 'model_string': 'resnet101', 'min_batch_size': 64, 'dataset': 'CIFAR', 'placement': [2, 2], 'use_nccl': False, 'devices_per_worker': 1, 'primary_resource': 'extra_gpu', 'gpu': False, 'verbose': False, 'trial_id': 'd9187f8e', 'batch_per_device': 64}",48.41687273979187,0,8,117.47579695695161,{'380757962a3b4ec9956943fe7f4543b3b5977a90': 1}
640,5760,0.1152,1,65.26608514785767,False,,,9,33930da23fc94aefb5cb374975850e3f,2019-04-24_20-54-06,1556139246,5.410616397857666,53.827489137649536,12782,ip-172-31-95-70,172.31.95.70,"{'starting_lr': 0.1, 'momentum': 0.9, 'weight_decay': 0.0005, 'steps_per_iteration': None, 'pin': False, 'model_creator': None, 'target_batch_size': 64, 'model_string': 'resnet101', 'min_batch_size': 64, 'dataset': 'CIFAR', 'placement': [2, 2], 'use_nccl': False, 'devices_per_worker': 1, 'primary_resource': 'extra_gpu', 'gpu': False, 'verbose': False, 'trial_id': 'd9187f8e', 'batch_per_device': 64}",53.827489137649536,0,9,118.36333507084868,{'380757962a3b4ec9956943fe7f4543b3b5977a90': 1}
640,6400,0.128,1,70.68407011032104,False,,,10,33930da23fc94aefb5cb374975850e3f,2019-04-24_20-54-11,1556139251,5.410719871520996,59.23820900917053,12782,ip-172-31-95-70,172.31.95.70,"{'starting_lr': 0.1, 'momentum': 0.9, 'weight_decay': 0.0005, 'steps_per_iteration': None, 'pin': False, 'model_creator': None, 'target_batch_size': 64, 'model_string': 'resnet101', 'min_batch_size': 64, 'dataset': 'CIFAR', 'placement': [2, 2], 'use_nccl': False, 'devices_per_worker': 1, 'primary_resource': 'extra_gpu', 'gpu': False, 'verbose': False, 'trial_id': 'd9187f8e', 'batch_per_device': 64}",59.23820900917053,0,10,118.28305476667761,{'380757962a3b4ec9956943fe7f4543b3b5977a90': 1}
640,7040,0.1408,1,76.00815749168396,False,,,11,33930da23fc94aefb5cb374975850e3f,2019-04-24_20-54-17,1556139257,5.3143346309661865,64.55254364013672,12782,ip-172-31-95-70,172.31.95.70,"{'starting_lr': 0.1, 'momentum': 0.9, 'weight_decay': 0.0005, 'steps_per_iteration': None, 'pin': False, 'model_creator': None, 'target_batch_size': 64, 'model_string': 'resnet101', 'min_batch_size': 64, 'dataset': 'CIFAR', 'placement': [2, 2], 'use_nccl': False, 'devices_per_worker': 1, 'primary_resource': 'extra_gpu', 'gpu': False, 'verbose': False, 'trial_id': 'd9187f8e', 'batch_per_device': 64}",64.55254364013672,0,11,119.34485837205861,{'380757962a3b4ec9956943fe7f4543b3b5977a90': 1}
640,7680,0.1536,1,81.421133518219,False,,,12,33930da23fc94aefb5cb374975850e3f,2019-04-24_20-54-22,1556139262,5.405500650405884,69.9580442905426,12782,ip-172-31-95-70,172.31.95.70,"{'starting_lr': 0.1, 'momentum': 0.9, 'weight_decay': 0.0005, 'steps_per_iteration': None, 'pin': False, 'model_creator': None, 'target_batch_size': 64, 'model_string': 'resnet101', 'min_batch_size': 64, 'dataset': 'CIFAR', 'placement': [2, 2], 'use_nccl': False, 'devices_per_worker': 1, 'primary_resource': 'extra_gpu', 'gpu': False, 'verbose': False, 'trial_id': 'd9187f8e', 'batch_per_device': 64}",69.9580442905426,0,12,119.40293429982965,{'380757962a3b4ec9956943fe7f4543b3b5977a90': 1}
640,8320,0.1664,1,86.61245894432068,False,,,13,33930da23fc94aefb5cb374975850e3f,2019-04-24_20-54-27,1556139267,5.184293985366821,75.14233827590942,12782,ip-172-31-95-70,172.31.95.70,"{'starting_lr': 0.1, 'momentum': 0.9, 'weight_decay': 0.0005, 'steps_per_iteration': None, 'pin': False, 'model_creator': None, 'target_batch_size': 64, 'model_string': 'resnet101', 'min_batch_size': 64, 'dataset': 'CIFAR', 'placement': [2, 2], 'use_nccl': False, 'devices_per_worker': 1, 'primary_resource': 'extra_gpu', 'gpu': False, 'verbose': False, 'trial_id': 'd9187f8e', 'batch_per_device': 64}",75.14233827590942,0,13,120.86910427538918,{'380757962a3b4ec9956943fe7f4543b3b5977a90': 1}
640,8960,0.1792,1,91.67447590827942,False,,,14,33930da23fc94aefb5cb374975850e3f,2019-04-24_20-54-32,1556139272,5.054898023605347,80.19723629951477,12782,ip-172-31-95-70,172.31.95.70,"{'starting_lr': 0.1, 'momentum': 0.9, 'weight_decay': 0.0005, 'steps_per_iteration': None, 'pin': False, 'model_creator': None, 'target_batch_size': 64, 'model_string': 'resnet101', 'min_batch_size': 64, 'dataset': 'CIFAR', 'placement': [2, 2], 'use_nccl': False, 'devices_per_worker': 1, 'primary_resource': 'extra_gpu', 'gpu': False, 'verbose': False, 'trial_id': 'd9187f8e', 'batch_per_device': 64}",80.19723629951477,0,14,125.00773616047589,{'380757962a3b4ec9956943fe7f4543b3b5977a90': 1}
640,9600,0.192,1,96.93568515777588,False,,,15,33930da23fc94aefb5cb374975850e3f,2019-04-24_20-54-38,1556139278,5.253965854644775,85.45120215415955,12782,ip-172-31-95-70,172.31.95.70,"{'starting_lr': 0.1, 'momentum': 0.9, 'weight_decay': 0.0005, 'steps_per_iteration': None, 'pin': False, 'model_creator': None, 'target_batch_size': 64, 'model_string': 'resnet101', 'min_batch_size': 64, 'dataset': 'CIFAR', 'placement': [2, 2], 'use_nccl': False, 'devices_per_worker': 1, 'primary_resource': 'extra_gpu', 'gpu': False, 'verbose': False, 'trial_id': 'd9187f8e', 'batch_per_device': 64}",85.45120215415955,0,15,124.16288990826642,{'380757962a3b4ec9956943fe7f4543b3b5977a90': 1}
640,10240,0.2048,1,102.21049404144287,False,,,16,33930da23fc94aefb5cb374975850e3f,2019-04-24_20-54-43,1556139283,5.267617464065552,90.7188196182251,12782,ip-172-31-95-70,172.31.95.70,"{'starting_lr': 0.1, 'momentum': 0.9, 'weight_decay': 0.0005, 'steps_per_iteration': None, 'pin': False, 'model_creator': None, 'target_batch_size': 64, 'model_string': 'resnet101', 'min_batch_size': 64, 'dataset': 'CIFAR', 'placement': [2, 2], 'use_nccl': False, 'devices_per_worker': 1, 'primary_resource': 'extra_gpu', 'gpu': False, 'verbose': False, 'trial_id': 'd9187f8e', 'batch_per_device': 64}",90.7188196182251,0,16,121.65277822278706,{'380757962a3b4ec9956943fe7f4543b3b5977a90': 1}
640,10880,0.2176,1,107.56775403022766,False,,,17,33930da23fc94aefb5cb374975850e3f,2019-04-24_20-54-48,1556139288,5.348895072937012,96.06771469116211,12782,ip-172-31-95-70,172.31.95.70,"{'starting_lr': 0.1, 'momentum': 0.9, 'weight_decay': 0.0005, 'steps_per_iteration': None, 'pin': False, 'model_creator': None, 'target_batch_size': 64, 'model_string': 'resnet101', 'min_batch_size': 64, 'dataset': 'CIFAR', 'placement': [2, 2], 'use_nccl': False, 'devices_per_worker': 1, 'primary_resource': 'extra_gpu', 'gpu': False, 'verbose': False, 'trial_id': 'd9187f8e', 'batch_per_device': 64}",96.06771469116211,0,17,120.56495004300622,{'380757962a3b4ec9956943fe7f4543b3b5977a90': 1}
640,11520,0.2304,1,112.80392289161682,False,,,18,33930da23fc94aefb5cb374975850e3f,2019-04-24_20-54-54,1556139294,5.229063034057617,101.29677772521973,12782,ip-172-31-95-70,172.31.95.70,"{'starting_lr': 0.1, 'momentum': 0.9, 'weight_decay': 0.0005, 'steps_per_iteration': None, 'pin': False, 'model_creator': None, 'target_batch_size': 64, 'model_string': 'resnet101', 'min_batch_size': 64, 'dataset': 'CIFAR', 'placement': [2, 2], 'use_nccl': False, 'devices_per_worker': 1, 'primary_resource': 'extra_gpu', 'gpu': False, 'verbose': False, 'trial_id': 'd9187f8e', 'batch_per_device': 64}",101.29677772521973,0,18,121.00431949548765,{'380757962a3b4ec9956943fe7f4543b3b5977a90': 1}
640,12160,0.2432,1,117.69923329353333,False,,,19,33930da23fc94aefb5cb374975850e3f,2019-04-24_20-54-58,1556139298,4.888148307800293,106.18492603302002,12782,ip-172-31-95-70,172.31.95.70,"{'starting_lr': 0.1, 'momentum': 0.9, 'weight_decay': 0.0005, 'steps_per_iteration': None, 'pin': False, 'model_creator': None, 'target_batch_size': 64, 'model_string': 'resnet101', 'min_batch_size': 64, 'dataset': 'CIFAR', 'placement': [2, 2], 'use_nccl': False, 'devices_per_worker': 1, 'primary_resource': 'extra_gpu', 'gpu': False, 'verbose': False, 'trial_id': 'd9187f8e', 'batch_per_device': 64}",106.18492603302002,0,19,126.51494466585956,{'380757962a3b4ec9956943fe7f4543b3b5977a90': 1}
640,12800,0.256,1,122.70665097236633,False,,,20,33930da23fc94aefb5cb374975850e3f,2019-04-24_20-55-03,1556139303,5.002493619918823,111.18741965293884,12782,ip-172-31-95-70,172.31.95.70,"{'starting_lr': 0.1, 'momentum': 0.9, 'weight_decay': 0.0005, 'steps_per_iteration': None, 'pin': False, 'model_creator': None, 'target_batch_size': 64, 'model_string': 'resnet101', 'min_batch_size': 64, 'dataset': 'CIFAR', 'placement': [2, 2], 'use_nccl': False, 'devices_per_worker': 1, 'primary_resource': 'extra_gpu', 'gpu': False, 'verbose': False, 'trial_id': 'd9187f8e', 'batch_per_device': 64}",111.18741965293884,0,20,129.41311095988127,{'380757962a3b4ec9956943fe7f4543b3b5977a90': 1}
640,13440,0.2688,1,127.54246401786804,True,,,21,33930da23fc94aefb5cb374975850e3f,2019-04-24_20-55-08,1556139308,4.828203201293945,116.01562285423279,12782,ip-172-31-95-70,172.31.95.70,"{'starting_lr': 0.1, 'momentum': 0.9, 'weight_decay': 0.0005, 'steps_per_iteration': None, 'pin': False, 'model_creator': None, 'target_batch_size': 64, 'model_string': 'resnet101', 'min_batch_size': 64, 'dataset': 'CIFAR', 'placement': [2, 2], 'use_nccl': False, 'devices_per_worker': 1, 'primary_resource': 'extra_gpu', 'gpu': False, 'verbose': False, 'trial_id': 'd9187f8e', 'batch_per_device': 64}",116.01562285423279,0,21,130.20238096768287,{'380757962a3b4ec9956943fe7f4543b3b5977a90': 1}
