{"data_this_epoch": 640, "total_data_processed": 640, "epochs_processed": 0.0128, "num_workers": 1, "time_since_start": 19.392797708511353, "done": false, "timesteps_total": null, "episodes_total": null, "training_iteration": 1, "experiment_id": "33930da23fc94aefb5cb374975850e3f", "date": "2019-04-24_20-53-20", "timestamp": 1556139200, "time_this_iter_s": 8.1774582862854, "time_total_s": 8.1774582862854, "pid": 12782, "hostname": "ip-172-31-95-70", "node_ip": "172.31.95.70", "config": {"starting_lr": 0.1, "momentum": 0.9, "weight_decay": 0.0005, "steps_per_iteration": null, "pin": false, "model_creator": null, "target_batch_size": 64, "model_string": "resnet101", "min_batch_size": 64, "dataset": "CIFAR", "placement": [2, 2], "use_nccl": false, "devices_per_worker": 1, "primary_resource": "extra_gpu", "gpu": false, "verbose": false, "trial_id": "d9187f8e", "batch_per_device": 64}, "time_since_restore": 8.1774582862854, "timesteps_since_restore": 0, "iterations_since_restore": 1, "train_throughput": 78.26302132388555, "locations": {"380757962a3b4ec9956943fe7f4543b3b5977a90": 1}}
{"data_this_epoch": 640, "total_data_processed": 1280, "epochs_processed": 0.0256, "num_workers": 1, "time_since_start": 25.66650676727295, "done": false, "timesteps_total": null, "episodes_total": null, "training_iteration": 2, "experiment_id": "33930da23fc94aefb5cb374975850e3f", "date": "2019-04-24_20-53-26", "timestamp": 1556139206, "time_this_iter_s": 6.242296934127808, "time_total_s": 14.419755220413208, "pid": 12782, "hostname": "ip-172-31-95-70", "node_ip": "172.31.95.70", "config": {"starting_lr": 0.1, "momentum": 0.9, "weight_decay": 0.0005, "steps_per_iteration": null, "pin": false, "model_creator": null, "target_batch_size": 64, "model_string": "resnet101", "min_batch_size": 64, "dataset": "CIFAR", "placement": [2, 2], "use_nccl": false, "devices_per_worker": 1, "primary_resource": "extra_gpu", "gpu": false, "verbose": false, "trial_id": "d9187f8e", "batch_per_device": 64}, "time_since_restore": 14.419755220413208, "timesteps_since_restore": 0, "iterations_since_restore": 2, "train_throughput": 88.7660372826313, "locations": {"380757962a3b4ec9956943fe7f4543b3b5977a90": 1}}
{"data_this_epoch": 640, "total_data_processed": 1920, "epochs_processed": 0.0384, "num_workers": 1, "time_since_start": 31.384664297103882, "done": false, "timesteps_total": null, "episodes_total": null, "training_iteration": 3, "experiment_id": "33930da23fc94aefb5cb374975850e3f", "date": "2019-04-24_20-53-32", "timestamp": 1556139212, "time_this_iter_s": 5.710905075073242, "time_total_s": 20.13066029548645, "pid": 12782, "hostname": "ip-172-31-95-70", "node_ip": "172.31.95.70", "config": {"starting_lr": 0.1, "momentum": 0.9, "weight_decay": 0.0005, "steps_per_iteration": null, "pin": false, "model_creator": null, "target_batch_size": 64, "model_string": "resnet101", "min_batch_size": 64, "dataset": "CIFAR", "placement": [2, 2], "use_nccl": false, "devices_per_worker": 1, "primary_resource": "extra_gpu", "gpu": false, "verbose": false, "trial_id": "d9187f8e", "batch_per_device": 64}, "time_since_restore": 20.13066029548645, "timesteps_since_restore": 0, "iterations_since_restore": 3, "train_throughput": 107.08270541750765, "locations": {"380757962a3b4ec9956943fe7f4543b3b5977a90": 1}}
{"data_this_epoch": 640, "total_data_processed": 2560, "epochs_processed": 0.0512, "num_workers": 1, "time_since_start": 37.30302429199219, "done": false, "timesteps_total": null, "episodes_total": null, "training_iteration": 4, "experiment_id": "33930da23fc94aefb5cb374975850e3f", "date": "2019-04-24_20-53-38", "timestamp": 1556139218, "time_this_iter_s": 5.769611597061157, "time_total_s": 25.900271892547607, "pid": 12782, "hostname": "ip-172-31-95-70", "node_ip": "172.31.95.70", "config": {"starting_lr": 0.1, "momentum": 0.9, "weight_decay": 0.0005, "steps_per_iteration": null, "pin": false, "model_creator": null, "target_batch_size": 64, "model_string": "resnet101", "min_batch_size": 64, "dataset": "CIFAR", "placement": [2, 2], "use_nccl": false, "devices_per_worker": 1, "primary_resource": "extra_gpu", "gpu": false, "verbose": false, "trial_id": "d9187f8e", "batch_per_device": 64}, "time_since_restore": 25.900271892547607, "timesteps_since_restore": 0, "iterations_since_restore": 4, "train_throughput": 111.49150573106526, "locations": {"380757962a3b4ec9956943fe7f4543b3b5977a90": 1}}
{"data_this_epoch": 640, "total_data_processed": 3200, "epochs_processed": 0.064, "num_workers": 1, "time_since_start": 43.199479818344116, "done": false, "timesteps_total": null, "episodes_total": null, "training_iteration": 5, "experiment_id": "33930da23fc94aefb5cb374975850e3f", "date": "2019-04-24_20-53-44", "timestamp": 1556139224, "time_this_iter_s": 5.889239311218262, "time_total_s": 31.78951120376587, "pid": 12782, "hostname": "ip-172-31-95-70", "node_ip": "172.31.95.70", "config": {"starting_lr": 0.1, "momentum": 0.9, "weight_decay": 0.0005, "steps_per_iteration": null, "pin": false, "model_creator": null, "target_batch_size": 64, "model_string": "resnet101", "min_batch_size": 64, "dataset": "CIFAR", "placement": [2, 2], "use_nccl": false, "devices_per_worker": 1, "primary_resource": "extra_gpu", "gpu": false, "verbose": false, "trial_id": "d9187f8e", "batch_per_device": 64}, "time_since_restore": 31.78951120376587, "timesteps_since_restore": 0, "iterations_since_restore": 5, "train_throughput": 109.78629264423478, "locations": {"380757962a3b4ec9956943fe7f4543b3b5977a90": 1}}
{"data_this_epoch": 640, "total_data_processed": 3840, "epochs_processed": 0.0768, "num_workers": 1, "time_since_start": 48.93823170661926, "done": false, "timesteps_total": null, "episodes_total": null, "training_iteration": 6, "experiment_id": "33930da23fc94aefb5cb374975850e3f", "date": "2019-04-24_20-53-50", "timestamp": 1556139230, "time_this_iter_s": 5.731667757034302, "time_total_s": 37.52117896080017, "pid": 12782, "hostname": "ip-172-31-95-70", "node_ip": "172.31.95.70", "config": {"starting_lr": 0.1, "momentum": 0.9, "weight_decay": 0.0005, "steps_per_iteration": null, "pin": false, "model_creator": null, "target_batch_size": 64, "model_string": "resnet101", "min_batch_size": 64, "dataset": "CIFAR", "placement": [2, 2], "use_nccl": false, "devices_per_worker": 1, "primary_resource": "extra_gpu", "gpu": false, "verbose": false, "trial_id": "d9187f8e", "batch_per_device": 64}, "time_since_restore": 37.52117896080017, "timesteps_since_restore": 0, "iterations_since_restore": 6, "train_throughput": 110.1447140741469, "locations": {"380757962a3b4ec9956943fe7f4543b3b5977a90": 1}}
{"data_this_epoch": 640, "total_data_processed": 4480, "epochs_processed": 0.0896, "num_workers": 1, "time_since_start": 54.43792533874512, "done": false, "timesteps_total": null, "episodes_total": null, "training_iteration": 7, "experiment_id": "33930da23fc94aefb5cb374975850e3f", "date": "2019-04-24_20-53-55", "timestamp": 1556139235, "time_this_iter_s": 5.492314338684082, "time_total_s": 43.01349329948425, "pid": 12782, "hostname": "ip-172-31-95-70", "node_ip": "172.31.95.70", "config": {"starting_lr": 0.1, "momentum": 0.9, "weight_decay": 0.0005, "steps_per_iteration": null, "pin": false, "model_creator": null, "target_batch_size": 64, "model_string": "resnet101", "min_batch_size": 64, "dataset": "CIFAR", "placement": [2, 2], "use_nccl": false, "devices_per_worker": 1, "primary_resource": "extra_gpu", "gpu": false, "verbose": false, "trial_id": "d9187f8e", "batch_per_device": 64}, "time_since_restore": 43.01349329948425, "timesteps_since_restore": 0, "iterations_since_restore": 7, "train_throughput": 114.0397947163981, "locations": {"380757962a3b4ec9956943fe7f4543b3b5977a90": 1}}
{"data_this_epoch": 640, "total_data_processed": 5120, "epochs_processed": 0.1024, "num_workers": 1, "time_since_start": 59.84855651855469, "done": false, "timesteps_total": null, "episodes_total": null, "training_iteration": 8, "experiment_id": "33930da23fc94aefb5cb374975850e3f", "date": "2019-04-24_20-54-01", "timestamp": 1556139241, "time_this_iter_s": 5.403379440307617, "time_total_s": 48.41687273979187, "pid": 12782, "hostname": "ip-172-31-95-70", "node_ip": "172.31.95.70", "config": {"starting_lr": 0.1, "momentum": 0.9, "weight_decay": 0.0005, "steps_per_iteration": null, "pin": false, "model_creator": null, "target_batch_size": 64, "model_string": "resnet101", "min_batch_size": 64, "dataset": "CIFAR", "placement": [2, 2], "use_nccl": false, "devices_per_worker": 1, "primary_resource": "extra_gpu", "gpu": false, "verbose": false, "trial_id": "d9187f8e", "batch_per_device": 64}, "time_since_restore": 48.41687273979187, "timesteps_since_restore": 0, "iterations_since_restore": 8, "train_throughput": 117.47579695695161, "locations": {"380757962a3b4ec9956943fe7f4543b3b5977a90": 1}}
{"data_this_epoch": 640, "total_data_processed": 5760, "epochs_processed": 0.1152, "num_workers": 1, "time_since_start": 65.26608514785767, "done": false, "timesteps_total": null, "episodes_total": null, "training_iteration": 9, "experiment_id": "33930da23fc94aefb5cb374975850e3f", "date": "2019-04-24_20-54-06", "timestamp": 1556139246, "time_this_iter_s": 5.410616397857666, "time_total_s": 53.827489137649536, "pid": 12782, "hostname": "ip-172-31-95-70", "node_ip": "172.31.95.70", "config": {"starting_lr": 0.1, "momentum": 0.9, "weight_decay": 0.0005, "steps_per_iteration": null, "pin": false, "model_creator": null, "target_batch_size": 64, "model_string": "resnet101", "min_batch_size": 64, "dataset": "CIFAR", "placement": [2, 2], "use_nccl": false, "devices_per_worker": 1, "primary_resource": "extra_gpu", "gpu": false, "verbose": false, "trial_id": "d9187f8e", "batch_per_device": 64}, "time_since_restore": 53.827489137649536, "timesteps_since_restore": 0, "iterations_since_restore": 9, "train_throughput": 118.36333507084868, "locations": {"380757962a3b4ec9956943fe7f4543b3b5977a90": 1}}
{"data_this_epoch": 640, "total_data_processed": 6400, "epochs_processed": 0.128, "num_workers": 1, "time_since_start": 70.68407011032104, "done": false, "timesteps_total": null, "episodes_total": null, "training_iteration": 10, "experiment_id": "33930da23fc94aefb5cb374975850e3f", "date": "2019-04-24_20-54-11", "timestamp": 1556139251, "time_this_iter_s": 5.410719871520996, "time_total_s": 59.23820900917053, "pid": 12782, "hostname": "ip-172-31-95-70", "node_ip": "172.31.95.70", "config": {"starting_lr": 0.1, "momentum": 0.9, "weight_decay": 0.0005, "steps_per_iteration": null, "pin": false, "model_creator": null, "target_batch_size": 64, "model_string": "resnet101", "min_batch_size": 64, "dataset": "CIFAR", "placement": [2, 2], "use_nccl": false, "devices_per_worker": 1, "primary_resource": "extra_gpu", "gpu": false, "verbose": false, "trial_id": "d9187f8e", "batch_per_device": 64}, "time_since_restore": 59.23820900917053, "timesteps_since_restore": 0, "iterations_since_restore": 10, "train_throughput": 118.28305476667761, "locations": {"380757962a3b4ec9956943fe7f4543b3b5977a90": 1}}
{"data_this_epoch": 640, "total_data_processed": 7040, "epochs_processed": 0.1408, "num_workers": 1, "time_since_start": 76.00815749168396, "done": false, "timesteps_total": null, "episodes_total": null, "training_iteration": 11, "experiment_id": "33930da23fc94aefb5cb374975850e3f", "date": "2019-04-24_20-54-17", "timestamp": 1556139257, "time_this_iter_s": 5.3143346309661865, "time_total_s": 64.55254364013672, "pid": 12782, "hostname": "ip-172-31-95-70", "node_ip": "172.31.95.70", "config": {"starting_lr": 0.1, "momentum": 0.9, "weight_decay": 0.0005, "steps_per_iteration": null, "pin": false, "model_creator": null, "target_batch_size": 64, "model_string": "resnet101", "min_batch_size": 64, "dataset": "CIFAR", "placement": [2, 2], "use_nccl": false, "devices_per_worker": 1, "primary_resource": "extra_gpu", "gpu": false, "verbose": false, "trial_id": "d9187f8e", "batch_per_device": 64}, "time_since_restore": 64.55254364013672, "timesteps_since_restore": 0, "iterations_since_restore": 11, "train_throughput": 119.34485837205861, "locations": {"380757962a3b4ec9956943fe7f4543b3b5977a90": 1}}
{"data_this_epoch": 640, "total_data_processed": 7680, "epochs_processed": 0.1536, "num_workers": 1, "time_since_start": 81.421133518219, "done": false, "timesteps_total": null, "episodes_total": null, "training_iteration": 12, "experiment_id": "33930da23fc94aefb5cb374975850e3f", "date": "2019-04-24_20-54-22", "timestamp": 1556139262, "time_this_iter_s": 5.405500650405884, "time_total_s": 69.9580442905426, "pid": 12782, "hostname": "ip-172-31-95-70", "node_ip": "172.31.95.70", "config": {"starting_lr": 0.1, "momentum": 0.9, "weight_decay": 0.0005, "steps_per_iteration": null, "pin": false, "model_creator": null, "target_batch_size": 64, "model_string": "resnet101", "min_batch_size": 64, "dataset": "CIFAR", "placement": [2, 2], "use_nccl": false, "devices_per_worker": 1, "primary_resource": "extra_gpu", "gpu": false, "verbose": false, "trial_id": "d9187f8e", "batch_per_device": 64}, "time_since_restore": 69.9580442905426, "timesteps_since_restore": 0, "iterations_since_restore": 12, "train_throughput": 119.40293429982965, "locations": {"380757962a3b4ec9956943fe7f4543b3b5977a90": 1}}
{"data_this_epoch": 640, "total_data_processed": 8320, "epochs_processed": 0.1664, "num_workers": 1, "time_since_start": 86.61245894432068, "done": false, "timesteps_total": null, "episodes_total": null, "training_iteration": 13, "experiment_id": "33930da23fc94aefb5cb374975850e3f", "date": "2019-04-24_20-54-27", "timestamp": 1556139267, "time_this_iter_s": 5.184293985366821, "time_total_s": 75.14233827590942, "pid": 12782, "hostname": "ip-172-31-95-70", "node_ip": "172.31.95.70", "config": {"starting_lr": 0.1, "momentum": 0.9, "weight_decay": 0.0005, "steps_per_iteration": null, "pin": false, "model_creator": null, "target_batch_size": 64, "model_string": "resnet101", "min_batch_size": 64, "dataset": "CIFAR", "placement": [2, 2], "use_nccl": false, "devices_per_worker": 1, "primary_resource": "extra_gpu", "gpu": false, "verbose": false, "trial_id": "d9187f8e", "batch_per_device": 64}, "time_since_restore": 75.14233827590942, "timesteps_since_restore": 0, "iterations_since_restore": 13, "train_throughput": 120.86910427538918, "locations": {"380757962a3b4ec9956943fe7f4543b3b5977a90": 1}}
{"data_this_epoch": 640, "total_data_processed": 8960, "epochs_processed": 0.1792, "num_workers": 1, "time_since_start": 91.67447590827942, "done": false, "timesteps_total": null, "episodes_total": null, "training_iteration": 14, "experiment_id": "33930da23fc94aefb5cb374975850e3f", "date": "2019-04-24_20-54-32", "timestamp": 1556139272, "time_this_iter_s": 5.054898023605347, "time_total_s": 80.19723629951477, "pid": 12782, "hostname": "ip-172-31-95-70", "node_ip": "172.31.95.70", "config": {"starting_lr": 0.1, "momentum": 0.9, "weight_decay": 0.0005, "steps_per_iteration": null, "pin": false, "model_creator": null, "target_batch_size": 64, "model_string": "resnet101", "min_batch_size": 64, "dataset": "CIFAR", "placement": [2, 2], "use_nccl": false, "devices_per_worker": 1, "primary_resource": "extra_gpu", "gpu": false, "verbose": false, "trial_id": "d9187f8e", "batch_per_device": 64}, "time_since_restore": 80.19723629951477, "timesteps_since_restore": 0, "iterations_since_restore": 14, "train_throughput": 125.00773616047589, "locations": {"380757962a3b4ec9956943fe7f4543b3b5977a90": 1}}
{"data_this_epoch": 640, "total_data_processed": 9600, "epochs_processed": 0.192, "num_workers": 1, "time_since_start": 96.93568515777588, "done": false, "timesteps_total": null, "episodes_total": null, "training_iteration": 15, "experiment_id": "33930da23fc94aefb5cb374975850e3f", "date": "2019-04-24_20-54-38", "timestamp": 1556139278, "time_this_iter_s": 5.253965854644775, "time_total_s": 85.45120215415955, "pid": 12782, "hostname": "ip-172-31-95-70", "node_ip": "172.31.95.70", "config": {"starting_lr": 0.1, "momentum": 0.9, "weight_decay": 0.0005, "steps_per_iteration": null, "pin": false, "model_creator": null, "target_batch_size": 64, "model_string": "resnet101", "min_batch_size": 64, "dataset": "CIFAR", "placement": [2, 2], "use_nccl": false, "devices_per_worker": 1, "primary_resource": "extra_gpu", "gpu": false, "verbose": false, "trial_id": "d9187f8e", "batch_per_device": 64}, "time_since_restore": 85.45120215415955, "timesteps_since_restore": 0, "iterations_since_restore": 15, "train_throughput": 124.16288990826642, "locations": {"380757962a3b4ec9956943fe7f4543b3b5977a90": 1}}
{"data_this_epoch": 640, "total_data_processed": 10240, "epochs_processed": 0.2048, "num_workers": 1, "time_since_start": 102.21049404144287, "done": false, "timesteps_total": null, "episodes_total": null, "training_iteration": 16, "experiment_id": "33930da23fc94aefb5cb374975850e3f", "date": "2019-04-24_20-54-43", "timestamp": 1556139283, "time_this_iter_s": 5.267617464065552, "time_total_s": 90.7188196182251, "pid": 12782, "hostname": "ip-172-31-95-70", "node_ip": "172.31.95.70", "config": {"starting_lr": 0.1, "momentum": 0.9, "weight_decay": 0.0005, "steps_per_iteration": null, "pin": false, "model_creator": null, "target_batch_size": 64, "model_string": "resnet101", "min_batch_size": 64, "dataset": "CIFAR", "placement": [2, 2], "use_nccl": false, "devices_per_worker": 1, "primary_resource": "extra_gpu", "gpu": false, "verbose": false, "trial_id": "d9187f8e", "batch_per_device": 64}, "time_since_restore": 90.7188196182251, "timesteps_since_restore": 0, "iterations_since_restore": 16, "train_throughput": 121.65277822278706, "locations": {"380757962a3b4ec9956943fe7f4543b3b5977a90": 1}}
{"data_this_epoch": 640, "total_data_processed": 10880, "epochs_processed": 0.2176, "num_workers": 1, "time_since_start": 107.56775403022766, "done": false, "timesteps_total": null, "episodes_total": null, "training_iteration": 17, "experiment_id": "33930da23fc94aefb5cb374975850e3f", "date": "2019-04-24_20-54-48", "timestamp": 1556139288, "time_this_iter_s": 5.348895072937012, "time_total_s": 96.06771469116211, "pid": 12782, "hostname": "ip-172-31-95-70", "node_ip": "172.31.95.70", "config": {"starting_lr": 0.1, "momentum": 0.9, "weight_decay": 0.0005, "steps_per_iteration": null, "pin": false, "model_creator": null, "target_batch_size": 64, "model_string": "resnet101", "min_batch_size": 64, "dataset": "CIFAR", "placement": [2, 2], "use_nccl": false, "devices_per_worker": 1, "primary_resource": "extra_gpu", "gpu": false, "verbose": false, "trial_id": "d9187f8e", "batch_per_device": 64}, "time_since_restore": 96.06771469116211, "timesteps_since_restore": 0, "iterations_since_restore": 17, "train_throughput": 120.56495004300622, "locations": {"380757962a3b4ec9956943fe7f4543b3b5977a90": 1}}
{"data_this_epoch": 640, "total_data_processed": 11520, "epochs_processed": 0.2304, "num_workers": 1, "time_since_start": 112.80392289161682, "done": false, "timesteps_total": null, "episodes_total": null, "training_iteration": 18, "experiment_id": "33930da23fc94aefb5cb374975850e3f", "date": "2019-04-24_20-54-54", "timestamp": 1556139294, "time_this_iter_s": 5.229063034057617, "time_total_s": 101.29677772521973, "pid": 12782, "hostname": "ip-172-31-95-70", "node_ip": "172.31.95.70", "config": {"starting_lr": 0.1, "momentum": 0.9, "weight_decay": 0.0005, "steps_per_iteration": null, "pin": false, "model_creator": null, "target_batch_size": 64, "model_string": "resnet101", "min_batch_size": 64, "dataset": "CIFAR", "placement": [2, 2], "use_nccl": false, "devices_per_worker": 1, "primary_resource": "extra_gpu", "gpu": false, "verbose": false, "trial_id": "d9187f8e", "batch_per_device": 64}, "time_since_restore": 101.29677772521973, "timesteps_since_restore": 0, "iterations_since_restore": 18, "train_throughput": 121.00431949548765, "locations": {"380757962a3b4ec9956943fe7f4543b3b5977a90": 1}}
{"data_this_epoch": 640, "total_data_processed": 12160, "epochs_processed": 0.2432, "num_workers": 1, "time_since_start": 117.69923329353333, "done": false, "timesteps_total": null, "episodes_total": null, "training_iteration": 19, "experiment_id": "33930da23fc94aefb5cb374975850e3f", "date": "2019-04-24_20-54-58", "timestamp": 1556139298, "time_this_iter_s": 4.888148307800293, "time_total_s": 106.18492603302002, "pid": 12782, "hostname": "ip-172-31-95-70", "node_ip": "172.31.95.70", "config": {"starting_lr": 0.1, "momentum": 0.9, "weight_decay": 0.0005, "steps_per_iteration": null, "pin": false, "model_creator": null, "target_batch_size": 64, "model_string": "resnet101", "min_batch_size": 64, "dataset": "CIFAR", "placement": [2, 2], "use_nccl": false, "devices_per_worker": 1, "primary_resource": "extra_gpu", "gpu": false, "verbose": false, "trial_id": "d9187f8e", "batch_per_device": 64}, "time_since_restore": 106.18492603302002, "timesteps_since_restore": 0, "iterations_since_restore": 19, "train_throughput": 126.51494466585956, "locations": {"380757962a3b4ec9956943fe7f4543b3b5977a90": 1}}
{"data_this_epoch": 640, "total_data_processed": 12800, "epochs_processed": 0.256, "num_workers": 1, "time_since_start": 122.70665097236633, "done": false, "timesteps_total": null, "episodes_total": null, "training_iteration": 20, "experiment_id": "33930da23fc94aefb5cb374975850e3f", "date": "2019-04-24_20-55-03", "timestamp": 1556139303, "time_this_iter_s": 5.002493619918823, "time_total_s": 111.18741965293884, "pid": 12782, "hostname": "ip-172-31-95-70", "node_ip": "172.31.95.70", "config": {"starting_lr": 0.1, "momentum": 0.9, "weight_decay": 0.0005, "steps_per_iteration": null, "pin": false, "model_creator": null, "target_batch_size": 64, "model_string": "resnet101", "min_batch_size": 64, "dataset": "CIFAR", "placement": [2, 2], "use_nccl": false, "devices_per_worker": 1, "primary_resource": "extra_gpu", "gpu": false, "verbose": false, "trial_id": "d9187f8e", "batch_per_device": 64}, "time_since_restore": 111.18741965293884, "timesteps_since_restore": 0, "iterations_since_restore": 20, "train_throughput": 129.41311095988127, "locations": {"380757962a3b4ec9956943fe7f4543b3b5977a90": 1}}
{"data_this_epoch": 640, "total_data_processed": 13440, "epochs_processed": 0.2688, "num_workers": 1, "time_since_start": 127.54246401786804, "done": true, "timesteps_total": null, "episodes_total": null, "training_iteration": 21, "experiment_id": "33930da23fc94aefb5cb374975850e3f", "date": "2019-04-24_20-55-08", "timestamp": 1556139308, "time_this_iter_s": 4.828203201293945, "time_total_s": 116.01562285423279, "pid": 12782, "hostname": "ip-172-31-95-70", "node_ip": "172.31.95.70", "config": {"starting_lr": 0.1, "momentum": 0.9, "weight_decay": 0.0005, "steps_per_iteration": null, "pin": false, "model_creator": null, "target_batch_size": 64, "model_string": "resnet101", "min_batch_size": 64, "dataset": "CIFAR", "placement": [2, 2], "use_nccl": false, "devices_per_worker": 1, "primary_resource": "extra_gpu", "gpu": false, "verbose": false, "trial_id": "d9187f8e", "batch_per_device": 64}, "time_since_restore": 116.01562285423279, "timesteps_since_restore": 0, "iterations_since_restore": 21, "train_throughput": 130.20238096768287, "locations": {"380757962a3b4ec9956943fe7f4543b3b5977a90": 1}}
