data_this_epoch,total_data_processed,epochs_processed,num_workers,time_since_start,done,timesteps_total,episodes_total,training_iteration,experiment_id,date,timestamp,time_this_iter_s,time_total_s,pid,hostname,node_ip,config,time_since_restore,timesteps_since_restore,iterations_since_restore,train_throughput,locations
640,640,0.0128,1,15.855452060699463,False,,,1,20b882d689bf4005a271021aa0943cae,2019-04-24_20-42-33,1556138553,7.611900806427002,7.611900806427002,11747,ip-172-31-95-70,172.31.95.70,"{'starting_lr': 0.1, 'momentum': 0.9, 'weight_decay': 0.0005, 'steps_per_iteration': None, 'pin': False, 'model_creator': None, 'target_batch_size': 64, 'model_string': 'resnet101', 'min_batch_size': 64, 'dataset': 'CIFAR', 'placement': [2, 2], 'use_nccl': False, 'devices_per_worker': 1, 'primary_resource': 'extra_gpu', 'gpu': False, 'verbose': False, 'trial_id': 'a13717a7', 'batch_per_device': 64}",7.611900806427002,0,1,84.07781683385784,{'9fcae7fbdd5b1bc646a4dd629b3224697402c05e': 1}
640,1280,0.0256,1,21.94293975830078,False,,,2,20b882d689bf4005a271021aa0943cae,2019-04-24_20-42-39,1556138559,6.078860282897949,13.690761089324951,11747,ip-172-31-95-70,172.31.95.70,"{'starting_lr': 0.1, 'momentum': 0.9, 'weight_decay': 0.0005, 'steps_per_iteration': None, 'pin': False, 'model_creator': None, 'target_batch_size': 64, 'model_string': 'resnet101', 'min_batch_size': 64, 'dataset': 'CIFAR', 'placement': [2, 2], 'use_nccl': False, 'devices_per_worker': 1, 'primary_resource': 'extra_gpu', 'gpu': False, 'verbose': False, 'trial_id': 'a13717a7', 'batch_per_device': 64}",13.690761089324951,0,2,93.49251640583036,{'9fcae7fbdd5b1bc646a4dd629b3224697402c05e': 1}
640,1920,0.0384,1,28.017357110977173,False,,,3,20b882d689bf4005a271021aa0943cae,2019-04-24_20-42-45,1556138565,6.067420721054077,19.75818181037903,11747,ip-172-31-95-70,172.31.95.70,"{'starting_lr': 0.1, 'momentum': 0.9, 'weight_decay': 0.0005, 'steps_per_iteration': None, 'pin': False, 'model_creator': None, 'target_batch_size': 64, 'model_string': 'resnet101', 'min_batch_size': 64, 'dataset': 'CIFAR', 'placement': [2, 2], 'use_nccl': False, 'devices_per_worker': 1, 'primary_resource': 'extra_gpu', 'gpu': False, 'verbose': False, 'trial_id': 'a13717a7', 'batch_per_device': 64}",19.75818181037903,0,3,105.3806771616119,{'9fcae7fbdd5b1bc646a4dd629b3224697402c05e': 1}
640,2560,0.0512,1,34.16283082962036,False,,,4,20b882d689bf4005a271021aa0943cae,2019-04-24_20-42-51,1556138571,6.138633728027344,25.896815538406372,11747,ip-172-31-95-70,172.31.95.70,"{'starting_lr': 0.1, 'momentum': 0.9, 'weight_decay': 0.0005, 'steps_per_iteration': None, 'pin': False, 'model_creator': None, 'target_batch_size': 64, 'model_string': 'resnet101', 'min_batch_size': 64, 'dataset': 'CIFAR', 'placement': [2, 2], 'use_nccl': False, 'devices_per_worker': 1, 'primary_resource': 'extra_gpu', 'gpu': False, 'verbose': False, 'trial_id': 'a13717a7', 'batch_per_device': 64}",25.896815538406372,0,4,104.86461691753045,{'9fcae7fbdd5b1bc646a4dd629b3224697402c05e': 1}
640,3200,0.064,1,40.30307745933533,False,,,5,20b882d689bf4005a271021aa0943cae,2019-04-24_20-42-58,1556138578,6.132667541503906,32.02948307991028,11747,ip-172-31-95-70,172.31.95.70,"{'starting_lr': 0.1, 'momentum': 0.9, 'weight_decay': 0.0005, 'steps_per_iteration': None, 'pin': False, 'model_creator': None, 'target_batch_size': 64, 'model_string': 'resnet101', 'min_batch_size': 64, 'dataset': 'CIFAR', 'placement': [2, 2], 'use_nccl': False, 'devices_per_worker': 1, 'primary_resource': 'extra_gpu', 'gpu': False, 'verbose': False, 'trial_id': 'a13717a7', 'batch_per_device': 64}",32.02948307991028,0,5,104.30699961202843,{'9fcae7fbdd5b1bc646a4dd629b3224697402c05e': 1}
640,3840,0.0768,1,46.40782046318054,False,,,6,20b882d689bf4005a271021aa0943cae,2019-04-24_20-43-04,1556138584,6.096099853515625,38.1255829334259,11747,ip-172-31-95-70,172.31.95.70,"{'starting_lr': 0.1, 'momentum': 0.9, 'weight_decay': 0.0005, 'steps_per_iteration': None, 'pin': False, 'model_creator': None, 'target_batch_size': 64, 'model_string': 'resnet101', 'min_batch_size': 64, 'dataset': 'CIFAR', 'placement': [2, 2], 'use_nccl': False, 'devices_per_worker': 1, 'primary_resource': 'extra_gpu', 'gpu': False, 'verbose': False, 'trial_id': 'a13717a7', 'batch_per_device': 64}",38.1255829334259,0,6,104.66981784924721,{'9fcae7fbdd5b1bc646a4dd629b3224697402c05e': 1}
640,4480,0.0896,1,52.33006048202515,False,,,7,20b882d689bf4005a271021aa0943cae,2019-04-24_20-43-10,1556138590,5.91511344909668,44.04069638252258,11747,ip-172-31-95-70,172.31.95.70,"{'starting_lr': 0.1, 'momentum': 0.9, 'weight_decay': 0.0005, 'steps_per_iteration': None, 'pin': False, 'model_creator': None, 'target_batch_size': 64, 'model_string': 'resnet101', 'min_batch_size': 64, 'dataset': 'CIFAR', 'placement': [2, 2], 'use_nccl': False, 'devices_per_worker': 1, 'primary_resource': 'extra_gpu', 'gpu': False, 'verbose': False, 'trial_id': 'a13717a7', 'batch_per_device': 64}",44.04069638252258,0,7,106.56567078705206,{'9fcae7fbdd5b1bc646a4dd629b3224697402c05e': 1}
640,5120,0.1024,1,57.550644636154175,False,,,8,20b882d689bf4005a271021aa0943cae,2019-04-24_20-43-15,1556138595,5.2135984897613525,49.254294872283936,11747,ip-172-31-95-70,172.31.95.70,"{'starting_lr': 0.1, 'momentum': 0.9, 'weight_decay': 0.0005, 'steps_per_iteration': None, 'pin': False, 'model_creator': None, 'target_batch_size': 64, 'model_string': 'resnet101', 'min_batch_size': 64, 'dataset': 'CIFAR', 'placement': [2, 2], 'use_nccl': False, 'devices_per_worker': 1, 'primary_resource': 'extra_gpu', 'gpu': False, 'verbose': False, 'trial_id': 'a13717a7', 'batch_per_device': 64}",49.254294872283936,0,8,115.01615476455974,{'9fcae7fbdd5b1bc646a4dd629b3224697402c05e': 1}
640,5760,0.1152,1,62.76332211494446,False,,,9,20b882d689bf4005a271021aa0943cae,2019-04-24_20-43-20,1556138600,5.205719947814941,54.46001482009888,11747,ip-172-31-95-70,172.31.95.70,"{'starting_lr': 0.1, 'momentum': 0.9, 'weight_decay': 0.0005, 'steps_per_iteration': None, 'pin': False, 'model_creator': None, 'target_batch_size': 64, 'model_string': 'resnet101', 'min_batch_size': 64, 'dataset': 'CIFAR', 'placement': [2, 2], 'use_nccl': False, 'devices_per_worker': 1, 'primary_resource': 'extra_gpu', 'gpu': False, 'verbose': False, 'trial_id': 'a13717a7', 'batch_per_device': 64}",54.46001482009888,0,9,122.84689079845927,{'9fcae7fbdd5b1bc646a4dd629b3224697402c05e': 1}
640,6400,0.128,1,68.27486991882324,False,,,10,20b882d689bf4005a271021aa0943cae,2019-04-24_20-43-26,1556138606,5.5047056674957275,59.964720487594604,11747,ip-172-31-95-70,172.31.95.70,"{'starting_lr': 0.1, 'momentum': 0.9, 'weight_decay': 0.0005, 'steps_per_iteration': None, 'pin': False, 'model_creator': None, 'target_batch_size': 64, 'model_string': 'resnet101', 'min_batch_size': 64, 'dataset': 'CIFAR', 'placement': [2, 2], 'use_nccl': False, 'devices_per_worker': 1, 'primary_resource': 'extra_gpu', 'gpu': False, 'verbose': False, 'trial_id': 'a13717a7', 'batch_per_device': 64}",59.964720487594604,0,10,119.50785827331906,{'9fcae7fbdd5b1bc646a4dd629b3224697402c05e': 1}
640,7040,0.1408,1,73.64950275421143,False,,,11,20b882d689bf4005a271021aa0943cae,2019-04-24_20-43-31,1556138611,5.367518663406372,65.33223915100098,11747,ip-172-31-95-70,172.31.95.70,"{'starting_lr': 0.1, 'momentum': 0.9, 'weight_decay': 0.0005, 'steps_per_iteration': None, 'pin': False, 'model_creator': None, 'target_batch_size': 64, 'model_string': 'resnet101', 'min_batch_size': 64, 'dataset': 'CIFAR', 'placement': [2, 2], 'use_nccl': False, 'devices_per_worker': 1, 'primary_resource': 'extra_gpu', 'gpu': False, 'verbose': False, 'trial_id': 'a13717a7', 'batch_per_device': 64}",65.33223915100098,0,11,117.72932152461877,{'9fcae7fbdd5b1bc646a4dd629b3224697402c05e': 1}
640,7680,0.1536,1,78.55666041374207,False,,,12,20b882d689bf4005a271021aa0943cae,2019-04-24_20-43-36,1556138616,4.900083065032959,70.23232221603394,11747,ip-172-31-95-70,172.31.95.70,"{'starting_lr': 0.1, 'momentum': 0.9, 'weight_decay': 0.0005, 'steps_per_iteration': None, 'pin': False, 'model_creator': None, 'target_batch_size': 64, 'model_string': 'resnet101', 'min_batch_size': 64, 'dataset': 'CIFAR', 'placement': [2, 2], 'use_nccl': False, 'devices_per_worker': 1, 'primary_resource': 'extra_gpu', 'gpu': False, 'verbose': False, 'trial_id': 'a13717a7', 'batch_per_device': 64}",70.23232221603394,0,12,124.66201088001426,{'9fcae7fbdd5b1bc646a4dd629b3224697402c05e': 1}
640,8320,0.1664,1,83.95645952224731,False,,,13,20b882d689bf4005a271021aa0943cae,2019-04-24_20-43-41,1556138621,5.394792079925537,75.62711429595947,11747,ip-172-31-95-70,172.31.95.70,"{'starting_lr': 0.1, 'momentum': 0.9, 'weight_decay': 0.0005, 'steps_per_iteration': None, 'pin': False, 'model_creator': None, 'target_batch_size': 64, 'model_string': 'resnet101', 'min_batch_size': 64, 'dataset': 'CIFAR', 'placement': [2, 2], 'use_nccl': False, 'devices_per_worker': 1, 'primary_resource': 'extra_gpu', 'gpu': False, 'verbose': False, 'trial_id': 'a13717a7', 'batch_per_device': 64}",75.62711429595947,0,13,124.33160314916661,{'9fcae7fbdd5b1bc646a4dd629b3224697402c05e': 1}
640,8960,0.1792,1,88.57130146026611,False,,,14,20b882d689bf4005a271021aa0943cae,2019-04-24_20-43-46,1556138626,4.59718656539917,80.22430086135864,11747,ip-172-31-95-70,172.31.95.70,"{'starting_lr': 0.1, 'momentum': 0.9, 'weight_decay': 0.0005, 'steps_per_iteration': None, 'pin': False, 'model_creator': None, 'target_batch_size': 64, 'model_string': 'resnet101', 'min_batch_size': 64, 'dataset': 'CIFAR', 'placement': [2, 2], 'use_nccl': False, 'devices_per_worker': 1, 'primary_resource': 'extra_gpu', 'gpu': False, 'verbose': False, 'trial_id': 'a13717a7', 'batch_per_device': 64}",80.22430086135864,0,14,128.10048776265066,{'9fcae7fbdd5b1bc646a4dd629b3224697402c05e': 1}
640,9600,0.192,1,93.2693555355072,False,,,15,20b882d689bf4005a271021aa0943cae,2019-04-24_20-43-51,1556138631,4.6933066844940186,84.91760754585266,11747,ip-172-31-95-70,172.31.95.70,"{'starting_lr': 0.1, 'momentum': 0.9, 'weight_decay': 0.0005, 'steps_per_iteration': None, 'pin': False, 'model_creator': None, 'target_batch_size': 64, 'model_string': 'resnet101', 'min_batch_size': 64, 'dataset': 'CIFAR', 'placement': [2, 2], 'use_nccl': False, 'devices_per_worker': 1, 'primary_resource': 'extra_gpu', 'gpu': False, 'verbose': False, 'trial_id': 'a13717a7', 'batch_per_device': 64}",84.91760754585266,0,15,137.77286021689483,{'9fcae7fbdd5b1bc646a4dd629b3224697402c05e': 1}
640,10240,0.2048,1,97.85345959663391,False,,,16,20b882d689bf4005a271021aa0943cae,2019-04-24_20-43-55,1556138635,4.577031850814819,89.49463939666748,11747,ip-172-31-95-70,172.31.95.70,"{'starting_lr': 0.1, 'momentum': 0.9, 'weight_decay': 0.0005, 'steps_per_iteration': None, 'pin': False, 'model_creator': None, 'target_batch_size': 64, 'model_string': 'resnet101', 'min_batch_size': 64, 'dataset': 'CIFAR', 'placement': [2, 2], 'use_nccl': False, 'devices_per_worker': 1, 'primary_resource': 'extra_gpu', 'gpu': False, 'verbose': False, 'trial_id': 'a13717a7', 'batch_per_device': 64}",89.49463939666748,0,16,138.07231703738825,{'9fcae7fbdd5b1bc646a4dd629b3224697402c05e': 1}
640,10880,0.2176,1,102.4493761062622,False,,,17,20b882d689bf4005a271021aa0943cae,2019-04-24_20-44-00,1556138640,4.590017318725586,94.08465671539307,11747,ip-172-31-95-70,172.31.95.70,"{'starting_lr': 0.1, 'momentum': 0.9, 'weight_decay': 0.0005, 'steps_per_iteration': None, 'pin': False, 'model_creator': None, 'target_batch_size': 64, 'model_string': 'resnet101', 'min_batch_size': 64, 'dataset': 'CIFAR', 'placement': [2, 2], 'use_nccl': False, 'devices_per_worker': 1, 'primary_resource': 'extra_gpu', 'gpu': False, 'verbose': False, 'trial_id': 'a13717a7', 'batch_per_device': 64}",94.08465671539307,0,17,139.62802057857664,{'9fcae7fbdd5b1bc646a4dd629b3224697402c05e': 1}
640,11520,0.2304,1,107.40727829933167,False,,,18,20b882d689bf4005a271021aa0943cae,2019-04-24_20-44-05,1556138645,4.95103120803833,99.0356879234314,11747,ip-172-31-95-70,172.31.95.70,"{'starting_lr': 0.1, 'momentum': 0.9, 'weight_decay': 0.0005, 'steps_per_iteration': None, 'pin': False, 'model_creator': None, 'target_batch_size': 64, 'model_string': 'resnet101', 'min_batch_size': 64, 'dataset': 'CIFAR', 'placement': [2, 2], 'use_nccl': False, 'devices_per_worker': 1, 'primary_resource': 'extra_gpu', 'gpu': False, 'verbose': False, 'trial_id': 'a13717a7', 'batch_per_device': 64}",99.0356879234314,0,18,134.15493007723086,{'9fcae7fbdd5b1bc646a4dd629b3224697402c05e': 1}
640,12160,0.2432,1,112.27847981452942,False,,,19,20b882d689bf4005a271021aa0943cae,2019-04-24_20-44-10,1556138650,4.866472244262695,103.90216016769409,11747,ip-172-31-95-70,172.31.95.70,"{'starting_lr': 0.1, 'momentum': 0.9, 'weight_decay': 0.0005, 'steps_per_iteration': None, 'pin': False, 'model_creator': None, 'target_batch_size': 64, 'model_string': 'resnet101', 'min_batch_size': 64, 'dataset': 'CIFAR', 'placement': [2, 2], 'use_nccl': False, 'devices_per_worker': 1, 'primary_resource': 'extra_gpu', 'gpu': False, 'verbose': False, 'trial_id': 'a13717a7', 'batch_per_device': 64}",103.90216016769409,0,19,130.37710847343885,{'9fcae7fbdd5b1bc646a4dd629b3224697402c05e': 1}
640,12800,0.256,1,117.00134873390198,False,,,20,20b882d689bf4005a271021aa0943cae,2019-04-24_20-44-14,1556138654,4.715651512145996,108.61781167984009,11747,ip-172-31-95-70,172.31.95.70,"{'starting_lr': 0.1, 'momentum': 0.9, 'weight_decay': 0.0005, 'steps_per_iteration': None, 'pin': False, 'model_creator': None, 'target_batch_size': 64, 'model_string': 'resnet101', 'min_batch_size': 64, 'dataset': 'CIFAR', 'placement': [2, 2], 'use_nccl': False, 'devices_per_worker': 1, 'primary_resource': 'extra_gpu', 'gpu': False, 'verbose': False, 'trial_id': 'a13717a7', 'batch_per_device': 64}",108.61781167984009,0,20,133.5796680182523,{'9fcae7fbdd5b1bc646a4dd629b3224697402c05e': 1}
640,13440,0.2688,1,122.0286214351654,True,,,21,20b882d689bf4005a271021aa0943cae,2019-04-24_20-44-19,1556138659,5.02243447303772,113.64024615287781,11747,ip-172-31-95-70,172.31.95.70,"{'starting_lr': 0.1, 'momentum': 0.9, 'weight_decay': 0.0005, 'steps_per_iteration': None, 'pin': False, 'model_creator': None, 'target_batch_size': 64, 'model_string': 'resnet101', 'min_batch_size': 64, 'dataset': 'CIFAR', 'placement': [2, 2], 'use_nccl': False, 'devices_per_worker': 1, 'primary_resource': 'extra_gpu', 'gpu': False, 'verbose': False, 'trial_id': 'a13717a7', 'batch_per_device': 64}",113.64024615287781,0,21,131.4401382837904,{'9fcae7fbdd5b1bc646a4dd629b3224697402c05e': 1}
