{"data_this_epoch": 640, "total_data_processed": 640, "epochs_processed": 0.0128, "num_workers": 1, "time_since_start": 15.855452060699463, "done": false, "timesteps_total": null, "episodes_total": null, "training_iteration": 1, "experiment_id": "20b882d689bf4005a271021aa0943cae", "date": "2019-04-24_20-42-33", "timestamp": 1556138553, "time_this_iter_s": 7.611900806427002, "time_total_s": 7.611900806427002, "pid": 11747, "hostname": "ip-172-31-95-70", "node_ip": "172.31.95.70", "config": {"starting_lr": 0.1, "momentum": 0.9, "weight_decay": 0.0005, "steps_per_iteration": null, "pin": false, "model_creator": null, "target_batch_size": 64, "model_string": "resnet101", "min_batch_size": 64, "dataset": "CIFAR", "placement": [2, 2], "use_nccl": false, "devices_per_worker": 1, "primary_resource": "extra_gpu", "gpu": false, "verbose": false, "trial_id": "a13717a7", "batch_per_device": 64}, "time_since_restore": 7.611900806427002, "timesteps_since_restore": 0, "iterations_since_restore": 1, "train_throughput": 84.07781683385784, "locations": {"9fcae7fbdd5b1bc646a4dd629b3224697402c05e": 1}}
{"data_this_epoch": 640, "total_data_processed": 1280, "epochs_processed": 0.0256, "num_workers": 1, "time_since_start": 21.94293975830078, "done": false, "timesteps_total": null, "episodes_total": null, "training_iteration": 2, "experiment_id": "20b882d689bf4005a271021aa0943cae", "date": "2019-04-24_20-42-39", "timestamp": 1556138559, "time_this_iter_s": 6.078860282897949, "time_total_s": 13.690761089324951, "pid": 11747, "hostname": "ip-172-31-95-70", "node_ip": "172.31.95.70", "config": {"starting_lr": 0.1, "momentum": 0.9, "weight_decay": 0.0005, "steps_per_iteration": null, "pin": false, "model_creator": null, "target_batch_size": 64, "model_string": "resnet101", "min_batch_size": 64, "dataset": "CIFAR", "placement": [2, 2], "use_nccl": false, "devices_per_worker": 1, "primary_resource": "extra_gpu", "gpu": false, "verbose": false, "trial_id": "a13717a7", "batch_per_device": 64}, "time_since_restore": 13.690761089324951, "timesteps_since_restore": 0, "iterations_since_restore": 2, "train_throughput": 93.49251640583036, "locations": {"9fcae7fbdd5b1bc646a4dd629b3224697402c05e": 1}}
{"data_this_epoch": 640, "total_data_processed": 1920, "epochs_processed": 0.0384, "num_workers": 1, "time_since_start": 28.017357110977173, "done": false, "timesteps_total": null, "episodes_total": null, "training_iteration": 3, "experiment_id": "20b882d689bf4005a271021aa0943cae", "date": "2019-04-24_20-42-45", "timestamp": 1556138565, "time_this_iter_s": 6.067420721054077, "time_total_s": 19.75818181037903, "pid": 11747, "hostname": "ip-172-31-95-70", "node_ip": "172.31.95.70", "config": {"starting_lr": 0.1, "momentum": 0.9, "weight_decay": 0.0005, "steps_per_iteration": null, "pin": false, "model_creator": null, "target_batch_size": 64, "model_string": "resnet101", "min_batch_size": 64, "dataset": "CIFAR", "placement": [2, 2], "use_nccl": false, "devices_per_worker": 1, "primary_resource": "extra_gpu", "gpu": false, "verbose": false, "trial_id": "a13717a7", "batch_per_device": 64}, "time_since_restore": 19.75818181037903, "timesteps_since_restore": 0, "iterations_since_restore": 3, "train_throughput": 105.3806771616119, "locations": {"9fcae7fbdd5b1bc646a4dd629b3224697402c05e": 1}}
{"data_this_epoch": 640, "total_data_processed": 2560, "epochs_processed": 0.0512, "num_workers": 1, "time_since_start": 34.16283082962036, "done": false, "timesteps_total": null, "episodes_total": null, "training_iteration": 4, "experiment_id": "20b882d689bf4005a271021aa0943cae", "date": "2019-04-24_20-42-51", "timestamp": 1556138571, "time_this_iter_s": 6.138633728027344, "time_total_s": 25.896815538406372, "pid": 11747, "hostname": "ip-172-31-95-70", "node_ip": "172.31.95.70", "config": {"starting_lr": 0.1, "momentum": 0.9, "weight_decay": 0.0005, "steps_per_iteration": null, "pin": false, "model_creator": null, "target_batch_size": 64, "model_string": "resnet101", "min_batch_size": 64, "dataset": "CIFAR", "placement": [2, 2], "use_nccl": false, "devices_per_worker": 1, "primary_resource": "extra_gpu", "gpu": false, "verbose": false, "trial_id": "a13717a7", "batch_per_device": 64}, "time_since_restore": 25.896815538406372, "timesteps_since_restore": 0, "iterations_since_restore": 4, "train_throughput": 104.86461691753045, "locations": {"9fcae7fbdd5b1bc646a4dd629b3224697402c05e": 1}}
{"data_this_epoch": 640, "total_data_processed": 3200, "epochs_processed": 0.064, "num_workers": 1, "time_since_start": 40.30307745933533, "done": false, "timesteps_total": null, "episodes_total": null, "training_iteration": 5, "experiment_id": "20b882d689bf4005a271021aa0943cae", "date": "2019-04-24_20-42-58", "timestamp": 1556138578, "time_this_iter_s": 6.132667541503906, "time_total_s": 32.02948307991028, "pid": 11747, "hostname": "ip-172-31-95-70", "node_ip": "172.31.95.70", "config": {"starting_lr": 0.1, "momentum": 0.9, "weight_decay": 0.0005, "steps_per_iteration": null, "pin": false, "model_creator": null, "target_batch_size": 64, "model_string": "resnet101", "min_batch_size": 64, "dataset": "CIFAR", "placement": [2, 2], "use_nccl": false, "devices_per_worker": 1, "primary_resource": "extra_gpu", "gpu": false, "verbose": false, "trial_id": "a13717a7", "batch_per_device": 64}, "time_since_restore": 32.02948307991028, "timesteps_since_restore": 0, "iterations_since_restore": 5, "train_throughput": 104.30699961202843, "locations": {"9fcae7fbdd5b1bc646a4dd629b3224697402c05e": 1}}
{"data_this_epoch": 640, "total_data_processed": 3840, "epochs_processed": 0.0768, "num_workers": 1, "time_since_start": 46.40782046318054, "done": false, "timesteps_total": null, "episodes_total": null, "training_iteration": 6, "experiment_id": "20b882d689bf4005a271021aa0943cae", "date": "2019-04-24_20-43-04", "timestamp": 1556138584, "time_this_iter_s": 6.096099853515625, "time_total_s": 38.1255829334259, "pid": 11747, "hostname": "ip-172-31-95-70", "node_ip": "172.31.95.70", "config": {"starting_lr": 0.1, "momentum": 0.9, "weight_decay": 0.0005, "steps_per_iteration": null, "pin": false, "model_creator": null, "target_batch_size": 64, "model_string": "resnet101", "min_batch_size": 64, "dataset": "CIFAR", "placement": [2, 2], "use_nccl": false, "devices_per_worker": 1, "primary_resource": "extra_gpu", "gpu": false, "verbose": false, "trial_id": "a13717a7", "batch_per_device": 64}, "time_since_restore": 38.1255829334259, "timesteps_since_restore": 0, "iterations_since_restore": 6, "train_throughput": 104.66981784924721, "locations": {"9fcae7fbdd5b1bc646a4dd629b3224697402c05e": 1}}
{"data_this_epoch": 640, "total_data_processed": 4480, "epochs_processed": 0.0896, "num_workers": 1, "time_since_start": 52.33006048202515, "done": false, "timesteps_total": null, "episodes_total": null, "training_iteration": 7, "experiment_id": "20b882d689bf4005a271021aa0943cae", "date": "2019-04-24_20-43-10", "timestamp": 1556138590, "time_this_iter_s": 5.91511344909668, "time_total_s": 44.04069638252258, "pid": 11747, "hostname": "ip-172-31-95-70", "node_ip": "172.31.95.70", "config": {"starting_lr": 0.1, "momentum": 0.9, "weight_decay": 0.0005, "steps_per_iteration": null, "pin": false, "model_creator": null, "target_batch_size": 64, "model_string": "resnet101", "min_batch_size": 64, "dataset": "CIFAR", "placement": [2, 2], "use_nccl": false, "devices_per_worker": 1, "primary_resource": "extra_gpu", "gpu": false, "verbose": false, "trial_id": "a13717a7", "batch_per_device": 64}, "time_since_restore": 44.04069638252258, "timesteps_since_restore": 0, "iterations_since_restore": 7, "train_throughput": 106.56567078705206, "locations": {"9fcae7fbdd5b1bc646a4dd629b3224697402c05e": 1}}
{"data_this_epoch": 640, "total_data_processed": 5120, "epochs_processed": 0.1024, "num_workers": 1, "time_since_start": 57.550644636154175, "done": false, "timesteps_total": null, "episodes_total": null, "training_iteration": 8, "experiment_id": "20b882d689bf4005a271021aa0943cae", "date": "2019-04-24_20-43-15", "timestamp": 1556138595, "time_this_iter_s": 5.2135984897613525, "time_total_s": 49.254294872283936, "pid": 11747, "hostname": "ip-172-31-95-70", "node_ip": "172.31.95.70", "config": {"starting_lr": 0.1, "momentum": 0.9, "weight_decay": 0.0005, "steps_per_iteration": null, "pin": false, "model_creator": null, "target_batch_size": 64, "model_string": "resnet101", "min_batch_size": 64, "dataset": "CIFAR", "placement": [2, 2], "use_nccl": false, "devices_per_worker": 1, "primary_resource": "extra_gpu", "gpu": false, "verbose": false, "trial_id": "a13717a7", "batch_per_device": 64}, "time_since_restore": 49.254294872283936, "timesteps_since_restore": 0, "iterations_since_restore": 8, "train_throughput": 115.01615476455974, "locations": {"9fcae7fbdd5b1bc646a4dd629b3224697402c05e": 1}}
{"data_this_epoch": 640, "total_data_processed": 5760, "epochs_processed": 0.1152, "num_workers": 1, "time_since_start": 62.76332211494446, "done": false, "timesteps_total": null, "episodes_total": null, "training_iteration": 9, "experiment_id": "20b882d689bf4005a271021aa0943cae", "date": "2019-04-24_20-43-20", "timestamp": 1556138600, "time_this_iter_s": 5.205719947814941, "time_total_s": 54.46001482009888, "pid": 11747, "hostname": "ip-172-31-95-70", "node_ip": "172.31.95.70", "config": {"starting_lr": 0.1, "momentum": 0.9, "weight_decay": 0.0005, "steps_per_iteration": null, "pin": false, "model_creator": null, "target_batch_size": 64, "model_string": "resnet101", "min_batch_size": 64, "dataset": "CIFAR", "placement": [2, 2], "use_nccl": false, "devices_per_worker": 1, "primary_resource": "extra_gpu", "gpu": false, "verbose": false, "trial_id": "a13717a7", "batch_per_device": 64}, "time_since_restore": 54.46001482009888, "timesteps_since_restore": 0, "iterations_since_restore": 9, "train_throughput": 122.84689079845927, "locations": {"9fcae7fbdd5b1bc646a4dd629b3224697402c05e": 1}}
{"data_this_epoch": 640, "total_data_processed": 6400, "epochs_processed": 0.128, "num_workers": 1, "time_since_start": 68.27486991882324, "done": false, "timesteps_total": null, "episodes_total": null, "training_iteration": 10, "experiment_id": "20b882d689bf4005a271021aa0943cae", "date": "2019-04-24_20-43-26", "timestamp": 1556138606, "time_this_iter_s": 5.5047056674957275, "time_total_s": 59.964720487594604, "pid": 11747, "hostname": "ip-172-31-95-70", "node_ip": "172.31.95.70", "config": {"starting_lr": 0.1, "momentum": 0.9, "weight_decay": 0.0005, "steps_per_iteration": null, "pin": false, "model_creator": null, "target_batch_size": 64, "model_string": "resnet101", "min_batch_size": 64, "dataset": "CIFAR", "placement": [2, 2], "use_nccl": false, "devices_per_worker": 1, "primary_resource": "extra_gpu", "gpu": false, "verbose": false, "trial_id": "a13717a7", "batch_per_device": 64}, "time_since_restore": 59.964720487594604, "timesteps_since_restore": 0, "iterations_since_restore": 10, "train_throughput": 119.50785827331906, "locations": {"9fcae7fbdd5b1bc646a4dd629b3224697402c05e": 1}}
{"data_this_epoch": 640, "total_data_processed": 7040, "epochs_processed": 0.1408, "num_workers": 1, "time_since_start": 73.64950275421143, "done": false, "timesteps_total": null, "episodes_total": null, "training_iteration": 11, "experiment_id": "20b882d689bf4005a271021aa0943cae", "date": "2019-04-24_20-43-31", "timestamp": 1556138611, "time_this_iter_s": 5.367518663406372, "time_total_s": 65.33223915100098, "pid": 11747, "hostname": "ip-172-31-95-70", "node_ip": "172.31.95.70", "config": {"starting_lr": 0.1, "momentum": 0.9, "weight_decay": 0.0005, "steps_per_iteration": null, "pin": false, "model_creator": null, "target_batch_size": 64, "model_string": "resnet101", "min_batch_size": 64, "dataset": "CIFAR", "placement": [2, 2], "use_nccl": false, "devices_per_worker": 1, "primary_resource": "extra_gpu", "gpu": false, "verbose": false, "trial_id": "a13717a7", "batch_per_device": 64}, "time_since_restore": 65.33223915100098, "timesteps_since_restore": 0, "iterations_since_restore": 11, "train_throughput": 117.72932152461877, "locations": {"9fcae7fbdd5b1bc646a4dd629b3224697402c05e": 1}}
{"data_this_epoch": 640, "total_data_processed": 7680, "epochs_processed": 0.1536, "num_workers": 1, "time_since_start": 78.55666041374207, "done": false, "timesteps_total": null, "episodes_total": null, "training_iteration": 12, "experiment_id": "20b882d689bf4005a271021aa0943cae", "date": "2019-04-24_20-43-36", "timestamp": 1556138616, "time_this_iter_s": 4.900083065032959, "time_total_s": 70.23232221603394, "pid": 11747, "hostname": "ip-172-31-95-70", "node_ip": "172.31.95.70", "config": {"starting_lr": 0.1, "momentum": 0.9, "weight_decay": 0.0005, "steps_per_iteration": null, "pin": false, "model_creator": null, "target_batch_size": 64, "model_string": "resnet101", "min_batch_size": 64, "dataset": "CIFAR", "placement": [2, 2], "use_nccl": false, "devices_per_worker": 1, "primary_resource": "extra_gpu", "gpu": false, "verbose": false, "trial_id": "a13717a7", "batch_per_device": 64}, "time_since_restore": 70.23232221603394, "timesteps_since_restore": 0, "iterations_since_restore": 12, "train_throughput": 124.66201088001426, "locations": {"9fcae7fbdd5b1bc646a4dd629b3224697402c05e": 1}}
{"data_this_epoch": 640, "total_data_processed": 8320, "epochs_processed": 0.1664, "num_workers": 1, "time_since_start": 83.95645952224731, "done": false, "timesteps_total": null, "episodes_total": null, "training_iteration": 13, "experiment_id": "20b882d689bf4005a271021aa0943cae", "date": "2019-04-24_20-43-41", "timestamp": 1556138621, "time_this_iter_s": 5.394792079925537, "time_total_s": 75.62711429595947, "pid": 11747, "hostname": "ip-172-31-95-70", "node_ip": "172.31.95.70", "config": {"starting_lr": 0.1, "momentum": 0.9, "weight_decay": 0.0005, "steps_per_iteration": null, "pin": false, "model_creator": null, "target_batch_size": 64, "model_string": "resnet101", "min_batch_size": 64, "dataset": "CIFAR", "placement": [2, 2], "use_nccl": false, "devices_per_worker": 1, "primary_resource": "extra_gpu", "gpu": false, "verbose": false, "trial_id": "a13717a7", "batch_per_device": 64}, "time_since_restore": 75.62711429595947, "timesteps_since_restore": 0, "iterations_since_restore": 13, "train_throughput": 124.33160314916661, "locations": {"9fcae7fbdd5b1bc646a4dd629b3224697402c05e": 1}}
{"data_this_epoch": 640, "total_data_processed": 8960, "epochs_processed": 0.1792, "num_workers": 1, "time_since_start": 88.57130146026611, "done": false, "timesteps_total": null, "episodes_total": null, "training_iteration": 14, "experiment_id": "20b882d689bf4005a271021aa0943cae", "date": "2019-04-24_20-43-46", "timestamp": 1556138626, "time_this_iter_s": 4.59718656539917, "time_total_s": 80.22430086135864, "pid": 11747, "hostname": "ip-172-31-95-70", "node_ip": "172.31.95.70", "config": {"starting_lr": 0.1, "momentum": 0.9, "weight_decay": 0.0005, "steps_per_iteration": null, "pin": false, "model_creator": null, "target_batch_size": 64, "model_string": "resnet101", "min_batch_size": 64, "dataset": "CIFAR", "placement": [2, 2], "use_nccl": false, "devices_per_worker": 1, "primary_resource": "extra_gpu", "gpu": false, "verbose": false, "trial_id": "a13717a7", "batch_per_device": 64}, "time_since_restore": 80.22430086135864, "timesteps_since_restore": 0, "iterations_since_restore": 14, "train_throughput": 128.10048776265066, "locations": {"9fcae7fbdd5b1bc646a4dd629b3224697402c05e": 1}}
{"data_this_epoch": 640, "total_data_processed": 9600, "epochs_processed": 0.192, "num_workers": 1, "time_since_start": 93.2693555355072, "done": false, "timesteps_total": null, "episodes_total": null, "training_iteration": 15, "experiment_id": "20b882d689bf4005a271021aa0943cae", "date": "2019-04-24_20-43-51", "timestamp": 1556138631, "time_this_iter_s": 4.6933066844940186, "time_total_s": 84.91760754585266, "pid": 11747, "hostname": "ip-172-31-95-70", "node_ip": "172.31.95.70", "config": {"starting_lr": 0.1, "momentum": 0.9, "weight_decay": 0.0005, "steps_per_iteration": null, "pin": false, "model_creator": null, "target_batch_size": 64, "model_string": "resnet101", "min_batch_size": 64, "dataset": "CIFAR", "placement": [2, 2], "use_nccl": false, "devices_per_worker": 1, "primary_resource": "extra_gpu", "gpu": false, "verbose": false, "trial_id": "a13717a7", "batch_per_device": 64}, "time_since_restore": 84.91760754585266, "timesteps_since_restore": 0, "iterations_since_restore": 15, "train_throughput": 137.77286021689483, "locations": {"9fcae7fbdd5b1bc646a4dd629b3224697402c05e": 1}}
{"data_this_epoch": 640, "total_data_processed": 10240, "epochs_processed": 0.2048, "num_workers": 1, "time_since_start": 97.85345959663391, "done": false, "timesteps_total": null, "episodes_total": null, "training_iteration": 16, "experiment_id": "20b882d689bf4005a271021aa0943cae", "date": "2019-04-24_20-43-55", "timestamp": 1556138635, "time_this_iter_s": 4.577031850814819, "time_total_s": 89.49463939666748, "pid": 11747, "hostname": "ip-172-31-95-70", "node_ip": "172.31.95.70", "config": {"starting_lr": 0.1, "momentum": 0.9, "weight_decay": 0.0005, "steps_per_iteration": null, "pin": false, "model_creator": null, "target_batch_size": 64, "model_string": "resnet101", "min_batch_size": 64, "dataset": "CIFAR", "placement": [2, 2], "use_nccl": false, "devices_per_worker": 1, "primary_resource": "extra_gpu", "gpu": false, "verbose": false, "trial_id": "a13717a7", "batch_per_device": 64}, "time_since_restore": 89.49463939666748, "timesteps_since_restore": 0, "iterations_since_restore": 16, "train_throughput": 138.07231703738825, "locations": {"9fcae7fbdd5b1bc646a4dd629b3224697402c05e": 1}}
{"data_this_epoch": 640, "total_data_processed": 10880, "epochs_processed": 0.2176, "num_workers": 1, "time_since_start": 102.4493761062622, "done": false, "timesteps_total": null, "episodes_total": null, "training_iteration": 17, "experiment_id": "20b882d689bf4005a271021aa0943cae", "date": "2019-04-24_20-44-00", "timestamp": 1556138640, "time_this_iter_s": 4.590017318725586, "time_total_s": 94.08465671539307, "pid": 11747, "hostname": "ip-172-31-95-70", "node_ip": "172.31.95.70", "config": {"starting_lr": 0.1, "momentum": 0.9, "weight_decay": 0.0005, "steps_per_iteration": null, "pin": false, "model_creator": null, "target_batch_size": 64, "model_string": "resnet101", "min_batch_size": 64, "dataset": "CIFAR", "placement": [2, 2], "use_nccl": false, "devices_per_worker": 1, "primary_resource": "extra_gpu", "gpu": false, "verbose": false, "trial_id": "a13717a7", "batch_per_device": 64}, "time_since_restore": 94.08465671539307, "timesteps_since_restore": 0, "iterations_since_restore": 17, "train_throughput": 139.62802057857664, "locations": {"9fcae7fbdd5b1bc646a4dd629b3224697402c05e": 1}}
{"data_this_epoch": 640, "total_data_processed": 11520, "epochs_processed": 0.2304, "num_workers": 1, "time_since_start": 107.40727829933167, "done": false, "timesteps_total": null, "episodes_total": null, "training_iteration": 18, "experiment_id": "20b882d689bf4005a271021aa0943cae", "date": "2019-04-24_20-44-05", "timestamp": 1556138645, "time_this_iter_s": 4.95103120803833, "time_total_s": 99.0356879234314, "pid": 11747, "hostname": "ip-172-31-95-70", "node_ip": "172.31.95.70", "config": {"starting_lr": 0.1, "momentum": 0.9, "weight_decay": 0.0005, "steps_per_iteration": null, "pin": false, "model_creator": null, "target_batch_size": 64, "model_string": "resnet101", "min_batch_size": 64, "dataset": "CIFAR", "placement": [2, 2], "use_nccl": false, "devices_per_worker": 1, "primary_resource": "extra_gpu", "gpu": false, "verbose": false, "trial_id": "a13717a7", "batch_per_device": 64}, "time_since_restore": 99.0356879234314, "timesteps_since_restore": 0, "iterations_since_restore": 18, "train_throughput": 134.15493007723086, "locations": {"9fcae7fbdd5b1bc646a4dd629b3224697402c05e": 1}}
{"data_this_epoch": 640, "total_data_processed": 12160, "epochs_processed": 0.2432, "num_workers": 1, "time_since_start": 112.27847981452942, "done": false, "timesteps_total": null, "episodes_total": null, "training_iteration": 19, "experiment_id": "20b882d689bf4005a271021aa0943cae", "date": "2019-04-24_20-44-10", "timestamp": 1556138650, "time_this_iter_s": 4.866472244262695, "time_total_s": 103.90216016769409, "pid": 11747, "hostname": "ip-172-31-95-70", "node_ip": "172.31.95.70", "config": {"starting_lr": 0.1, "momentum": 0.9, "weight_decay": 0.0005, "steps_per_iteration": null, "pin": false, "model_creator": null, "target_batch_size": 64, "model_string": "resnet101", "min_batch_size": 64, "dataset": "CIFAR", "placement": [2, 2], "use_nccl": false, "devices_per_worker": 1, "primary_resource": "extra_gpu", "gpu": false, "verbose": false, "trial_id": "a13717a7", "batch_per_device": 64}, "time_since_restore": 103.90216016769409, "timesteps_since_restore": 0, "iterations_since_restore": 19, "train_throughput": 130.37710847343885, "locations": {"9fcae7fbdd5b1bc646a4dd629b3224697402c05e": 1}}
{"data_this_epoch": 640, "total_data_processed": 12800, "epochs_processed": 0.256, "num_workers": 1, "time_since_start": 117.00134873390198, "done": false, "timesteps_total": null, "episodes_total": null, "training_iteration": 20, "experiment_id": "20b882d689bf4005a271021aa0943cae", "date": "2019-04-24_20-44-14", "timestamp": 1556138654, "time_this_iter_s": 4.715651512145996, "time_total_s": 108.61781167984009, "pid": 11747, "hostname": "ip-172-31-95-70", "node_ip": "172.31.95.70", "config": {"starting_lr": 0.1, "momentum": 0.9, "weight_decay": 0.0005, "steps_per_iteration": null, "pin": false, "model_creator": null, "target_batch_size": 64, "model_string": "resnet101", "min_batch_size": 64, "dataset": "CIFAR", "placement": [2, 2], "use_nccl": false, "devices_per_worker": 1, "primary_resource": "extra_gpu", "gpu": false, "verbose": false, "trial_id": "a13717a7", "batch_per_device": 64}, "time_since_restore": 108.61781167984009, "timesteps_since_restore": 0, "iterations_since_restore": 20, "train_throughput": 133.5796680182523, "locations": {"9fcae7fbdd5b1bc646a4dd629b3224697402c05e": 1}}
{"data_this_epoch": 640, "total_data_processed": 13440, "epochs_processed": 0.2688, "num_workers": 1, "time_since_start": 122.0286214351654, "done": true, "timesteps_total": null, "episodes_total": null, "training_iteration": 21, "experiment_id": "20b882d689bf4005a271021aa0943cae", "date": "2019-04-24_20-44-19", "timestamp": 1556138659, "time_this_iter_s": 5.02243447303772, "time_total_s": 113.64024615287781, "pid": 11747, "hostname": "ip-172-31-95-70", "node_ip": "172.31.95.70", "config": {"starting_lr": 0.1, "momentum": 0.9, "weight_decay": 0.0005, "steps_per_iteration": null, "pin": false, "model_creator": null, "target_batch_size": 64, "model_string": "resnet101", "min_batch_size": 64, "dataset": "CIFAR", "placement": [2, 2], "use_nccl": false, "devices_per_worker": 1, "primary_resource": "extra_gpu", "gpu": false, "verbose": false, "trial_id": "a13717a7", "batch_per_device": 64}, "time_since_restore": 113.64024615287781, "timesteps_since_restore": 0, "iterations_since_restore": 21, "train_throughput": 131.4401382837904, "locations": {"9fcae7fbdd5b1bc646a4dd629b3224697402c05e": 1}}
